# Blender 5.2.2 LTS
# www.blender.org
mtllib RenderMesh_14652718299.mtl
o RenderMesh_14652718299
v 1.533802 0.164049 -0.160777
v 1.533307 0.162722 -0.161270
v 1.510430 -0.022874 0.143962
v 1.511492 -0.023023 0.145010
v 1.510430 -0.022874 -0.143962
v 1.511484 -0.023006 -0.145021
v 1.533802 0.164049 0.160777
v 1.532944 0.163301 0.159800
v 1.510430 -0.209796 0.143962
v 1.511482 -0.209697 0.145027
v 1.510430 -0.209796 -0.143962
v 1.511450 -0.209640 -0.145051
v 1.533802 -0.396719 0.160777
v 1.535179 -0.397162 0.161176
v 1.533802 -0.396719 -0.160777
v 1.535290 -0.396533 -0.160777
v -1.533802 0.082965 -0.000000
v -1.535302 0.082965 -0.000000
v -1.533802 0.082537 0.040334
v -1.535302 0.082537 0.040334
v -1.533802 0.099244 -0.000000
v -1.534821 0.100343 0.000062
v -1.533802 0.082537 -0.040334
v -1.534781 0.083208 -0.041252
v -1.533802 0.071026 0.028823
v -1.535302 0.071026 0.028823
v -1.533802 0.042202 0.057041
v -1.535302 0.042202 0.057041
v -1.533802 0.042202 0.040762
v -1.535302 0.042202 0.040762
v -1.533802 0.071026 -0.028823
v -1.535302 0.071026 -0.028823
v -1.533802 0.042202 -0.057041
v -1.534781 0.042027 -0.058164
v -1.533802 0.042202 -0.040762
v -1.535302 0.042202 -0.040762
v -1.533802 0.001868 -0.040334
v -1.534736 0.000864 -0.040942
v -1.533802 0.013379 -0.028823
v -1.535302 0.013379 -0.028823
v -1.533802 0.001440 -0.000000
v -1.535302 0.001440 -0.000000
v -1.533802 -0.014839 0.000000
v -1.534753 -0.015998 0.000046
v -1.533802 0.001868 0.040334
v -1.535302 0.001868 0.040334
v -1.533802 0.013379 0.028823
v -1.535302 0.013379 0.028823
v -1.533802 0.042202 0.040762
v -1.535302 0.042202 0.040762
v -1.533802 0.042202 0.057041
v -1.535302 0.042202 0.057041
v -1.349425 0.013379 -0.028823
v -1.350422 0.014191 -0.028051
v -1.349425 0.013379 0.028823
v -1.350462 0.014167 0.028079
v -1.349425 0.042202 -0.040762
v -1.350483 0.042214 -0.039698
v -1.349425 0.001440 -0.000000
v -1.350369 0.002605 0.000002
v -1.349425 0.042202 0.040762
v -1.350483 0.042190 0.039698
v -1.349425 0.071026 -0.028823
v -1.350462 0.070238 -0.028079
v -1.349425 0.071026 0.028823
v -1.350422 0.070214 0.028051
v -1.349425 0.082965 -0.000000
v -1.350369 0.081800 -0.000002
v 0.828669 0.237716 -0.107190
v 0.829665 0.238802 -0.107471
v 0.828669 0.034686 0.137973
v 0.829651 0.034403 0.139071
v 0.828669 0.034686 -0.137973
v 0.829808 0.034665 -0.138949
v 0.828669 0.218552 -0.137973
v 0.829672 0.218875 -0.139041
v 0.828669 0.237716 0.107190
v 0.829741 0.238726 0.107473
v 0.828669 0.218552 0.137973
v 0.829640 0.219365 0.138777
v 0.828669 0.013930 0.127274
v 0.829881 0.014191 0.128118
v 0.828669 0.013930 -0.127274
v 0.830169 0.013930 -0.127274
v 0.828669 0.013930 -0.127274
v 0.829223 0.013726 -0.128653
v 0.828669 -0.132761 -0.091054
v 0.829715 -0.133821 -0.091236
v 0.828669 -0.113960 -0.127274
v 0.830169 -0.113960 -0.127274
v 0.828669 -0.132761 0.091054
v 0.829745 -0.133789 0.091244
v 0.828669 -0.113960 0.127274
v 0.830169 -0.113960 0.127274
v -0.902168 0.042202 0.055911
v -0.903668 0.042202 0.055911
v -0.902168 -0.013708 0.000000
v -0.903092 -0.014825 -0.000385
v -0.902168 0.002667 0.039535
v -0.903668 0.002667 0.039535
v -0.902168 0.081737 0.039535
v -0.903213 0.082567 0.040220
v -0.902168 0.098113 -0.000000
v -0.903178 0.099206 0.000186
v -0.902168 0.081737 -0.039535
v -0.903217 0.082553 -0.040231
v -0.902168 0.042202 -0.055911
v -0.903210 0.042060 -0.056981
v -0.902168 0.002667 -0.039535
v -0.903190 0.002164 -0.040510
v -0.886061 0.060709 0.021599
v -0.887561 0.060709 0.021599
v -0.886061 0.111514 -0.026664
v -0.887253 0.111514 -0.027575
v -0.886061 0.060709 -0.021599
v -0.887561 0.060709 -0.021599
v -0.886061 0.082138 -0.037589
v -0.887561 0.082138 -0.037589
v -0.886061 0.111514 0.026664
v -0.887253 0.111514 0.027575
v -0.886061 0.082138 0.037589
v -0.887561 0.082138 0.037589
v -0.886061 0.162318 -0.021599
v -0.887013 0.163335 -0.022155
v -0.886061 0.140889 -0.037589
v -0.887561 0.140889 -0.037589
v -0.886061 0.168627 -0.000000
v -0.887075 0.169716 0.000192
v -0.886061 0.162318 0.021599
v -0.886790 0.163409 0.022327
v -0.886061 0.140889 0.037589
v -0.887561 0.140889 0.037589
v 0.726050 0.235722 -0.067183
v 0.726579 0.236905 -0.067938
v 0.726050 0.235722 0.067183
v 0.727501 0.236102 0.067183
v 0.737658 0.191353 -0.067183
v 0.739109 0.191733 -0.067183
v 0.737658 0.191353 0.067183
v 0.739109 0.191733 0.067183
v 0.697797 0.376216 0.049497
v 0.698916 0.377012 0.050101
v 0.697797 0.326719 0.056000
v 0.698889 0.326550 0.054986
v 0.697797 0.366317 0.039598
v 0.698957 0.365621 0.038949
v 0.697797 0.382719 -0.000000
v 0.698940 0.381757 -0.000135
v 0.697797 0.326719 0.070000
v 0.698909 0.326652 0.071005
v 0.697797 0.396719 -0.000000
v 0.698693 0.397922 -0.000015
v 0.697797 0.277222 0.049497
v 0.698635 0.276226 0.050243
v 0.697797 0.376216 -0.049497
v 0.698905 0.376827 -0.050303
v 0.697797 0.287121 0.039598
v 0.698891 0.287592 0.038685
v 0.697797 0.366317 -0.039598
v 0.698937 0.365628 -0.038909
v 0.697797 0.270719 -0.000000
v 0.698936 0.271682 -0.000154
v 0.697797 0.326719 -0.056000
v 0.698896 0.326558 -0.054992
v 0.697797 0.256719 -0.000000
v 0.698785 0.255591 0.000049
v 0.697797 0.326719 -0.070000
v 0.698693 0.326704 -0.071203
v 0.697797 0.277222 -0.049497
v 0.698778 0.276710 -0.050509
v 0.697797 0.287121 -0.039598
v 0.698930 0.287943 -0.039060
v 0.697797 0.266656 -0.027070
v 0.698858 0.266656 -0.028131
v 0.697797 0.228105 0.027070
v 0.698867 0.229058 0.027514
v 0.697797 0.228105 -0.027070
v 0.699297 0.228105 -0.027070
v 0.697797 0.266656 0.027070
v 0.698243 0.265701 0.028137
v 0.645214 0.258266 0.065966
v 0.644373 0.258832 0.064860
v 0.670378 0.268690 0.088422
v 0.670083 0.269807 0.089379
v 0.670378 0.268690 0.065966
v 0.670377 0.270190 0.065966
v 0.645214 0.258266 0.088422
v 0.644477 0.258944 0.089538
v 0.634791 0.233103 0.065966
v 0.633829 0.233460 0.064871
v 0.634791 0.233103 0.088422
v 0.633291 0.233103 0.088422
v 0.645214 0.207939 0.065966
v 0.644153 0.206878 0.065966
v 0.645214 0.207939 0.088422
v 0.644153 0.206878 0.088422
v 0.670378 0.197515 0.065966
v 0.670378 0.196015 0.065966
v 0.670378 0.197515 0.088422
v 0.670378 0.196015 0.088422
v 0.695542 0.207939 0.065966
v 0.696603 0.206878 0.065966
v 0.695542 0.207939 0.088422
v 0.696603 0.206878 0.088422
v 0.705965 0.233103 0.065966
v 0.707079 0.233531 0.065057
v 0.705965 0.233103 0.088422
v 0.706927 0.233460 0.089517
v 0.695542 0.258266 0.065966
v 0.696270 0.258999 0.064878
v 0.695542 0.258266 0.088422
v 0.696444 0.259111 0.089272
v 0.670378 0.268690 0.065966
v 0.670760 0.269930 0.065214
v 0.645214 0.258266 -0.088422
v 0.644481 0.258994 -0.089510
v 0.670378 0.268690 -0.065966
v 0.669918 0.269786 -0.065051
v 0.670378 0.268690 -0.088422
v 0.670717 0.269664 -0.089511
v 0.645214 0.258266 -0.065966
v 0.644205 0.258984 -0.065120
v 0.634791 0.233103 -0.088422
v 0.633603 0.232652 -0.089218
v 0.634791 0.233103 -0.065966
v 0.633817 0.232764 -0.064877
v 0.645214 0.207939 -0.088422
v 0.644486 0.207206 -0.089510
v 0.645214 0.207939 -0.065966
v 0.644535 0.207202 -0.064850
v 0.670378 0.197515 -0.088422
v 0.670021 0.196553 -0.089517
v 0.670378 0.197515 -0.065966
v 0.670378 0.196015 -0.065966
v 0.695542 0.207939 -0.088422
v 0.696603 0.206878 -0.088422
v 0.695542 0.207939 -0.065966
v 0.696561 0.207227 -0.065126
v 0.705965 0.233103 -0.088422
v 0.707079 0.233531 -0.089331
v 0.705965 0.233103 -0.065966
v 0.706939 0.233442 -0.064877
v 0.695542 0.258266 -0.088422
v 0.696270 0.258999 -0.089510
v 0.695542 0.258266 -0.065966
v 0.696444 0.259111 -0.065116
v 0.645448 0.197496 -0.072088
v 0.646508 0.198558 -0.072088
v 0.645448 0.197496 0.072088
v 0.646529 0.198530 0.071981
v 0.645448 0.137683 -0.072088
v 0.646529 0.136649 -0.071981
v 0.645448 0.137683 0.072088
v 0.646508 0.136621 0.072088
v -0.772366 0.208306 -0.031302
v -0.773272 0.209432 -0.031705
v -0.772366 0.142400 -0.031302
v -0.773475 0.143261 -0.031830
v -0.772366 0.142400 0.031302
v -0.773350 0.142400 0.032434
v -0.772366 0.208306 0.031302
v -0.773866 0.208306 0.031302
v -0.753405 0.267664 -0.027070
v -0.753802 0.266902 -0.028299
v -0.753405 0.228277 -0.027070
v -0.754458 0.228204 -0.028136
v -0.753405 0.267664 0.027070
v -0.754474 0.266710 0.027514
v -0.753405 0.228277 0.027070
v -0.754460 0.228277 0.028137
v -0.753405 0.182941 -0.027070
v -0.754469 0.183898 -0.027520
v -0.753405 0.182941 0.027070
v -0.754905 0.182941 0.027070
v -0.753405 0.376216 -0.049497
v -0.754520 0.377012 -0.050109
v -0.753405 0.326719 -0.056000
v -0.754493 0.326555 -0.054981
v -0.753405 0.366317 -0.039598
v -0.754585 0.365662 -0.038943
v -0.753405 0.382719 -0.000000
v -0.754545 0.381754 0.000134
v -0.753405 0.326719 -0.070000
v -0.754580 0.326700 -0.070932
v -0.753405 0.396719 -0.000000
v -0.754392 0.397838 0.000158
v -0.753405 0.287121 -0.039598
v -0.754493 0.287726 -0.038761
v -0.753405 0.376216 0.049497
v -0.754510 0.376835 0.050301
v -0.753405 0.277221 -0.049497
v -0.754580 0.276548 -0.050143
v -0.753405 0.366317 0.039598
v -0.754565 0.365666 0.038905
v -0.753405 0.270719 -0.000000
v -0.754542 0.271686 0.000153
v -0.753405 0.326719 0.056000
v -0.754501 0.326565 0.054988
v -0.753405 0.256719 -0.000000
v -0.754393 0.255592 -0.000046
v -0.753405 0.326719 0.070000
v -0.754388 0.326684 0.071132
v -0.753405 0.277221 0.049497
v -0.754290 0.276427 0.050411
v -0.753405 0.287121 0.039598
v -0.754576 0.287825 0.038979
v -0.724517 0.306857 -0.002257
v -0.725995 0.307114 -0.002257
v -0.731159 0.268684 -0.008899
v -0.732637 0.268941 -0.008899
v -0.731159 0.268684 0.008899
v -0.732637 0.268941 0.008899
v -0.724517 0.306857 0.002257
v -0.725995 0.307114 0.002257
v -0.656098 0.195408 -0.061783
v -0.657393 0.196101 -0.062090
v -0.656098 0.195408 0.061165
v -0.657029 0.195786 0.062279
v -0.656098 0.229315 0.023301
v -0.657120 0.230361 0.023637
v -0.656098 0.216868 0.053874
v -0.657598 0.216868 0.053874
v -0.656098 0.229315 -0.023919
v -0.657113 0.230418 -0.023860
v -0.656098 0.216868 -0.054492
v -0.656347 0.217131 -0.053036
v -0.633904 -0.019450 0.087239
v -0.634723 -0.020103 0.088313
v -0.633904 -0.019450 -0.087857
v -0.635277 -0.019946 -0.088201
v -0.633904 -0.053803 -0.031921
v -0.634930 -0.054884 -0.031752
v -0.633904 -0.044111 -0.072857
v -0.634917 -0.044727 -0.073776
v -0.633904 -0.053803 0.031303
v -0.634876 -0.054910 0.031022
v -0.633904 -0.044111 0.072239
v -0.635404 -0.044111 0.072239
v 0.477987 0.110991 -0.100030
v 0.478867 0.112051 -0.100623
v 0.477987 0.110991 0.100030
v 0.479047 0.112052 0.100030
v 0.477987 0.024764 -0.100030
v 0.478864 0.023720 -0.100655
v 0.477987 0.024764 0.100030
v 0.479047 0.023702 0.100030
v 1.422841 -0.396719 0.160777
v 1.422841 -0.398219 0.160777
v 1.422841 -0.396719 -0.160777
v 1.423775 -0.396046 -0.159815
v 1.533802 -0.396719 -0.160777
v 1.532846 -0.397826 -0.161108
v 0.413096 -0.071172 0.113460
v 0.414524 -0.071439 0.113086
v 0.392389 -0.116929 -0.113460
v 0.393009 -0.117938 -0.114381
v 0.413096 -0.071172 -0.113460
v 0.414211 -0.070695 -0.114343
v 0.392389 -0.116929 0.113460
v 0.393202 -0.118189 0.113460
v 0.392389 -0.025416 -0.113460
v 0.392967 -0.024417 -0.114418
v 0.392389 -0.025416 0.113460
v 0.393202 -0.024155 0.113460
v 0.747994 -0.132761 0.091054
v 0.746948 -0.133821 0.091236
v 0.747994 -0.132761 -0.091054
v 0.747175 -0.133990 -0.091316
v 0.828669 -0.113960 -0.127274
v 0.828669 -0.114739 -0.128556
v 0.747994 -0.113960 -0.127274
v 0.747340 -0.114872 -0.128269
v 0.747994 -0.113960 0.127274
v 0.748080 -0.114768 0.128535
v 0.828669 -0.113960 0.127274
v 0.828669 -0.114739 0.128556
v 1.242583 -0.089534 0.000000
v 1.242583 -0.091034 0.000000
v 1.050312 -0.089534 0.000000
v 1.050312 -0.091034 0.000000
v 1.242583 -0.079153 -0.083676
v 1.241901 -0.080338 -0.084294
v 1.050312 -0.079153 -0.083676
v 1.051086 -0.080237 -0.084366
v 1.050312 -0.079153 0.083676
v 1.050312 -0.080238 0.084712
v 1.242583 -0.079153 0.083676
v 1.242583 -0.080642 0.083861
v -0.135523 -0.044111 -0.072857
v -0.134489 -0.044661 -0.073794
v -0.135523 -0.053803 -0.031921
v -0.134389 -0.054777 -0.032047
v -0.135523 -0.053803 0.031303
v -0.134631 -0.054855 0.031893
v -0.135523 -0.044111 0.072239
v -0.134678 -0.045266 0.072690
v -0.633904 -0.044111 0.072239
v -0.633522 -0.045381 0.072940
v 0.646881 0.277222 0.049497
v 0.646881 0.276161 0.050558
v 0.646881 0.326719 0.070000
v 0.646881 0.326718 0.071500
v 0.646881 0.256719 -0.000000
v 0.646881 0.255219 -0.000000
v 0.646881 0.277222 -0.049497
v 0.645766 0.276621 -0.050301
v 0.646881 0.326719 -0.070000
v 0.645894 0.326561 -0.071119
v 0.646881 0.376216 -0.049497
v 0.645803 0.377013 -0.050169
v 0.646881 0.396719 -0.000000
v 0.645806 0.397765 0.000029
v 0.646881 0.376216 0.049497
v 0.646881 0.377277 0.050558
v 0.646881 0.326719 0.070000
v 0.646950 0.326766 0.071498
v -0.691748 0.326719 0.056000
v -0.690585 0.326838 0.055061
v -0.691748 0.287121 0.039598
v -0.690695 0.287584 0.038636
v -0.691748 0.270719 -0.000000
v -0.690717 0.271785 0.000224
v -0.691748 0.287121 -0.039598
v -0.690674 0.287667 -0.038704
v -0.691748 0.326719 -0.056000
v -0.691748 0.326719 -0.054500
v -0.691748 0.366317 -0.039598
v -0.691748 0.365256 -0.038537
v -0.691748 0.382719 -0.000000
v -0.691748 0.381219 -0.000000
v -0.691748 0.366317 0.039598
v -0.690674 0.365423 0.039052
v 0.747994 0.034686 0.137973
v 0.747994 0.033999 0.139306
v 0.747994 0.013930 0.127274
v 0.747994 0.013243 0.128607
v 0.747994 0.013930 -0.127274
v 0.746881 0.013736 -0.128261
v 0.747994 0.034686 -0.137973
v 0.747994 0.033999 -0.139306
v -0.720004 0.306857 -0.002257
v -0.718990 0.307962 -0.002257
v -0.724517 0.306857 -0.002257
v -0.724517 0.308357 -0.002257
v -0.724517 0.306857 0.002257
v -0.724517 0.308357 0.002257
v -0.720004 0.306857 0.002257
v -0.720004 0.308357 0.002257
v -0.135523 -0.019450 0.087239
v -0.134143 -0.019951 0.087545
v -0.135523 -0.019450 -0.087857
v -0.134186 -0.019981 -0.088283
v 1.422841 0.164049 -0.160777
v 1.422144 0.162885 -0.160138
v 1.422841 -0.022874 -0.143962
v 1.421720 -0.022992 -0.144952
v 1.422841 -0.209796 -0.143962
v 1.421730 -0.209845 -0.144969
v 1.422841 0.164049 0.160777
v 1.422841 0.163915 0.162271
v 1.422841 -0.022874 0.143962
v 1.421765 -0.022921 0.145006
v 1.422841 -0.209796 0.143962
v 1.422841 -0.209729 0.145461
v 1.422841 -0.396719 0.160777
v 1.422841 -0.396585 0.162271
v -0.597229 0.024595 -0.120514
v -0.597838 0.023559 -0.121412
v -0.168242 0.024595 -0.120514
v -0.167524 0.023278 -0.120514
v -0.168242 0.024595 0.120514
v -0.167575 0.023253 0.120443
v -0.597229 0.024595 0.120514
v -0.597947 0.023278 0.120514
v -0.622958 0.064497 -0.120514
v -0.624033 0.064033 -0.121451
v -0.622958 0.064497 0.120514
v -0.624219 0.063684 0.120514
v 0.747994 0.218552 -0.137973
v 0.747080 0.218838 -0.139127
v 0.747994 0.034686 -0.137973
v 0.746584 0.035047 -0.138336
v 0.747994 0.237716 -0.107190
v 0.747994 0.239158 -0.107604
v 0.392389 -0.116929 0.113460
v 0.393166 -0.118209 0.113366
v 0.263144 -0.116929 -0.113460
v 0.262427 -0.117906 -0.114344
v 0.263144 -0.116929 0.113460
v 0.262495 -0.117934 0.114365
v 0.242437 -0.071172 -0.113460
v 0.241196 -0.070876 -0.114248
v 0.242437 -0.071172 0.113460
v 0.241070 -0.071790 0.113460
v 0.747994 0.218552 0.137973
v 0.747994 0.219280 0.139284
v 0.747994 0.237716 0.107190
v 0.747071 0.238877 0.107414
v 0.747994 0.034686 0.137973
v 0.746702 0.034686 0.138735
v 0.828669 -0.113960 0.127274
v 0.828587 -0.114685 0.128584
v 0.747994 0.013930 0.127274
v 0.747994 0.013930 0.128774
v 0.747994 -0.113960 0.127274
v 0.747994 -0.114739 0.128556
v 0.828669 0.013930 0.127274
v 0.828669 0.013930 0.128774
v 1.242583 -0.001436 -0.096984
v 1.242583 -0.001436 -0.098484
v 1.050312 -0.001436 -0.096984
v 1.050312 -0.001436 -0.098484
v -0.597229 0.104398 -0.120514
v -0.597535 0.105472 -0.121515
v -0.168242 0.024595 -0.120514
v -0.167806 0.023812 -0.121717
v -0.168242 0.104398 -0.120514
v -0.167708 0.105407 -0.121487
v -0.142513 0.064497 -0.120514
v -0.142513 0.064497 -0.122014
v -0.597229 0.024595 0.120514
v -0.597229 0.024595 0.122014
v -0.168242 0.104398 0.120514
v -0.168242 0.104398 0.122014
v -0.597229 0.104398 0.120514
v -0.597229 0.104398 0.122014
v -0.622958 0.064497 0.120514
v -0.622958 0.064497 0.122014
v -0.168242 0.024595 0.120514
v -0.168242 0.024595 0.122014
v -0.142513 0.064497 0.120514
v -0.142513 0.064497 0.122014
v 0.263144 -0.025416 -0.113460
v 0.262942 -0.024269 -0.114405
v 0.392389 -0.025416 0.113460
v 0.392389 -0.025416 0.114960
v 0.263144 -0.025416 0.113460
v 0.262408 -0.024473 0.114365
v 0.242437 -0.071172 0.113460
v 0.241990 -0.069918 0.114152
v 0.392389 -0.116929 0.113460
v 0.392389 -0.116929 0.114960
v 0.413096 -0.071172 0.113460
v 0.413096 -0.071172 0.114960
v -1.349425 0.071026 0.028823
v -1.350184 0.070117 0.027903
v -1.533802 0.042202 0.040762
v -1.533741 0.042153 0.039264
v -1.533802 0.071026 0.028823
v -1.533802 0.069965 0.027762
v -1.349425 0.042202 0.040762
v -1.350371 0.042203 0.039598
v -1.349425 0.082965 -0.000000
v -1.350184 0.081671 -0.000008
v -1.533802 0.082965 -0.000000
v -1.533802 0.081465 -0.000000
v -1.349425 0.071026 -0.028823
v -1.350184 0.070106 -0.027914
v -1.533802 0.071026 -0.028823
v -1.533802 0.069965 -0.027762
v -1.349425 0.042202 -0.040762
v -1.350184 0.042194 -0.039468
v -1.533802 0.042202 -0.040762
v -1.533802 0.042202 -0.039262
v -1.349425 0.013379 -0.028823
v -1.350184 0.014288 -0.027903
v -1.533802 0.013379 -0.028823
v -1.533802 0.014440 -0.027762
v -1.349425 0.001440 -0.000000
v -1.350184 0.002734 0.000008
v -1.533802 0.001440 -0.000000
v -1.533802 0.002940 0.000000
v -1.349425 0.013379 0.028823
v -1.350184 0.014299 0.027914
v -1.533802 0.013379 0.028823
v -1.533802 0.014440 0.027762
v -1.349425 0.042202 0.040762
v -1.350333 0.042148 0.039569
v -1.533802 0.042202 0.040762
v -1.533802 0.042203 0.039262
v -0.636755 0.098113 -0.000000
v -0.636755 0.099613 -0.000000
v -0.636755 0.081737 -0.039535
v -0.636755 0.082798 -0.040596
v -0.636755 0.081737 0.039535
v -0.636755 0.082798 0.040596
v -0.636755 0.042202 -0.055911
v -0.636755 0.042202 -0.057411
v -0.636755 0.042202 0.055911
v -0.636755 0.042202 0.057411
v -0.636755 0.002667 -0.039535
v -0.636755 0.001606 -0.040596
v -0.902168 0.042202 0.055911
v -0.902168 0.042202 0.057411
v -0.636755 0.002667 0.039535
v -0.636755 0.001606 0.040596
v -0.636755 -0.013708 0.000000
v -0.636755 -0.015208 0.000000
v -0.902168 0.002667 0.039535
v -0.902168 0.001606 0.040596
v 0.477987 0.110991 0.100030
v 0.477987 0.110991 0.101530
v -0.101348 0.110991 0.100030
v -0.101348 0.110991 0.101530
v 0.477987 0.024764 0.100030
v 0.477987 0.024764 0.101530
v -0.101348 0.024764 0.100030
v -0.101348 0.024764 0.101530
v -0.101348 0.024764 -0.100030
v -0.102172 0.024053 -0.101062
v -0.101348 0.110991 -0.100030
v -0.102214 0.111857 -0.100896
v 0.669618 0.252297 -0.067183
v 0.669645 0.253451 -0.068141
v 0.669618 0.252297 0.067183
v 0.669620 0.253479 0.068106
v 0.726050 0.235722 0.067183
v 0.725384 0.236219 0.068432
v 0.613187 0.235722 0.067183
v 0.612394 0.236438 0.068236
v 0.613187 0.235722 -0.067183
v 0.612764 0.237161 -0.067183
v 0.747994 0.237716 -0.107190
v 0.746521 0.237801 -0.106917
v 1.242583 -0.001436 0.096984
v 1.242583 -0.001436 0.098484
v 1.050312 -0.001436 0.096984
v 1.050312 -0.001436 0.098484
v 1.242583 -0.079153 0.083676
v 1.242583 -0.079406 0.085154
v 1.050312 0.076281 0.083676
v 1.051157 0.077178 0.084532
v 1.242583 0.076281 0.083676
v 1.241739 0.077178 0.084532
v 0.645214 0.207939 0.088422
v 0.645214 0.207939 0.089922
v 0.634791 0.233103 0.088422
v 0.634791 0.233103 0.089922
v 0.695542 0.207939 0.088422
v 0.695542 0.207939 0.089922
v 0.670378 0.197515 0.088422
v 0.670378 0.197515 0.089922
v 0.695542 0.207939 -0.088422
v 0.695542 0.207939 -0.089922
v 0.641158 0.216868 -0.054492
v 0.640774 0.217638 -0.055721
v 0.641158 0.229315 -0.023919
v 0.641158 0.230787 -0.024207
v 0.641158 0.229315 0.023301
v 0.641158 0.230787 0.023589
v -0.656098 0.216868 0.053874
v -0.656098 0.217897 0.054966
v 0.641158 0.216868 0.053874
v 0.641158 0.218257 0.054440
v 0.641158 0.195408 -0.061783
v 0.641158 0.195891 -0.063203
v 0.641158 0.195408 0.061165
v 0.641158 0.195891 0.062585
v 0.641158 0.216868 0.053874
v 0.641158 0.217351 0.055294
v 0.645448 0.197496 0.072088
v 0.645448 0.197496 0.073588
v -0.582567 0.197496 0.072088
v -0.582567 0.197496 0.073588
v 0.645448 0.137683 0.072088
v 0.645448 0.137683 0.073588
v -0.582567 0.137683 0.072088
v -0.582567 0.137683 0.073588
v 0.645448 0.197496 -0.072088
v 0.646187 0.198258 -0.073148
v -0.582567 0.137683 -0.072088
v -0.583415 0.136890 -0.073038
v -0.582567 0.197496 -0.072088
v -0.582567 0.197496 -0.073588
v 0.645448 0.137683 -0.072088
v 0.646104 0.136890 -0.073180
v 1.242583 0.076281 -0.083676
v 1.241739 0.077178 -0.084532
v 1.050312 0.076281 -0.083676
v 1.051157 0.077178 -0.084532
v -0.674625 0.208306 -0.031302
v -0.674273 0.209764 -0.031302
v -0.723495 0.220087 -0.031302
v -0.723520 0.221119 -0.032390
v -0.723495 0.220087 0.031302
v -0.723495 0.221587 0.031302
v -0.674625 0.208306 0.031302
v -0.674273 0.209764 0.031302
v -0.772366 0.208306 0.031302
v -0.772597 0.209263 0.032434
v -0.886061 0.060709 0.021599
v -0.886061 0.059812 0.022801
v -0.641301 0.060709 0.021599
v -0.641301 0.059812 0.022801
v -0.641301 0.082138 0.037589
v -0.641301 0.081241 0.038791
v -0.886061 0.082138 0.037589
v -0.886061 0.081241 0.038791
v -0.886061 0.082138 -0.037589
v -0.886061 0.081241 -0.038791
v -0.641301 0.082138 -0.037589
v -0.641301 0.081241 -0.038791
v -0.641301 0.060709 -0.021599
v -0.641301 0.059812 -0.022801
v -0.886061 0.060709 -0.021599
v -0.886061 0.059812 -0.022801
v 0.669618 0.181353 -0.067183
v 0.669751 0.180219 -0.068156
v 0.737658 0.191353 -0.067183
v 0.737058 0.190814 -0.068448
v 0.613187 0.235722 -0.067183
v 0.612321 0.235949 -0.068387
v 0.601579 0.191353 -0.067183
v 0.601579 0.191353 -0.068683
v 0.601579 0.191353 0.067183
v 0.600680 0.192496 0.067551
v 0.669618 0.181353 0.067183
v 0.669618 0.181353 0.068683
v 0.737658 0.191353 0.067183
v 0.737658 0.191353 0.068683
v -1.331879 0.073270 -0.031068
v -1.331879 0.074331 -0.032129
v -0.884032 0.086139 -0.000000
v -0.884032 0.087639 -0.000000
v -0.884032 0.073270 -0.031068
v -0.884032 0.074331 -0.032129
v -1.331879 0.086139 -0.000000
v -1.331879 0.087639 -0.000000
v -1.331879 0.042202 -0.043937
v -1.331879 0.042202 -0.045437
v -0.884032 0.073270 0.031068
v -0.884032 0.074331 0.032129
v -0.884032 0.042202 -0.043937
v -0.884032 0.042202 -0.045437
v -1.331879 0.073270 0.031068
v -1.331879 0.074331 0.032129
v -1.331879 0.011134 -0.031068
v -1.331879 0.010073 -0.032129
v -0.884032 0.042202 0.043937
v -0.884032 0.042202 0.045437
v -0.884032 0.011134 -0.031068
v -0.884032 0.010073 -0.032129
v -1.331879 0.042202 0.043937
v -1.331879 0.042202 0.045437
v -1.331879 -0.001735 0.000000
v -1.331879 -0.003235 -0.000000
v -0.884032 0.011134 0.031068
v -0.884032 0.010073 0.032129
v -0.884032 -0.001735 0.000000
v -0.884032 -0.003235 0.000000
v -1.331879 0.011134 0.031068
v -1.331879 0.010073 0.032129
v -0.641301 0.140889 -0.037589
v -0.640440 0.140565 -0.038774
v -0.886061 0.140889 -0.037589
v -0.885490 0.141183 -0.038945
v -0.641301 0.111514 -0.026664
v -0.640193 0.111514 -0.027675
v -0.886061 0.082138 -0.037589
v -0.886061 0.082661 -0.038995
v -0.641301 0.082138 -0.037589
v -0.640648 0.083352 -0.038181
v -0.641301 0.140889 0.037589
v -0.641301 0.140366 0.038995
v -0.886061 0.140889 0.037589
v -0.886061 0.141102 0.039074
v -0.641301 0.111514 0.026664
v -0.641301 0.111514 0.028164
v -0.641301 0.082138 0.037589
v -0.641301 0.082661 0.038995
v -0.886061 0.082138 0.037589
v -0.886061 0.082661 0.038995
v -0.723495 0.130619 -0.031302
v -0.723495 0.130619 -0.032802
v -0.674625 0.208306 -0.031302
v -0.673641 0.208306 -0.032434
v -0.674625 0.142400 -0.031302
v -0.674625 0.142400 -0.032802
v -0.723495 0.130619 0.031302
v -0.723495 0.130619 0.032802
v -0.723495 0.220087 0.031302
v -0.723495 0.220087 0.032802
v -0.674625 0.208306 0.031302
v -0.674625 0.208306 0.032802
v -0.674625 0.142400 0.031302
v -0.674625 0.142400 0.032802
v -0.731159 0.268684 0.008899
v -0.731159 0.268941 0.010377
v -0.720004 0.306857 0.002257
v -0.720004 0.307114 0.003735
v -0.724517 0.306857 0.002257
v -0.724517 0.307114 0.003735
v -0.713362 0.268684 0.008899
v -0.713362 0.268941 0.010377
v -0.713362 0.268684 -0.008899
v -0.713362 0.268941 -0.010377
v -0.724517 0.306857 -0.002257
v -0.724517 0.307114 -0.003735
v -0.720004 0.306857 -0.002257
v -0.720004 0.307114 -0.003735
v -0.731159 0.268684 -0.008899
v -0.731159 0.268941 -0.010377
v -0.641301 0.140889 0.037589
v -0.641301 0.141786 0.038791
v -0.641301 0.162318 0.021599
v -0.641318 0.163547 0.022460
v -0.641301 0.162318 -0.021599
v -0.640318 0.163304 -0.022157
v -0.691748 0.267663 -0.027070
v -0.691308 0.266714 -0.028145
v -0.691748 0.228277 -0.027070
v -0.690708 0.228315 -0.028150
v -0.691748 0.182941 -0.027070
v -0.691303 0.183896 -0.028138
v -0.691748 0.267663 0.027070
v -0.691748 0.267663 0.028570
v -0.691748 0.228277 0.027070
v -0.691748 0.228277 0.028570
v -0.753405 0.182941 0.027070
v -0.753405 0.182941 0.028570
v -0.691748 0.182941 0.027070
v -0.691748 0.182941 0.028570
v 0.646881 0.266656 -0.027070
v 0.645820 0.266656 -0.028131
v 0.697797 0.228105 -0.027070
v 0.697797 0.228105 -0.028570
v 0.646881 0.228105 -0.027070
v 0.646881 0.228105 -0.028570
v 0.646881 0.228105 0.027070
v 0.646881 0.228105 0.028570
v 0.646881 0.266656 0.027070
v 0.646881 0.266656 0.028570
v -0.641301 0.168627 -0.000000
v -0.640339 0.169778 -0.000026
v -0.641301 0.162318 0.021599
v -0.641301 0.163551 0.022453
v 1.422841 0.164049 0.160777
v 1.421587 0.164486 0.160079
v -0.622958 0.064497 0.120514
v -0.624219 0.065310 0.120514
v -0.597229 0.104398 0.120514
v -0.597947 0.105715 0.120514
v -0.168242 0.104398 0.120514
v -0.167524 0.105715 0.120514
v -0.142513 0.064497 0.120514
v -0.141166 0.064128 0.119967
v -0.142513 0.064497 -0.120514
v -0.141193 0.064515 -0.119802
v -0.168242 0.024595 0.120514
v -0.167524 0.023278 0.120514
v 0.669618 0.181353 0.067183
v 0.669618 0.179853 0.067183
v 0.601579 0.191353 -0.067183
v 0.600328 0.190525 -0.067183
v 0.601579 0.191353 0.067183
v 0.601361 0.189869 0.067183
v 0.737658 0.191353 0.067183
v 0.737876 0.189869 0.067183
v -0.691748 0.277221 0.049497
v -0.691748 0.276160 0.050558
v -0.691748 0.326719 0.070000
v -0.691819 0.326675 0.071498
v -0.691748 0.256719 -0.000000
v -0.690675 0.255671 0.000023
v -0.691748 0.277221 -0.049497
v -0.690683 0.276459 -0.050228
v -0.691748 0.326719 -0.070000
v -0.690683 0.326697 -0.071056
v -0.691748 0.376216 -0.049497
v -0.690777 0.377024 -0.050305
v -0.691748 0.396719 -0.000000
v -0.690851 0.397921 -0.000020
v -0.691748 0.376216 0.049497
v -0.691748 0.377277 0.050558
v -0.691748 0.326719 0.070000
v -0.691748 0.326720 0.071500
v 1.050312 0.086662 -0.000000
v 1.050312 0.088162 -0.000000
v 1.242583 0.086662 -0.000000
v 1.242583 0.088162 -0.000000
v 0.695542 0.207939 0.065966
v 0.695542 0.207939 0.064466
v 0.645214 0.207939 0.065966
v 0.645214 0.207939 0.064466
v 0.670378 0.197515 0.065966
v 0.670378 0.197515 0.064466
v 0.670378 0.197515 -0.065966
v 0.670378 0.197515 -0.064466
v -0.582567 0.137683 0.072088
v -0.583628 0.136622 0.072088
v -0.582567 0.197496 -0.072088
v -0.583628 0.198557 -0.072088
v 0.645448 0.137683 0.072088
v 0.646492 0.136606 0.072061
v -0.582567 0.197496 0.072088
v -0.583628 0.198557 0.072088
v 0.645448 0.197496 0.072088
v 0.646510 0.198556 0.072088
v -1.533802 0.001868 0.040334
v -1.533802 0.000807 0.041395
v -1.324168 0.001868 0.040334
v -1.324168 0.000807 0.041395
v -1.324168 0.042202 0.057041
v -1.324203 0.042189 0.058541
v -1.533802 0.042202 0.057041
v -1.533802 0.042201 0.058541
v -1.324168 -0.014839 0.000000
v -1.323123 -0.015860 -0.000339
v -1.324168 0.001868 -0.040334
v -1.323159 0.001116 -0.041151
v -1.324168 0.042202 -0.057041
v -1.323153 0.042144 -0.058144
v -1.324168 0.082537 -0.040334
v -1.323283 0.083423 -0.041160
v -1.324168 0.099244 -0.000000
v -1.323190 0.100324 -0.000358
v -1.533802 0.082537 0.040334
v -1.533802 0.083598 0.041395
v -1.324168 0.082537 0.040334
v -1.324168 0.083598 0.041395
v -1.533802 0.042202 0.057041
v -1.533767 0.042215 0.058541
v -1.324168 0.042202 0.057041
v -1.324168 0.042203 0.058541
v 0.646881 0.326719 0.056000
v 0.645830 0.326894 0.054944
v 0.646881 0.287121 0.039598
v 0.645757 0.287743 0.038823
v 0.646881 0.270719 -0.000000
v 0.645790 0.271734 -0.000170
v 0.646881 0.287121 -0.039598
v 0.645757 0.287648 -0.038756
v 0.646881 0.326719 -0.056000
v 0.646881 0.326719 -0.054500
v 0.646881 0.366317 -0.039598
v 0.646881 0.365256 -0.038537
v 0.646881 0.382719 -0.000000
v 0.645757 0.381750 0.000222
v 0.646881 0.366317 0.039598
v 0.645721 0.365668 0.038903
v -0.101348 0.024764 0.100030
v -0.102409 0.023703 0.100030
v 0.477987 0.024764 0.100030
v 0.479006 0.023666 0.099955
v -0.101348 0.110991 0.100030
v -0.102409 0.112052 0.100030
v -0.641301 0.060709 -0.021599
v -0.639801 0.060709 -0.021599
v -0.641301 0.111514 0.026664
v -0.639801 0.111514 0.026664
v -0.641301 0.060709 0.021599
v -0.639801 0.060709 0.021599
v -0.641301 0.082138 0.037589
v -0.639801 0.082138 0.037589
v -0.641301 0.162318 0.021599
v -0.639801 0.162318 0.021599
v -0.641301 0.140889 0.037589
v -0.639801 0.140889 0.037589
v -0.674625 0.208306 0.031302
v -0.673125 0.208306 0.031302
v -0.674625 0.142400 -0.031302
v -0.673125 0.142400 -0.031302
v -0.674625 0.142400 0.031302
v -0.673125 0.142400 0.031302
v -0.720004 0.306857 0.002257
v -0.718526 0.307114 0.002257
v -0.713362 0.268684 -0.008899
v -0.711884 0.268941 -0.008899
v -0.713362 0.268684 0.008899
v -0.711884 0.268941 0.008899
v -0.691748 0.228277 0.027070
v -0.690248 0.228277 0.027070
v -0.691748 0.267663 0.027070
v -0.690248 0.267663 0.027070
v -0.691748 0.182941 0.027070
v -0.690248 0.182941 0.027070
v -0.691748 0.376216 0.049497
v -0.690248 0.376216 0.049497
v -0.691748 0.382719 -0.000000
v -0.690248 0.382719 -0.000000
v -0.691748 0.326719 0.070000
v -0.690248 0.326719 0.070000
v -0.691748 0.277221 0.049497
v -0.690248 0.277221 0.049497
v -0.691748 0.366317 -0.039598
v -0.690248 0.366317 -0.039598
v -0.691748 0.326719 -0.056000
v -0.690248 0.326719 -0.056000
v 0.646881 0.326719 -0.056000
v 0.645381 0.326719 -0.056000
v 0.646881 0.366317 -0.039598
v 0.645381 0.366317 -0.039598
v 0.646881 0.376216 0.049497
v 0.645381 0.376216 0.049497
v 0.646881 0.256719 -0.000000
v 0.645381 0.256719 -0.000000
v 0.646881 0.326719 0.070000
v 0.645381 0.326719 0.070000
v 0.646881 0.277222 0.049497
v 0.645381 0.277222 0.049497
v 0.646881 0.228105 -0.027070
v 0.645381 0.228105 -0.027070
v 0.646881 0.266656 0.027070
v 0.645381 0.266656 0.027070
v 0.646881 0.228105 0.027070
v 0.645381 0.228105 0.027070
v 0.747994 0.218552 0.137973
v 0.746494 0.218552 0.137973
v 0.747994 0.013930 0.127274
v 0.746494 0.013930 0.127274
v 0.747994 -0.113960 0.127274
v 0.746494 -0.113960 0.127274
v -1.324168 0.001868 0.040334
v -1.322668 0.001868 0.040334
v -1.324168 0.042202 0.057041
v -1.322668 0.042202 0.057041
v -1.324168 0.082537 0.040334
v -1.322668 0.082537 0.040334
v 1.422841 -0.209796 0.143962
v 1.421341 -0.209796 0.143962
v 1.422841 -0.396719 0.160777
v 1.421341 -0.396719 0.160777
v 1.533378 0.161970 -0.160143
v 1.511054 -0.022204 0.141847
v 1.511050 -0.022196 -0.143806
v 1.511120 -0.021681 0.143847
v 1.533461 0.162641 -0.158384
v 1.533280 0.162931 0.159469
v 1.510956 -0.208365 0.143744
v 1.510957 -0.023690 -0.141959
v 1.510961 -0.023698 0.143736
v 1.510957 -0.024321 -0.143742
v 1.510956 -0.208996 0.141962
v 1.510940 -0.208968 -0.143756
v 1.511099 -0.210985 -0.143867
v 1.534397 -0.396196 0.158337
v 1.534453 -0.395882 -0.159957
v 1.534313 -0.395526 0.160096
v 1.511033 -0.210462 -0.141867
v 1.511049 -0.210490 0.143808
v -1.534552 0.083707 0.000750
v -1.534552 0.083328 0.036464
v -1.534311 0.098671 0.000781
v -1.534291 0.083663 -0.036923
v -1.534552 0.083707 -0.000750
v -1.534311 0.098671 -0.000719
v -1.534552 0.081806 0.038542
v -1.534552 0.082174 0.003870
v -1.534552 0.071911 0.028647
v -1.534552 0.045498 0.054864
v -1.534552 0.081213 0.040071
v -1.534552 0.071020 0.029878
v -1.534552 0.067730 0.031000
v -1.534552 0.042952 0.041263
v -1.534552 0.042952 0.055257
v -1.534552 0.082174 -0.003870
v -1.534291 0.082141 -0.039001
v -1.534552 0.071911 -0.028647
v -1.534291 0.045410 -0.055426
v -1.534552 0.071020 -0.029878
v -1.534291 0.081548 -0.040530
v -1.534552 0.067730 -0.031000
v -1.534291 0.042865 -0.055819
v -1.534552 0.042952 -0.041263
v -1.534269 0.005236 -0.041429
v -1.534552 0.041452 -0.041504
v -1.534291 0.041365 -0.056480
v -1.534552 0.038332 -0.039971
v -1.534269 0.003158 -0.039907
v -1.534552 0.013555 -0.029708
v -1.534269 0.002097 -0.038846
v -1.534552 0.002231 -0.003870
v -1.534552 0.012494 -0.028647
v -1.534269 0.000575 -0.036768
v -1.534278 -0.014296 -0.000727
v -1.534552 0.000698 -0.000750
v -1.534552 0.001077 0.036464
v -1.534552 0.000698 0.000750
v -1.534278 -0.014296 0.000773
v -1.534552 0.002231 0.003870
v -1.534552 0.002599 0.038542
v -1.534552 0.012494 0.028647
v -1.534552 0.003660 0.039603
v -1.534552 0.038332 0.039971
v -1.534552 0.013555 0.029708
v -1.534552 0.041452 0.041504
v -1.534552 0.005738 0.041125
v -1.534552 0.041452 0.055919
v -1.349924 0.014535 -0.027936
v -1.349943 0.014523 0.024680
v -1.349954 0.040822 -0.038844
v -1.349943 0.013023 0.024681
v -1.349924 0.013035 -0.024667
v -1.349897 0.002834 0.000001
v -1.349954 0.041446 0.039108
v -1.349954 0.041458 -0.036460
v -1.349943 0.014753 0.028045
v -1.349954 0.042946 0.036460
v -1.349943 0.069652 -0.028045
v -1.349954 0.042958 -0.039108
v -1.349943 0.069882 -0.024681
v -1.349954 0.043582 0.038844
v -1.349924 0.069870 0.027936
v -1.349943 0.071382 -0.024681
v -1.349924 0.071370 0.024667
v -1.349897 0.081571 -0.000001
v 0.829167 0.236835 -0.106788
v 0.829160 0.035295 0.136441
v 0.829238 0.035425 -0.137589
v 0.829167 0.236762 -0.108316
v 0.829238 0.044625 -0.137711
v 0.829170 0.218297 -0.137757
v 0.829205 0.237471 0.106686
v 0.829160 0.036377 0.137486
v 0.829167 0.237509 -0.105249
v 0.829160 0.044495 0.137772
v 0.829205 0.236724 0.108317
v 0.829155 0.218542 0.137625
v 0.829238 0.033823 -0.137178
v 0.829275 0.014811 0.108498
v 0.829419 0.014680 -0.126817
v 0.829275 0.014847 0.127258
v 0.829238 0.033925 -0.119263
v 0.829160 0.033795 0.137292
v 0.828946 0.007662 -0.127213
v 0.829192 -0.131862 -0.092270
v 0.829419 -0.113504 -0.126524
v 0.829192 -0.132541 -0.090558
v 0.828946 0.012122 -0.126770
v 0.829207 -0.132525 0.088688
v 0.829275 0.013311 0.126738
v 0.829207 -0.132055 0.090678
v 0.828946 0.013078 -0.125502
v 0.829207 -0.131846 0.092274
v 0.829275 0.007894 0.126946
v 0.829419 -0.113504 0.126524
v -0.902918 0.039006 0.053775
v -0.902630 -0.012131 0.003004
v -0.902918 0.003241 0.038961
v -0.902630 -0.011070 0.001943
v -0.902918 0.042378 0.055026
v -0.902690 0.080192 0.039877
v -0.902673 0.097537 0.000843
v -0.902630 -0.010496 0.000558
v -0.902690 0.081746 0.038897
v -0.902630 -0.010496 -0.000942
v -0.902673 0.097537 -0.000657
v -0.902692 0.081739 -0.038903
v -0.902630 -0.011070 -0.002328
v -0.902692 0.080185 -0.039883
v -0.902689 0.042307 -0.055561
v -0.902630 -0.012131 -0.003389
v -0.902689 0.038935 -0.054310
v -0.902679 0.002989 -0.039449
v -0.886811 0.061459 0.019852
v -0.886657 0.109411 -0.026156
v -0.886811 0.061459 -0.020920
v -0.886811 0.063322 -0.022613
v -0.886657 0.108219 -0.027545
v -0.886811 0.082259 -0.036744
v -0.886657 0.110764 -0.025372
v -0.886811 0.062413 0.021015
v -0.886657 0.110764 0.026291
v -0.886657 0.108219 0.027545
v -0.886811 0.063322 0.022613
v -0.886811 0.082259 0.036744
v -0.886657 0.114809 -0.027545
v -0.886537 0.160213 -0.022891
v -0.886811 0.140768 -0.036744
v -0.886657 0.115821 -0.025936
v -0.886568 0.167987 -0.001285
v -0.886537 0.162249 -0.021181
v -0.886568 0.167399 0.000096
v -0.886657 0.112264 -0.025942
v -0.886657 0.112264 0.025941
v -0.886568 0.167987 0.001477
v -0.886657 0.115821 0.025936
v -0.886425 0.162285 0.021267
v -0.886425 0.160250 0.022977
v -0.886657 0.114809 0.027545
v -0.886811 0.140768 0.036744
v 0.726504 0.235588 -0.066811
v 0.726965 0.235186 0.062664
v 0.738118 0.192557 -0.066433
v 0.738194 0.192268 -0.062664
v 0.727041 0.234897 0.066433
v 0.738194 0.192268 0.066433
v 0.698356 0.375008 0.049254
v 0.698343 0.332179 0.054008
v 0.698377 0.365793 0.040158
v 0.698368 0.380753 0.005477
v 0.698356 0.376069 0.048193
v 0.698377 0.366854 0.039097
v 0.698343 0.327384 0.056151
v 0.698356 0.371070 0.051284
v 0.698353 0.327436 0.069380
v 0.698356 0.378099 0.044254
v 0.698368 0.382896 0.000682
v 0.698245 0.396198 0.000742
v 0.698216 0.282269 0.051355
v 0.698343 0.325884 0.056151
v 0.698353 0.325936 0.069380
v 0.698351 0.378007 -0.044355
v 0.698245 0.396198 -0.000758
v 0.698368 0.382896 -0.000818
v 0.698343 0.321090 0.054008
v 0.698216 0.278330 0.049324
v 0.698344 0.287532 0.040026
v 0.698351 0.375976 -0.048294
v 0.698368 0.380753 -0.005612
v 0.698367 0.366857 -0.039077
v 0.698216 0.277269 0.048264
v 0.698367 0.272686 0.005468
v 0.698344 0.286472 0.038966
v 0.698346 0.332183 -0.054011
v 0.698351 0.374916 -0.049354
v 0.698367 0.365796 -0.040138
v 0.698367 0.270543 0.000673
v 0.698216 0.275239 0.044325
v 0.698291 0.257278 0.000774
v 0.698351 0.370977 -0.051385
v 0.698346 0.327388 -0.056154
v 0.698245 0.327461 -0.069479
v 0.698367 0.270543 -0.000827
v 0.698291 0.257278 -0.000726
v 0.698288 0.275481 -0.044459
v 0.698288 0.282510 -0.051488
v 0.698245 0.325961 -0.069479
v 0.698346 0.325888 -0.056154
v 0.698367 0.272686 -0.005622
v 0.698288 0.277511 -0.048397
v 0.698364 0.286647 -0.039153
v 0.698288 0.278572 -0.049458
v 0.698346 0.321094 -0.054011
v 0.698364 0.287708 -0.040213
v 0.698327 0.265201 -0.026850
v 0.698332 0.229332 0.024945
v 0.698547 0.228855 -0.026320
v 0.698332 0.230036 0.026542
v 0.698327 0.265906 -0.025254
v 0.698020 0.265428 0.026854
v 0.646723 0.259348 0.066163
v 0.669538 0.268961 0.087310
v 0.669684 0.269153 0.066716
v 0.668301 0.268449 0.088150
v 0.645487 0.258836 0.067003
v 0.645538 0.258892 0.088230
v 0.635110 0.235211 0.066169
v 0.644558 0.257912 0.087390
v 0.644507 0.257856 0.066163
v 0.644046 0.256676 0.088230
v 0.634597 0.233974 0.067009
v 0.634328 0.233796 0.087672
v 0.643884 0.209338 0.066716
v 0.634328 0.232410 0.086832
v 0.634597 0.232588 0.066169
v 0.634840 0.231173 0.087672
v 0.644397 0.208102 0.067556
v 0.644397 0.208102 0.087672
v 0.668448 0.197564 0.066716
v 0.645377 0.207122 0.086832
v 0.645377 0.207122 0.066716
v 0.646613 0.206609 0.087672
v 0.669685 0.197052 0.067556
v 0.669685 0.197052 0.087672
v 0.694143 0.206609 0.066716
v 0.671071 0.197052 0.086832
v 0.671071 0.197052 0.066716
v 0.672308 0.197564 0.087672
v 0.695379 0.207122 0.067556
v 0.695379 0.207122 0.087672
v 0.705723 0.231387 0.066261
v 0.696359 0.208102 0.086832
v 0.696359 0.208102 0.066716
v 0.696872 0.209338 0.087672
v 0.706235 0.232624 0.067102
v 0.706159 0.232589 0.088219
v 0.696705 0.256703 0.066172
v 0.706159 0.233974 0.087379
v 0.706235 0.234010 0.066261
v 0.705646 0.235211 0.088219
v 0.696193 0.257939 0.067012
v 0.696280 0.257996 0.088097
v 0.672499 0.268511 0.066340
v 0.695300 0.258976 0.087257
v 0.695213 0.258919 0.066172
v 0.694063 0.259488 0.088097
v 0.671262 0.269023 0.067180
v 0.670923 0.268961 0.088150
v 0.646777 0.259429 -0.088216
v 0.669455 0.268951 -0.067099
v 0.669854 0.268890 -0.088217
v 0.668218 0.268439 -0.066259
v 0.645541 0.258917 -0.087376
v 0.645402 0.258912 -0.066293
v 0.634996 0.234807 -0.088070
v 0.644422 0.257932 -0.067134
v 0.644561 0.257937 -0.088216
v 0.643910 0.256695 -0.066293
v 0.634484 0.233570 -0.087230
v 0.634591 0.233627 -0.066172
v 0.644051 0.209502 -0.088216
v 0.634591 0.232241 -0.067012
v 0.634484 0.232185 -0.088070
v 0.635103 0.231004 -0.066172
v 0.644563 0.208266 -0.087376
v 0.644588 0.208263 -0.066158
v 0.668270 0.197834 -0.088219
v 0.645568 0.207283 -0.066998
v 0.645543 0.207286 -0.088216
v 0.646804 0.206771 -0.066158
v 0.669507 0.197321 -0.087379
v 0.669685 0.197052 -0.066716
v 0.694143 0.206609 -0.087672
v 0.671071 0.197052 -0.067556
v 0.670893 0.197321 -0.088219
v 0.672308 0.197564 -0.066716
v 0.695379 0.207122 -0.086832
v 0.695358 0.207296 -0.066296
v 0.705723 0.231387 -0.088127
v 0.696338 0.208276 -0.067136
v 0.696359 0.208102 -0.087672
v 0.696851 0.209513 -0.066296
v 0.706235 0.232624 -0.087286
v 0.706165 0.232579 -0.066172
v 0.696705 0.256703 -0.088216
v 0.706165 0.233965 -0.067012
v 0.706235 0.234010 -0.088127
v 0.705653 0.235202 -0.066172
v 0.696193 0.257939 -0.087376
v 0.696280 0.257996 -0.066291
v 0.672477 0.268378 -0.088217
v 0.695300 0.258976 -0.067131
v 0.695213 0.258919 -0.088216
v 0.694063 0.259488 -0.066291
v 0.671240 0.268890 -0.087376
v 0.670841 0.268951 -0.066259
v 0.645978 0.197277 -0.071338
v 0.645989 0.197263 0.068270
v 0.645989 0.138289 -0.071285
v 0.645989 0.137916 -0.068270
v 0.645989 0.196890 0.071285
v 0.645978 0.137902 0.071338
v -0.772819 0.206990 -0.030754
v -0.772921 0.143580 -0.030816
v -0.772858 0.143150 0.030121
v -0.772819 0.208119 -0.029757
v -0.772858 0.144279 0.031118
v -0.773116 0.207556 0.030552
v -0.753603 0.266533 -0.026935
v -0.753932 0.229714 -0.026853
v -0.753939 0.266437 0.024986
v -0.753932 0.228991 -0.025297
v -0.753932 0.229027 0.026853
v -0.753939 0.265714 0.026542
v -0.753932 0.227491 -0.026853
v -0.753937 0.185026 -0.026545
v -0.753932 0.227527 0.025539
v -0.753937 0.184170 -0.025231
v -0.754155 0.183691 0.026320
v -0.753932 0.226671 0.026853
v -0.753962 0.375008 -0.049257
v -0.753949 0.332182 -0.054005
v -0.753995 0.365814 -0.040155
v -0.753975 0.380751 -0.005478
v -0.753962 0.376068 -0.048197
v -0.753995 0.366874 -0.039095
v -0.753949 0.327387 -0.056148
v -0.753962 0.371069 -0.051288
v -0.753992 0.327460 -0.069344
v -0.753962 0.378099 -0.044258
v -0.753975 0.382894 -0.000683
v -0.753898 0.396156 -0.000671
v -0.753992 0.325960 -0.068945
v -0.753949 0.292394 -0.042050
v -0.753949 0.325887 -0.055991
v -0.753957 0.378010 0.044355
v -0.753898 0.396156 0.000829
v -0.753975 0.382894 0.000817
v -0.753949 0.287488 -0.040175
v -0.753992 0.321739 -0.067596
v -0.753992 0.278209 -0.049557
v -0.753957 0.375980 0.048293
v -0.753975 0.380751 0.005612
v -0.753985 0.366876 0.039075
v -0.753992 0.277430 -0.048214
v -0.753973 0.272687 -0.005468
v -0.753949 0.286539 -0.039004
v -0.753953 0.332187 0.054009
v -0.753957 0.374919 0.049354
v -0.753985 0.365815 0.040136
v -0.753973 0.270544 -0.000674
v -0.753992 0.275400 -0.044275
v -0.753899 0.257278 -0.000773
v -0.753957 0.370981 0.051384
v -0.753953 0.327392 0.056152
v -0.753897 0.327451 0.069444
v -0.753848 0.275339 0.044409
v -0.753973 0.270544 0.000826
v -0.753899 0.257278 0.000727
v -0.753990 0.292444 0.042159
v -0.753897 0.325951 0.069045
v -0.753953 0.325892 0.055995
v -0.753973 0.272687 0.005621
v -0.753848 0.277369 0.048348
v -0.753990 0.286588 0.039112
v -0.753897 0.321731 0.067695
v -0.753990 0.287538 0.040284
v -0.753848 0.278148 0.049691
v -0.725831 0.303680 -0.002071
v -0.731769 0.269551 -0.008010
v -0.731769 0.269551 0.007903
v -0.725384 0.306247 -0.001261
v -0.729630 0.281848 0.005870
v -0.725384 0.306247 0.001625
v -0.656745 0.196504 -0.058029
v -0.656563 0.196347 0.059760
v -0.656609 0.228969 0.023315
v -0.656609 0.227514 0.027188
v -0.656563 0.198064 0.060092
v -0.656848 0.216302 0.053274
v -0.656606 0.229116 -0.023603
v -0.656745 0.198016 -0.058286
v -0.656609 0.229088 0.019561
v -0.656745 0.198221 -0.060306
v -0.656606 0.227542 -0.027609
v -0.656222 0.216434 -0.053164
v -0.634314 -0.020526 0.082467
v -0.634591 -0.020448 -0.085374
v -0.634417 -0.053531 -0.031726
v -0.634417 -0.052537 -0.036211
v -0.634591 -0.021963 -0.085773
v -0.634410 -0.043761 -0.072839
v -0.634314 -0.022026 0.082679
v -0.634417 -0.053594 -0.026527
v -0.634390 -0.053607 0.030951
v -0.634314 -0.022042 0.085520
v -0.634390 -0.052550 0.035537
v -0.634654 -0.043453 0.071761
v 0.478427 0.110771 -0.099577
v 0.478517 0.110771 0.096395
v 0.478426 0.025382 -0.099592
v 0.478426 0.024992 -0.096708
v 0.478517 0.110381 0.099280
v 0.478517 0.024983 0.099280
v 1.423591 -0.397469 0.156304
v 1.424058 -0.396382 -0.159546
v 1.532272 -0.397273 -0.160192
v 1.532574 -0.397273 -0.156470
v 1.533740 -0.396940 0.160226
v 1.423893 -0.397469 0.160027
v 0.413501 -0.071989 0.106414
v 0.393084 -0.116582 -0.113171
v 0.413344 -0.071617 -0.113152
v 0.393008 -0.116750 -0.107061
v 0.413425 -0.072157 0.112523
v 0.393105 -0.116876 0.112710
v 0.392987 -0.025600 -0.113189
v 0.393105 -0.025469 0.106601
v 0.413268 -0.070083 -0.113152
v 0.413344 -0.070250 -0.107042
v 0.393181 -0.025637 0.112710
v 0.413501 -0.070622 0.112523
v 0.748221 -0.133291 0.087600
v 0.748334 -0.133375 -0.090435
v 0.828039 -0.133291 -0.090395
v 0.750729 -0.133030 -0.091851
v 0.827919 -0.114911 -0.126832
v 0.828442 -0.132945 -0.091811
v 0.825525 -0.114695 -0.127249
v 0.748334 -0.132813 -0.092268
v 0.748417 -0.114762 -0.127106
v 0.828442 -0.133291 -0.087600
v 0.828457 -0.133275 0.090399
v 0.748624 -0.133291 0.090395
v 0.748221 -0.132945 0.091811
v 0.826063 -0.132929 0.091814
v 0.748787 -0.114926 0.126822
v 0.827919 -0.114695 0.127249
v 0.751181 -0.114710 0.127239
v 0.828457 -0.132713 0.092232
v 1.241833 -0.090192 -0.000744
v 1.053890 -0.090192 -0.000744
v 1.241492 -0.079887 -0.082846
v 1.051449 -0.079787 -0.083277
v 1.238665 -0.079838 -0.083241
v 1.051062 -0.090143 -0.001139
v 1.051062 -0.090192 0.000744
v 1.239005 -0.090192 0.000744
v 1.051062 -0.079837 0.083055
v 1.241833 -0.079990 0.083024
v 1.053890 -0.079788 0.083450
v 1.241833 -0.090143 0.001139
v -0.616608 -0.044592 -0.072587
v -0.135756 -0.044559 -0.072595
v -0.135706 -0.054102 -0.032778
v -0.633660 -0.044607 -0.072523
v -0.152758 -0.054117 -0.032714
v -0.633667 -0.054171 -0.032566
v -0.622545 -0.054344 -0.031086
v -0.135706 -0.054290 -0.031234
v -0.135827 -0.054329 0.030747
v -0.633667 -0.054344 -0.030985
v -0.146949 -0.054329 0.030848
v -0.633640 -0.054357 0.030412
v -0.135851 -0.044876 0.071670
v -0.616588 -0.054184 0.031892
v -0.135827 -0.054156 0.032328
v -0.633640 -0.054169 0.031956
v -0.152903 -0.044861 0.071735
v -0.632963 -0.044919 0.071860
v 0.648628 0.277385 0.050314
v 0.697466 0.277417 0.050157
v 0.697603 0.324951 0.069784
v 0.647631 0.278427 0.050746
v 0.696605 0.325993 0.070216
v 0.647631 0.326025 0.070463
v 0.647631 0.256688 0.001735
v 0.696468 0.276437 0.049177
v 0.647631 0.276405 0.049334
v 0.648628 0.256256 0.000693
v 0.697541 0.256442 0.000717
v 0.697466 0.276005 0.048135
v 0.647074 0.276203 -0.048164
v 0.696543 0.256442 -0.000669
v 0.647631 0.256256 -0.000693
v 0.648071 0.276635 -0.049206
v 0.697538 0.276679 -0.049310
v 0.697541 0.256874 -0.001711
v 0.748008 0.237759 -0.106304
v 0.748283 0.238297 0.106552
v 0.828455 0.238221 0.106581
v 0.828417 0.238259 -0.106581
v 0.647092 0.374880 -0.050552
v 0.696498 0.327404 -0.070314
v 0.647138 0.327333 -0.070272
v 0.648089 0.375922 -0.050120
v 0.697601 0.375829 -0.050187
v 0.697495 0.328446 -0.069883
v 0.647092 0.376902 -0.049140
v 0.647093 0.396523 -0.001721
v 0.696604 0.376809 -0.049207
v 0.697601 0.377240 -0.048165
v 0.648091 0.396955 -0.000679
v 0.697495 0.397033 -0.000701
v 0.647093 0.396955 0.000707
v 0.647631 0.377465 0.048292
v 0.696498 0.397033 0.000685
v 0.697495 0.396602 0.001727
v 0.648628 0.377033 0.049334
v 0.697606 0.376901 0.049106
v 0.647666 0.328477 0.070030
v 0.696609 0.375921 0.050086
v 0.647631 0.376053 0.050314
v 0.648663 0.327435 0.070462
v 0.697603 0.327378 0.070216
v 0.697606 0.374879 0.050518
v -0.751560 0.325949 0.055207
v -0.691916 0.326086 0.055243
v -0.691971 0.288678 0.039666
v -0.753203 0.325316 0.054945
v -0.693614 0.288045 0.039404
v -0.753240 0.288166 0.039575
v -0.753223 0.271751 0.001402
v -0.753240 0.287186 0.038596
v -0.693614 0.287065 0.038424
v -0.691982 0.271539 0.000805
v -0.751581 0.271489 0.000769
v -0.691971 0.286803 0.037791
v -0.753199 0.286874 -0.037854
v -0.753223 0.271489 -0.000617
v -0.693625 0.271539 -0.000581
v -0.691961 0.287107 -0.038458
v -0.751556 0.287136 -0.038487
v -0.691982 0.271801 -0.001214
v -0.693604 0.288087 -0.039438
v -0.753199 0.325311 -0.054941
v -0.753199 0.288116 -0.039467
v -0.751556 0.325944 -0.055203
v -0.691961 0.288720 -0.039700
v -0.692498 0.326026 -0.054963
v -0.694141 0.327412 -0.054963
v -0.753245 0.364664 -0.039820
v -0.753199 0.327330 -0.055203
v -0.751602 0.365297 -0.039558
v -0.692498 0.328045 -0.054701
v -0.692498 0.365094 -0.039355
v -0.751602 0.366277 -0.038578
v -0.692498 0.366074 -0.038375
v -0.692498 0.381420 -0.001326
v -0.753245 0.366539 -0.037945
v -0.694141 0.381682 -0.000693
v -0.753225 0.381949 -0.000626
v -0.751582 0.381949 0.000760
v -0.692498 0.381682 0.000693
v -0.691961 0.366419 0.037999
v -0.753225 0.381687 0.001393
v -0.693604 0.366157 0.038632
v -0.753235 0.366278 0.038558
v -0.751592 0.365298 0.039538
v -0.691961 0.365177 0.039612
v -0.691916 0.328104 0.054981
v -0.753235 0.364666 0.039800
v -0.693559 0.327472 0.055243
v -0.753203 0.327335 0.055207
v 0.823987 0.014727 0.128040
v 0.748744 0.033455 0.138182
v 0.748744 0.014253 0.128284
v 0.753283 0.033676 0.138296
v 0.828525 0.014948 0.128153
v 0.828410 0.033878 0.138178
v 0.828196 0.014495 -0.128307
v 0.752726 0.014500 -0.128111
v 0.828488 0.033788 -0.138004
v 0.748744 0.033676 -0.138296
v 0.823950 0.034009 -0.138117
v 0.748188 0.014720 -0.128225
v -0.721307 0.307410 -0.001507
v -0.723767 0.307607 -0.001507
v -0.723767 0.307607 0.000446
v -0.720247 0.307410 -0.000446
v -0.722707 0.307607 0.001507
v -0.720754 0.307607 0.001507
v -0.135583 -0.020342 0.087002
v -0.608393 -0.020417 0.087386
v -0.135851 -0.044009 0.072877
v -0.632963 -0.044105 0.072979
v -0.161022 -0.044048 0.072854
v -0.633564 -0.020455 0.087363
v -0.160776 -0.020356 -0.087680
v -0.633660 -0.043740 -0.073730
v -0.633841 -0.020339 -0.087639
v -0.608489 -0.043778 -0.073706
v -0.135605 -0.020394 -0.087657
v -0.135756 -0.043745 -0.073715
v 1.532705 0.162638 -0.160956
v 1.510535 -0.020273 -0.144732
v 1.423670 0.162720 -0.160390
v 1.423242 0.160100 -0.160155
v 1.509779 -0.022193 -0.144559
v 1.423030 -0.022186 -0.144524
v 1.510207 -0.023690 -0.144492
v 1.510190 -0.206350 -0.144506
v 1.423460 -0.023683 -0.144457
v 1.423030 -0.026301 -0.144457
v 1.509760 -0.208968 -0.144506
v 1.423036 -0.209070 -0.144465
v 1.509762 -0.210465 -0.144574
v 1.424058 -0.393016 -0.159993
v 1.423036 -0.210567 -0.144533
v 1.424485 -0.395635 -0.160229
v 1.510518 -0.212385 -0.144746
v 1.532475 -0.396526 -0.160875
v 1.509784 -0.022201 0.144553
v 1.423591 0.160615 0.161221
v 1.423053 -0.022150 0.144551
v 1.424019 0.163235 0.161457
v 1.510539 -0.020281 0.144726
v 1.532524 0.162928 0.160222
v 1.423591 -0.206394 0.144711
v 1.509782 -0.023698 0.144486
v 1.423053 -0.023647 0.144484
v 1.510206 -0.208996 0.144494
v 1.510211 -0.026316 0.144486
v 1.424021 -0.209012 0.144711
v 1.423591 -0.393285 0.161221
v 1.509778 -0.210493 0.144561
v 1.423591 -0.210509 0.144778
v 1.510534 -0.212414 0.144734
v 1.424019 -0.395905 0.161457
v 1.533641 -0.396193 0.160909
v -0.594667 0.024077 -0.120213
v -0.168633 0.023936 -0.119764
v -0.168658 0.023924 0.119197
v -0.596783 0.024077 -0.119682
v -0.170774 0.023924 0.119729
v -0.596838 0.023936 0.119764
v -0.597940 0.024707 -0.120213
v -0.597994 0.024567 0.112826
v -0.623001 0.063498 -0.120233
v -0.623089 0.063635 -0.113295
v -0.598082 0.024703 0.119764
v -0.623182 0.063460 0.119764
v 1.051062 -0.002175 -0.097607
v 1.241833 -0.002175 -0.097607
v 1.241492 -0.079006 -0.084111
v 1.051449 -0.078956 -0.084148
v 0.751035 0.219091 -0.137914
v 0.828417 0.237646 -0.108315
v 0.828420 0.219110 -0.137870
v 0.825669 0.237862 -0.107967
v 0.748287 0.219308 -0.137566
v 0.748744 0.238041 -0.108033
v 0.391949 -0.117433 -0.113171
v 0.392027 -0.117569 0.110581
v 0.264076 -0.117418 -0.113152
v 0.263535 -0.117418 -0.111070
v 0.391487 -0.117569 0.112663
v 0.263570 -0.117432 0.113162
v 0.262476 -0.116734 -0.113152
v 0.262510 -0.116748 0.107053
v 0.242201 -0.071875 -0.113104
v 0.242126 -0.071707 -0.106995
v 0.262435 -0.116581 0.113162
v 0.242063 -0.072165 0.112710
v 0.748744 0.219313 0.137992
v 0.825657 0.219355 0.137738
v 0.748283 0.237684 0.108286
v 0.828455 0.237825 0.107968
v 0.751031 0.237900 0.107939
v 0.828405 0.219571 0.137391
v 0.748098 0.038262 0.138354
v 0.828007 0.218208 0.138375
v 0.748744 0.218166 0.138629
v 0.828405 0.215382 0.138375
v 0.748496 0.035436 0.138354
v 0.828410 0.035295 0.138522
v 0.748188 0.013083 -0.127768
v 0.827586 0.013078 -0.127963
v 0.748417 -0.111822 -0.127771
v 0.828196 0.011233 -0.127963
v 0.827919 -0.113599 -0.127915
v 0.749027 -0.113666 -0.127771
v 0.827268 -0.113573 0.127929
v 0.748744 0.011335 0.128024
v 0.748744 -0.113599 0.127915
v 0.749354 0.013180 0.128024
v 0.827878 -0.111728 0.127929
v 0.827919 0.013180 0.128024
v -0.690998 0.374892 0.049234
v -0.690998 0.327469 0.068878
v -0.691166 0.327529 0.056031
v -0.691211 0.365694 0.040210
v -0.598132 0.102388 -0.121015
v -0.598283 0.026624 -0.120963
v -0.622603 0.064265 -0.120983
v -0.596783 0.024827 -0.120963
v -0.596632 0.104033 -0.121015
v -0.176157 0.024954 -0.121116
v -0.589249 0.104185 -0.121015
v -0.168725 0.104153 -0.121000
v -0.168774 0.025106 -0.121116
v -0.167274 0.026751 -0.121116
v -0.167225 0.102355 -0.121000
v -0.143405 0.064497 -0.121264
v -0.596479 0.025497 0.121264
v -0.176375 0.103648 0.121264
v -0.596479 0.103648 0.121264
v -0.597979 0.027142 0.121264
v -0.597979 0.101851 0.121264
v -0.622066 0.064497 0.121264
v -0.168992 0.025345 0.121264
v -0.168992 0.103496 0.121264
v -0.589096 0.025345 0.121264
v -0.167492 0.101851 0.121264
v -0.167492 0.027142 0.121264
v -0.143405 0.064497 0.121264
v 0.262293 -0.028319 -0.113933
v 0.262035 -0.113941 -0.113902
v 0.242640 -0.071024 -0.113854
v 0.263535 -0.116668 -0.113902
v 0.263793 -0.026292 -0.113933
v 0.390342 -0.116683 -0.113921
v 0.265400 -0.025592 -0.113933
v 0.391928 -0.025667 -0.113939
v 0.391949 -0.115983 -0.113921
v 0.393449 -0.113957 -0.113921
v 0.393428 -0.028393 -0.113939
v 0.412830 -0.070934 -0.113902
v 0.263570 -0.115982 0.113912
v 0.390032 -0.026166 0.114210
v 0.263526 -0.025695 0.113913
v 0.262070 -0.113955 0.113912
v 0.262026 -0.028421 0.113913
v 0.243037 -0.070545 0.113806
v 0.391639 -0.116179 0.114210
v 0.391639 -0.026866 0.114210
v 0.265177 -0.116682 0.113912
v 0.393139 -0.028892 0.114210
v 0.393139 -0.113453 0.114210
v 0.412273 -0.071172 0.114210
v -1.358732 0.069879 0.028650
v -1.533022 0.042998 0.039673
v -1.533052 0.069803 0.028580
v -1.524844 0.042870 0.039726
v -1.350555 0.069751 0.028702
v -1.350648 0.042895 0.039893
v -1.524874 0.070783 0.027600
v -1.350555 0.081979 0.000816
v -1.350555 0.070858 0.027670
v -1.358733 0.082031 0.000689
v -1.533052 0.070835 0.027473
v -1.533052 0.081928 0.000693
v -1.524874 0.081928 -0.000693
v -1.350555 0.070905 -0.027548
v -1.350555 0.082031 -0.000697
v -1.358733 0.070853 -0.027676
v -1.533052 0.081875 -0.000820
v -1.533052 0.070783 -0.027600
v -1.524874 0.069803 -0.028580
v -1.350555 0.043018 -0.039776
v -1.350555 0.069873 -0.028655
v -1.358732 0.042891 -0.039828
v -1.533052 0.069676 -0.028632
v -1.533052 0.042895 -0.039725
v -1.524874 0.041509 -0.039725
v -1.350555 0.014654 -0.028702
v -1.350555 0.041505 -0.039828
v -1.358733 0.014526 -0.028650
v -1.533052 0.041382 -0.039672
v -1.533052 0.014602 -0.028580
v -1.350555 0.013547 -0.027670
v -1.524874 0.013622 -0.027600
v -1.350555 0.002426 -0.000816
v -1.533052 0.002477 -0.000693
v -1.358733 0.002374 -0.000689
v -1.533052 0.013570 -0.027473
v -1.350555 0.002374 0.000697
v -1.524874 0.002477 0.000693
v -1.350555 0.013500 0.027548
v -1.533052 0.013622 0.027600
v -1.358733 0.013552 0.027676
v -1.533052 0.002530 0.000820
v -1.524874 0.014602 0.028580
v -1.350629 0.041355 0.039826
v -1.350555 0.014532 0.028655
v -1.358807 0.041482 0.039879
v -1.533052 0.014729 0.028632
v -1.533052 0.041510 0.039725
v -0.637505 0.042895 -0.056374
v -0.901939 0.042824 -0.056159
v -0.901942 0.081452 -0.040170
v -0.637505 0.081574 -0.040352
v -0.724245 0.131571 -0.032052
v -0.772171 0.143421 -0.031566
v -0.772069 0.208278 -0.031504
v -0.724258 0.219651 -0.031846
v 0.263526 -0.024945 0.113163
v 0.392046 -0.024786 0.112710
v 0.391928 -0.024917 -0.113189
v 0.263793 -0.024842 -0.113183
v -0.901942 0.082432 -0.039190
v -0.901923 0.098372 -0.000600
v -0.637505 0.098576 -0.000693
v -0.637505 0.082554 -0.039372
v 1.051062 -0.078956 0.084321
v 1.241833 -0.078540 0.084542
v 1.241833 -0.002175 0.097607
v 1.051062 -0.002175 0.097607
v -0.901929 0.002128 -0.039330
v -0.646119 0.001850 -0.039372
v -0.901880 -0.013930 -0.001006
v 0.694792 0.208689 0.089172
v 0.695243 0.257939 0.088847
v 0.645595 0.257855 0.088980
v 0.645964 0.208689 0.089172
v -0.637505 -0.014171 -0.000693
v -0.893266 -0.013979 -0.000885
v -0.637505 0.001800 -0.039252
v -0.623182 0.065534 0.119764
v -0.597994 0.104426 0.119764
v -0.597788 0.104305 -0.120265
v -0.623089 0.064895 -0.120233
v 0.477237 0.110241 0.100780
v -0.091214 0.110241 0.100780
v 0.477237 0.025634 0.100780
v -0.100598 0.025514 0.100780
v 0.467853 0.025514 0.100780
v -0.100598 0.110121 0.100780
v 0.468294 0.110771 -0.100327
v -0.101010 0.025278 -0.100546
v -0.101031 0.110674 -0.100463
v -0.091626 0.025159 -0.100546
v 0.477677 0.110651 -0.100327
v 0.477676 0.024992 -0.100342
v 0.670351 0.252663 -0.066912
v 0.670339 0.252677 0.064061
v 0.725214 0.236637 -0.066811
v 0.725595 0.236525 -0.063977
v 0.670720 0.252565 0.066895
v 0.724998 0.236182 0.067057
v 0.668912 0.252663 -0.064078
v 0.613891 0.236403 0.066959
v 0.668899 0.252677 0.066895
v 0.613695 0.236653 -0.066433
v 0.613510 0.236291 0.064125
v 0.668531 0.252551 -0.066912
v 0.646319 0.382736 0.000861
v 0.646301 0.366877 0.039074
v 0.646131 0.375953 0.048173
v 0.646343 0.396119 0.000764
v -0.901418 0.002830 0.040352
v -0.637505 0.002830 0.040352
v -0.637505 0.041509 0.056374
v -0.901418 0.041509 0.056374
v 0.747289 0.035617 -0.137282
v 0.747348 0.035436 0.137481
v 0.747533 0.237547 0.106657
v 0.747258 0.237009 -0.106409
v 0.644464 0.211710 0.089172
v 0.644095 0.254835 0.088980
v 0.635603 0.233103 0.089172
v -0.101878 0.024984 0.099280
v -0.101878 0.110771 0.099280
v -0.101781 0.110674 -0.099713
v -0.101760 0.025159 -0.099796
v 0.691772 0.207189 0.089172
v 0.648984 0.207189 0.089172
v 0.670378 0.198327 0.089172
v 0.648616 0.259355 0.088980
v 0.692223 0.259439 0.088847
v 0.670231 0.268437 0.088900
v 0.696743 0.254918 0.088847
v 0.696292 0.211710 0.089172
v 0.705634 0.233281 0.088969
v 0.647138 0.325947 -0.070272
v 0.697495 0.326018 -0.070314
v 0.697538 0.277659 -0.050290
v 0.647074 0.277614 -0.050186
v 0.696292 0.211710 -0.089172
v 0.696656 0.254862 -0.088966
v 0.705710 0.233317 -0.088877
v 0.692136 0.259382 -0.088966
v 0.648618 0.259380 -0.088966
v 0.670547 0.268365 -0.088967
v 0.644098 0.254860 -0.088966
v 0.644100 0.211343 -0.088966
v 0.635009 0.232877 -0.088820
v 0.648620 0.206823 -0.088966
v 0.691772 0.207189 -0.089172
v 0.670200 0.197846 -0.088969
v 0.582007 0.217536 -0.054412
v -0.655472 0.217282 -0.053070
v -0.655856 0.229576 -0.024602
v 0.640216 0.217543 -0.054394
v -0.597647 0.229583 -0.024584
v 0.640408 0.229768 -0.024758
v 0.599935 0.230051 -0.023313
v -0.655856 0.229866 -0.023139
v -0.655859 0.229838 0.022691
v 0.640408 0.230051 -0.023285
v -0.615386 0.229838 0.022719
v 0.640408 0.230051 0.022695
v 0.582199 0.229768 0.024140
v -0.655859 0.229555 0.024163
v -0.655348 0.217673 0.053707
v 0.640408 0.229761 0.024158
v -0.597139 0.217665 0.053725
v 0.640408 0.217845 0.053462
v 0.640408 0.196359 -0.062252
v -0.570883 0.196465 -0.061695
v 0.640216 0.216530 -0.055352
v -0.655472 0.216289 -0.054005
v 0.555104 0.216543 -0.055348
v -0.655995 0.196477 -0.061691
v 0.555295 0.196360 0.061634
v -0.655348 0.216660 0.054665
v -0.655813 0.196307 0.061481
v -0.570235 0.216672 0.054661
v 0.640408 0.196372 0.061630
v 0.640408 0.216399 0.054825
v 0.644698 0.196746 0.072838
v -0.551752 0.196746 0.072838
v 0.644698 0.138470 0.072838
v -0.581817 0.138433 0.072838
v 0.614633 0.138433 0.072838
v -0.581817 0.196709 0.072838
v 0.615003 0.197127 -0.072618
v -0.582241 0.138074 -0.072563
v -0.581817 0.196746 -0.072838
v -0.552176 0.138036 -0.072563
v 0.645067 0.197090 -0.072618
v 0.645026 0.138037 -0.072634
v 0.828488 0.035425 -0.138461
v 0.748039 0.035617 -0.138154
v 0.748287 0.217945 -0.138550
v 0.828420 0.217963 -0.138507
v -0.675970 0.209402 -0.030552
v -0.722779 0.220427 -0.031096
v -0.722766 0.220661 0.029170
v -0.675178 0.209211 -0.029170
v -0.721974 0.220470 0.030552
v -0.675178 0.209211 0.030552
v -0.724237 0.220427 -0.029714
v -0.770961 0.209151 0.031118
v -0.724224 0.220661 0.030552
v -0.725028 0.220237 -0.031096
v -0.772090 0.209045 -0.030754
v -0.771752 0.208960 0.029736
v -0.872289 0.060862 0.022649
v -0.642051 0.060862 0.022649
v -0.642051 0.081019 0.037690
v -0.885311 0.060931 0.022700
v -0.655073 0.081088 0.037742
v -0.885311 0.081088 0.037742
v -0.872289 0.081088 -0.037742
v -0.642051 0.081088 -0.037742
v -0.642051 0.060931 -0.022700
v -0.885311 0.081019 -0.037690
v -0.655073 0.060862 -0.022649
v -0.885311 0.060862 -0.022649
v 0.724864 0.235958 -0.067561
v 0.670434 0.182550 -0.067670
v 0.670381 0.251872 -0.067662
v 0.671888 0.181868 -0.067670
v 0.725913 0.234885 -0.067561
v 0.736421 0.191704 -0.067815
v 0.668934 0.182550 -0.067670
v 0.614204 0.235480 -0.067785
v 0.668881 0.251872 -0.067662
v 0.667480 0.181868 -0.067670
v 0.602517 0.191973 -0.067933
v 0.613156 0.234407 -0.067785
v 0.602067 0.192545 0.067367
v 0.667414 0.182435 0.067933
v 0.613192 0.234652 0.067709
v 0.668868 0.183117 0.067933
v 0.668869 0.251886 0.067645
v 0.614241 0.235724 0.067709
v 0.670368 0.183117 0.067933
v 0.724267 0.235615 0.067807
v 0.670369 0.251886 0.067645
v 0.725316 0.234542 0.067807
v 0.671822 0.182435 0.067933
v 0.736721 0.191973 0.067933
v -1.311874 0.074087 -0.030905
v -0.884782 0.086580 -0.000747
v -0.884782 0.074087 -0.030905
v -0.904037 0.086602 -0.000693
v -1.331129 0.074110 -0.030851
v -1.331129 0.086602 -0.000693
v -1.331129 0.073107 -0.031885
v -0.904037 0.073107 -0.031885
v -1.331129 0.042949 -0.044378
v -1.311874 0.086602 0.000693
v -0.884782 0.074110 0.030851
v -0.884782 0.086602 0.000693
v -0.884782 0.042895 -0.044400
v -1.311874 0.042895 -0.044400
v -0.884782 0.073053 -0.031908
v -0.904037 0.074087 0.030905
v -1.331129 0.086580 0.000747
v -1.331129 0.074087 0.030905
v -1.331129 0.041509 -0.044400
v -0.904037 0.041509 -0.044400
v -1.331129 0.011351 -0.031908
v -0.884782 0.073107 0.031885
v -1.311874 0.073107 0.031885
v -0.884782 0.042949 0.044378
v -0.884782 0.011297 -0.031885
v -1.311874 0.011297 -0.031885
v -0.884782 0.041455 -0.044378
v -1.331129 0.042895 0.044400
v -0.904037 0.042895 0.044400
v -1.331129 0.073053 0.031908
v -1.331129 0.010317 -0.030905
v -0.904037 0.010317 -0.030905
v -1.331129 -0.002176 -0.000747
v -0.884782 0.041509 0.044400
v -1.311874 0.041509 0.044400
v -0.884782 0.011351 0.031908
v -0.884782 -0.002198 -0.000693
v -1.311874 -0.002198 -0.000693
v -0.884782 0.010294 -0.030851
v -1.331129 0.011297 0.031885
v -0.904037 0.011297 0.031885
v -1.331129 0.041455 0.044378
v -1.331129 -0.002198 0.000693
v -0.904037 -0.002198 0.000693
v -1.331129 0.010294 0.030851
v -0.884782 0.010317 0.030905
v -1.311874 0.010317 0.030905
v -0.884782 -0.002176 0.000747
v -0.652633 0.140024 -0.037920
v -0.885907 0.112313 -0.027416
v -0.885025 0.140333 -0.038005
v -0.874895 0.112217 -0.027381
v -0.641621 0.139928 -0.037884
v -0.641497 0.112217 -0.027431
v 1.051484 0.075990 -0.084231
v 1.241411 0.075990 -0.084231
v 1.241833 -0.000697 -0.097607
v 1.051062 -0.000697 -0.097607
v -0.642051 0.139925 0.038031
v -0.874299 0.140293 0.038070
v -0.642051 0.112313 0.027711
v -0.885907 0.112217 0.027381
v -0.653063 0.112217 0.027675
v -0.885311 0.140197 0.038034
v -0.642051 0.110811 0.027675
v -0.874895 0.110811 0.027381
v -0.642051 0.083198 0.037995
v -0.885311 0.083102 0.038031
v -0.653063 0.083102 0.038031
v -0.885907 0.110715 0.027416
v -0.753148 0.396991 -0.000614
v -0.692050 0.397033 -0.000703
v -0.692012 0.376907 -0.049208
v -0.753212 0.376901 -0.049110
v -0.675324 0.207822 -0.031868
v -0.722745 0.133220 -0.032052
v -0.722758 0.219651 -0.031846
v -0.721879 0.131780 -0.032052
v -0.674883 0.205705 -0.031868
v -0.675375 0.142991 -0.032052
v 0.747584 -0.132625 -0.090598
v 0.747471 -0.132541 0.090558
v 0.747244 0.013180 0.126316
v 0.747438 0.013083 -0.126810
v -0.722745 0.133220 0.032052
v -0.675816 0.207822 0.032052
v -0.722745 0.219135 0.032052
v -0.675375 0.205705 0.032052
v -0.721879 0.131780 0.032052
v -0.675375 0.142991 0.032052
v -0.728129 0.281851 0.007369
v -0.721000 0.306247 0.003124
v -0.723885 0.306247 0.003124
v -0.720190 0.303679 0.003571
v -0.730163 0.269551 0.009509
v -0.714251 0.269551 0.009509
v -0.716392 0.281851 -0.007369
v -0.723521 0.306247 -0.003124
v -0.720636 0.306247 -0.003124
v -0.724331 0.303679 -0.003571
v -0.714358 0.269551 -0.009509
v -0.730269 0.269551 -0.009509
v -0.872289 0.141597 0.037883
v -0.642051 0.141939 0.037742
v -0.642059 0.162262 0.022529
v -0.885311 0.141666 0.037831
v -0.655082 0.162331 0.022478
v -0.885675 0.162262 0.022411
v -0.872765 0.162226 -0.022325
v -0.641560 0.162210 -0.022326
v -0.641621 0.141397 -0.037681
v -0.885787 0.162156 -0.022377
v -0.654643 0.141328 -0.037733
v -0.885025 0.141637 -0.037818
v -0.694095 0.266439 -0.027608
v -0.753182 0.229610 -0.027603
v -0.752853 0.266533 -0.027685
v -0.751364 0.228991 -0.027603
v -0.692278 0.265819 -0.027608
v -0.691978 0.229046 -0.027610
v -0.751646 0.227491 -0.027603
v -0.691978 0.227546 -0.027610
v -0.692276 0.184901 -0.027604
v -0.753182 0.226758 -0.027603
v -0.693812 0.184168 -0.027604
v -0.753187 0.184170 -0.027295
v -0.692498 0.266294 0.027820
v -0.751365 0.229027 0.027603
v -0.692498 0.229027 0.027820
v -0.753182 0.229646 0.027603
v -0.694315 0.266913 0.027820
v -0.753189 0.266437 0.027292
v -0.752655 0.184423 0.027820
v -0.694034 0.227527 0.027820
v -0.753182 0.227527 0.027603
v -0.692498 0.226795 0.027820
v -0.751119 0.183691 0.027820
v -0.692498 0.183691 0.027820
v 0.648584 0.265906 -0.027600
v 0.697577 0.265906 -0.027600
v 0.697047 0.229614 -0.027820
v 0.647101 0.265147 -0.027600
v 0.695564 0.228855 -0.027820
v 0.647631 0.228855 -0.027820
v 0.697582 0.229332 0.027292
v 0.697270 0.264670 0.027604
v 0.649114 0.228855 0.027820
v 0.647631 0.229614 0.027820
v 0.695787 0.265428 0.027604
v 0.647631 0.265906 0.027820
v -0.657160 0.163021 -0.021158
v -0.885787 0.163037 -0.021157
v -0.885818 0.168941 -0.000693
v -0.641560 0.163042 -0.021089
v -0.870217 0.168961 -0.000624
v -0.641570 0.168992 -0.000733
v -0.657171 0.168992 0.000707
v -0.885818 0.168961 0.000816
v -0.885675 0.163094 0.021174
v -0.641570 0.168972 0.000776
v -0.870075 0.163074 0.021243
v -0.642051 0.163145 0.021306
v -0.901923 0.098372 0.000786
v -0.901940 0.082439 0.039184
v -0.637505 0.082554 0.039372
v -0.637505 0.098576 0.000693
v -0.901418 0.042895 0.056374
v -0.637505 0.042895 0.056374
v -0.637505 0.081574 0.040352
v -0.901940 0.081459 0.040164
v -0.170841 0.104903 -0.120250
v -0.596632 0.104935 -0.120265
v -0.596838 0.105057 0.119232
v -0.168725 0.104903 -0.119719
v -0.594722 0.105057 0.119764
v -0.168633 0.105057 0.119764
v -0.142246 0.063682 0.112552
v -0.167530 0.024970 -0.120366
v -0.142259 0.063876 -0.119408
v -0.167618 0.024834 -0.113427
v -0.142334 0.063546 0.119490
v -0.167477 0.024567 0.119764
v 0.668942 0.180895 -0.066920
v 0.668876 0.180712 0.064071
v 0.602167 0.190761 -0.066433
v 0.601696 0.190830 -0.064071
v 0.668405 0.180781 0.066433
v 0.602212 0.190502 0.066433
v 0.670426 0.180895 -0.064558
v 0.736554 0.190433 0.066433
v 0.670360 0.180712 0.066433
v 0.736616 0.190974 -0.067065
v 0.737025 0.190502 0.064071
v 0.670898 0.180964 -0.066920
v -0.751841 0.277517 0.050241
v -0.692498 0.277384 0.050314
v -0.692533 0.325177 0.070119
v -0.753098 0.278344 0.050584
v -0.693790 0.326004 0.070462
v -0.753147 0.326009 0.070279
v -0.753149 0.256785 0.001497
v -0.693755 0.276404 0.049334
v -0.753098 0.276537 0.049261
v -0.751893 0.256442 0.000670
v -0.691962 0.256482 0.000705
v -0.692498 0.276061 0.048507
v -0.753242 0.276255 -0.048300
v -0.693218 0.256482 -0.000681
v -0.753149 0.256442 -0.000716
v -0.751986 0.276598 -0.049127
v -0.691965 0.276553 -0.049170
v -0.691962 0.256825 -0.001508
v -0.753242 0.325189 -0.069837
v -0.693222 0.277533 -0.050149
v -0.753242 0.277578 -0.050107
v -0.751986 0.326017 -0.070179
v -0.691965 0.326015 -0.070241
v -0.691965 0.278360 -0.050492
v -0.753212 0.375094 -0.050433
v -0.693222 0.327401 -0.070241
v -0.753242 0.327402 -0.070179
v -0.751956 0.375921 -0.050090
v -0.692012 0.375927 -0.050188
v -0.691965 0.328228 -0.069898
v 0.694792 0.208689 -0.089172
v 0.645600 0.208323 -0.088966
v 0.645598 0.257880 -0.088966
v 0.695156 0.257882 -0.088966
v -0.753148 0.396991 0.000772
v -0.753207 0.377155 0.048379
v -0.693306 0.397033 0.000683
v -0.692050 0.396690 0.001510
v -0.751951 0.376812 0.049206
v -0.692498 0.377033 0.049334
v -0.753147 0.328221 0.069936
v -0.693755 0.376053 0.050314
v -0.753207 0.375832 0.050186
v -0.751890 0.327394 0.070279
v -0.692498 0.327413 0.070463
v -0.692498 0.375226 0.050657
v -0.134833 -0.020451 0.082083
v -0.134956 -0.053477 -0.031873
v -0.134855 -0.020465 -0.085415
v -0.134855 -0.021981 -0.085814
v -0.134956 -0.052483 -0.036358
v -0.135006 -0.043728 -0.072847
v -0.134956 -0.053540 -0.026675
v -0.134833 -0.021951 0.082295
v -0.135077 -0.053579 0.031386
v -0.135077 -0.052523 0.035972
v -0.134833 -0.021966 0.085136
v -0.135101 -0.044031 0.071987
v -0.637505 0.001850 0.039372
v -0.901418 0.001850 0.039372
v -0.901880 -0.013979 0.000501
v -0.637505 -0.014171 0.000693
v -0.167477 0.104426 0.119764
v -0.142246 0.064943 0.119490
v -0.142259 0.065136 -0.119408
v -0.167569 0.104272 -0.120250
v 0.695156 0.257882 0.065422
v 0.694792 0.209750 0.065216
v 0.646604 0.257799 0.065413
v 0.696292 0.211710 0.065216
v 0.696656 0.254862 0.065422
v 0.705710 0.233317 0.065511
v 0.692136 0.259382 0.065422
v 0.648564 0.259299 0.065413
v 0.670569 0.268498 0.065590
v 0.693731 0.208689 0.065216
v 0.645964 0.208689 0.065216
v 0.645544 0.256738 0.065413
v 0.644044 0.254779 0.065413
v 0.644464 0.211710 0.065216
v 0.635122 0.233281 0.065419
v 0.648984 0.207189 0.065216
v 0.691772 0.207189 0.065216
v 0.670378 0.198327 0.065216
v 0.644125 0.211341 -0.065408
v 0.643959 0.254855 -0.065543
v 0.635116 0.232934 -0.065422
v 0.645459 0.256814 -0.065543
v 0.645625 0.208320 -0.065408
v 0.694241 0.208333 -0.065546
v 0.692281 0.206833 -0.065546
v 0.648645 0.206820 -0.065408
v 0.670378 0.198327 -0.065216
v 0.695301 0.209394 -0.065546
v 0.695243 0.257939 -0.065541
v 0.646520 0.257875 -0.065543
v 0.648480 0.259375 -0.065543
v 0.692223 0.259439 -0.065541
v 0.670148 0.268426 -0.065509
v 0.696743 0.254918 -0.065541
v 0.696801 0.211354 -0.065546
v 0.705640 0.233272 -0.065422
v -0.582991 0.138036 -0.071813
v -0.583097 0.137903 0.068323
v -0.583097 0.196903 -0.071338
v -0.582241 0.137286 -0.071720
v 0.633150 0.137144 0.071324
v -0.582347 0.137153 0.071338
v -0.570171 0.137286 -0.071813
v 0.645026 0.137287 -0.071884
v 0.645220 0.137144 0.071231
v -0.583097 0.197276 -0.068323
v -0.583097 0.138276 0.071338
v -0.583097 0.197276 0.071338
v 0.632997 0.197877 -0.071868
v -0.582347 0.198026 -0.071338
v -0.582347 0.198026 0.071245
v 0.645067 0.197877 -0.071775
v -0.570277 0.198026 0.071338
v 0.645229 0.198026 0.071338
v -1.526522 0.002031 0.041151
v -1.324918 0.002031 0.041151
v -1.324935 0.041344 0.057438
v -1.533052 0.002190 0.041217
v -1.331465 0.041503 0.057504
v -1.533052 0.041508 0.057504
v -1.533528 -0.015065 0.000875
v -1.331448 0.001051 0.040171
v -1.533052 0.001051 0.040171
v -1.526998 -0.015131 0.000716
v -1.324395 -0.015062 0.000523
v -1.324918 0.000985 0.040012
v -1.533519 0.001013 -0.039786
v -1.330925 -0.015062 -0.000863
v -1.533528 -0.015131 -0.000670
v -1.526989 0.001079 -0.039945
v -1.324414 0.001205 -0.040050
v -1.324395 -0.014996 -0.001022
v -1.533541 0.041262 -0.057250
v -1.330944 0.002185 -0.041029
v -1.533519 0.002059 -0.040925
v -1.527011 0.041422 -0.057316
v -1.324411 0.041480 -0.057306
v -1.324414 0.002344 -0.041095
v -1.533541 0.082020 -0.041146
v -1.330941 0.042866 -0.057306
v -1.533541 0.042807 -0.057316
v -1.527011 0.082179 -0.041080
v -1.324476 0.082287 -0.041034
v -1.324411 0.043025 -0.057240
v -1.533561 0.099441 -0.000821
v -1.331006 0.083267 -0.040054
v -1.533541 0.083159 -0.040100
v -1.324476 0.083333 -0.039895
v -1.527031 0.099507 -0.000662
v -1.324429 0.099497 -0.000872
v -1.533052 0.083420 0.040012
v -1.330959 0.099497 0.000514
v -1.533561 0.099507 0.000724
v -1.324429 0.099431 0.000673
v -1.526522 0.083354 0.040171
v -1.324918 0.083354 0.040171
v -1.533035 0.043060 0.057438
v -1.331448 0.082374 0.041151
v -1.533052 0.082374 0.041151
v -1.526505 0.042901 0.057504
v -1.324918 0.042896 0.057504
v -1.324918 0.082215 0.041217
v 1.422281 -0.022183 -0.143771
v 1.422303 -0.022147 0.143798
v 1.422214 0.163517 0.159608
v 1.422493 0.162717 -0.159637
v 0.648411 0.326114 0.055185
v 0.697593 0.325942 0.055206
v 0.697594 0.288845 0.039758
v 0.647105 0.325317 0.054855
v 0.696288 0.288049 0.039429
v 0.647069 0.288125 0.039497
v 0.647085 0.271843 0.001404
v 0.647069 0.287145 0.038517
v 0.696288 0.287069 0.038449
v 0.697617 0.271488 0.000616
v 0.648391 0.271513 0.000608
v 0.697594 0.286739 0.037653
v 0.647069 0.286768 -0.037688
v 0.647085 0.271513 -0.000778
v 0.696311 0.271488 -0.000770
v 0.697614 0.287245 -0.038636
v 0.648375 0.287098 -0.038484
v 0.697617 0.271817 -0.001566
v 0.696308 0.288225 -0.039616
v 0.647631 0.325230 -0.054633
v 0.647069 0.288078 -0.039464
v 0.648937 0.326026 -0.054963
v 0.697614 0.289021 -0.039946
v 0.697596 0.325945 -0.055209
v 0.696291 0.327331 -0.055209
v 0.647631 0.364298 -0.039684
v 0.647631 0.327412 -0.054963
v 0.648937 0.365094 -0.039355
v 0.697596 0.328127 -0.054879
v 0.697617 0.365279 -0.039540
v 0.648937 0.366074 -0.038375
v 0.697617 0.366259 -0.038560
v 0.697618 0.381621 -0.001557
v 0.647631 0.366403 -0.037579
v 0.696313 0.381951 -0.000761
v 0.647069 0.381948 -0.000582
v 0.648375 0.381948 0.000804
v 0.697618 0.381951 0.000625
v 0.697627 0.366586 0.037784
v 0.647069 0.381618 0.001600
v 0.696321 0.366256 0.038580
v 0.647051 0.366279 0.038557
v 0.648357 0.365299 0.039537
v 0.697627 0.365276 0.039560
v 0.697593 0.328123 0.054876
v 0.647051 0.364503 0.039867
v 0.696288 0.327327 0.055206
v 0.647105 0.327499 0.055185
v 1.241833 0.087320 -0.000744
v 1.241411 0.076822 -0.083360
v 1.051484 0.076822 -0.083360
v 1.051062 0.087320 -0.000744
v -0.101010 0.024409 -0.099494
v 0.474027 0.024215 0.099242
v -0.101128 0.024234 0.099280
v -0.097290 0.024409 -0.099796
v 0.477676 0.024242 -0.099592
v 0.477747 0.024215 0.098940
v 0.473958 0.111521 -0.099577
v -0.101031 0.111424 -0.099713
v -0.101128 0.111521 0.098978
v 0.477677 0.111521 -0.099274
v -0.097409 0.111521 0.099280
v 0.477767 0.111521 0.099280
v 1.051062 0.087320 0.000744
v 1.051484 0.076822 0.083360
v 1.241411 0.076822 0.083360
v 1.241833 0.087320 0.000744
v 1.241411 0.075990 0.084231
v 1.051484 0.075990 0.084231
v 1.051062 -0.000697 0.097607
v 1.241833 -0.000697 0.097607
v -0.640747 0.108219 -0.027595
v -0.640551 0.063322 -0.022613
v -0.640974 0.082866 -0.037040
v -0.640810 0.160198 -0.022892
v -0.640747 0.114809 -0.027595
v -0.640871 0.140605 -0.037336
v -0.691215 0.277103 -0.048538
v -0.691211 0.286509 -0.038975
v -0.691232 0.270751 -0.000638
v -0.691212 0.257317 -0.000738
v -0.640551 0.110764 0.024917
v -0.640551 0.062413 -0.021015
v -0.640747 0.110764 -0.026341
v -0.640551 0.061459 -0.019852
v -0.640551 0.109411 0.025701
v -0.640551 0.061459 0.020920
v -0.640551 0.063322 0.022613
v -0.640551 0.108219 0.027089
v -0.640551 0.082259 0.036744
v -0.640551 0.115821 0.025481
v -0.640820 0.168018 0.001368
v -0.640551 0.161740 0.020903
v -0.640551 0.114809 0.027089
v -0.640551 0.159705 0.022613
v -0.640551 0.140768 0.036744
v -0.674133 0.207556 -0.031118
v -0.673875 0.207556 0.029555
v -0.673875 0.144279 -0.030552
v -0.673875 0.143150 -0.029555
v -0.673875 0.206427 0.030552
v -0.673875 0.143150 0.030552
v -0.719137 0.306247 0.001261
v -0.714891 0.281848 -0.005870
v -0.719368 0.306671 -0.001625
v -0.712752 0.269551 -0.007903
v -0.718690 0.303680 0.002071
v -0.712752 0.269551 0.008009
v 1.423242 0.163467 -0.159707
v 1.422964 0.164267 0.159678
v 1.532623 0.163675 0.159539
v 1.532805 0.163385 -0.160274
v -0.690998 0.184547 0.026320
v -0.691228 0.227546 -0.025546
v -0.690998 0.227527 0.026320
v -0.691228 0.226690 -0.026860
v -0.690998 0.183691 0.025006
v -0.691526 0.184168 -0.026854
v -0.690998 0.327469 -0.056501
v -0.691215 0.327458 -0.069405
v -0.691262 0.375296 -0.049638
v -0.690998 0.366141 -0.040483
v -0.691211 0.287570 -0.040036
v -0.691215 0.278164 -0.049599
v -0.691215 0.325958 -0.069405
v -0.690998 0.325969 -0.056501
v -0.641497 0.110811 -0.027431
v -0.641724 0.083448 -0.037624
v -0.885311 0.083102 -0.038031
v -0.885907 0.110811 -0.027381
v -0.690998 0.325969 0.068878
v -0.690998 0.278545 0.049234
v -0.691221 0.287528 0.040001
v -0.691166 0.326029 0.056031
v -0.690998 0.383220 -0.000750
v -0.690998 0.367202 -0.039422
v -0.691262 0.376357 -0.048577
v -0.691300 0.396198 -0.000760
v -0.690998 0.383220 0.000750
v -0.691300 0.396198 0.000740
v -0.690998 0.375953 0.048173
v -0.691211 0.366755 0.039149
v -0.690998 0.277484 0.048173
v -0.691212 0.257317 0.000762
v -0.691232 0.270751 0.000862
v -0.691221 0.286468 0.038941
v 0.601143 0.191665 -0.066433
v 0.601320 0.192650 0.062848
v 0.612489 0.234821 -0.067035
v 0.612564 0.235110 -0.063266
v 0.601395 0.192939 0.066617
v 0.612601 0.235354 0.066959
v 0.646342 0.375009 -0.049288
v 0.646131 0.332264 -0.054515
v 0.646131 0.366141 -0.040483
v -0.691528 0.266438 -0.026858
v -0.690998 0.266913 0.026320
v -0.690998 0.229027 0.026320
v -0.691228 0.229046 -0.026860
v 0.646131 0.327469 -0.056658
v 0.646342 0.371070 -0.051318
v 0.646388 0.327390 -0.069437
v 0.646324 0.282466 -0.051384
v 0.646131 0.325969 -0.056658
v 0.646388 0.325890 -0.069437
v 0.646319 0.382736 -0.000639
v 0.646343 0.396119 -0.000736
v 0.646342 0.376351 -0.048509
v 0.646131 0.367202 -0.039422
v 0.646131 0.321174 -0.054515
v 0.646324 0.278528 -0.049354
v 0.646319 0.287561 -0.040062
v 0.646324 0.277467 -0.048293
v 0.646335 0.272711 -0.005630
v 0.646319 0.286500 -0.039001
v 0.646355 0.332351 0.053987
v 0.646131 0.374610 0.048952
v 0.646301 0.365816 0.040135
v 0.646335 0.270568 -0.000835
v 0.646324 0.275437 -0.044355
v 0.646131 0.257841 -0.000750
v 0.646131 0.370671 0.050982
v 0.646355 0.327556 0.056130
v 0.646131 0.327469 0.068878
v 0.646131 0.275737 0.043952
v 0.646335 0.270568 0.000665
v 0.646131 0.257841 0.000750
v 0.646355 0.326056 0.056130
v 0.646131 0.282767 0.050982
v 0.646131 0.325969 0.068878
v 0.646335 0.272711 0.005460
v 0.646131 0.277767 0.047891
v 0.646319 0.286547 0.039034
v 0.646131 0.278828 0.048952
v 0.646355 0.321262 0.053987
v 0.646319 0.287608 0.040095
v 0.646351 0.265906 -0.026850
v 0.646131 0.229560 -0.026320
v 0.646131 0.265906 0.024724
v 0.646131 0.228855 -0.024724
v 0.646131 0.228855 0.026320
v 0.646131 0.265201 0.026320
v 0.747289 0.044816 -0.137404
v 0.747258 0.236262 -0.108039
v 0.747537 0.218279 -0.137800
v -0.640820 0.168302 -0.000421
v -0.640551 0.112264 0.025486
v -0.640747 0.112264 -0.026341
v -0.640810 0.162233 -0.021182
v 0.747533 0.236800 0.108288
v 0.747348 0.044636 0.137604
v 0.747244 0.218135 0.137223
v 0.747438 0.014620 -0.127329
v 0.747348 0.033936 0.119155
v 0.747289 0.034117 -0.136924
v 0.747348 0.033833 0.137070
v 0.747438 0.014583 -0.108569
v 0.747244 0.014680 0.126817
v 0.747584 -0.131946 -0.092310
v 0.747438 0.007667 -0.127018
v 0.747667 -0.113961 -0.127021
v -0.637505 0.002830 -0.040352
v -0.901929 0.003108 -0.040310
v -0.901939 0.041438 -0.056159
v -0.637505 0.041509 -0.056374
v 0.747244 0.007764 0.126524
v 0.747471 -0.131862 0.092270
v 0.747244 -0.113504 0.126524
v -1.323664 0.000742 -0.036972
v -1.323418 0.001118 0.036564
v -1.323645 -0.014538 -0.000170
v -1.323664 0.002242 -0.036972
v -1.323418 0.040816 0.055655
v -1.323418 0.002618 0.039833
v -1.323661 0.041423 -0.056470
v -1.323418 0.041452 0.053270
v -1.323664 0.002472 -0.040337
v -1.323418 0.042952 0.053271
v -1.323661 0.042923 -0.056470
v -1.323726 0.082000 -0.040341
v -1.323726 0.082230 -0.036977
v -1.323418 0.081787 0.039833
v -1.323418 0.043588 0.055655
v -1.323418 0.083287 0.036564
v -1.323726 0.083730 -0.036977
v -1.323679 0.098972 -0.000179
v 1.423308 -0.395632 -0.159476
v 1.422091 -0.395969 0.159957
v 1.422091 -0.210546 0.143276
v 1.422286 -0.210570 -0.143780
v 1.422281 -0.023683 -0.143707
v 1.422286 -0.208439 -0.143715
v 1.422303 -0.023647 0.141951
v 1.422286 -0.209070 -0.141933
v 1.422091 -0.209046 0.143212
v 1.422303 -0.024279 0.143734
v -0.724245 0.131571 0.032052
v -0.724245 0.219135 0.032052
v -0.771731 0.208194 0.031868
v -0.772108 0.142991 0.031868
v 0.242523 -0.069862 0.113056
v 0.262467 -0.025628 0.113163
v 0.262734 -0.025526 -0.113183
v 0.242126 -0.070341 -0.113104
vn -0.7957 -0.2639 0.5452
vn -0.8642 0.4865 0.1287
vn -0.7316 0.2233 -0.6441
vn -0.7984 -0.5863 0.1370
vn 0.9847 0.1594 0.0701
vn 0.7863 0.1389 -0.6021
vn 0.5610 -0.8065 0.1868
vn 0.7134 -0.0879 -0.6952
vn -0.9875 0.1186 -0.1034
vn -0.9798 0.1293 0.1524
vn -0.4588 0.6954 0.5531
vn -0.5122 0.6329 -0.5806
vn 0.8733 0.0814 0.4804
vn 0.9858 -0.1338 -0.1017
vn 0.6698 0.4562 -0.5858
vn 0.5824 0.6246 0.5203
vn -0.8386 0.5358 0.0986
vn -0.6921 0.7150 0.0990
vn -0.7608 -0.4762 0.4409
vn -0.4558 0.7073 0.5403
vn 0.6673 -0.7423 0.0610
vn 0.9013 -0.1156 -0.4175
vn 0.8145 0.5293 0.2375
vn 0.6843 -0.4369 0.5838
vn -0.9417 0.0747 -0.3280
vn -0.7139 0.5206 -0.4683
vn -0.6198 0.2384 0.7477
vn -0.5558 0.8110 -0.1827
vn 0.7222 -0.4142 0.5540
vn 0.8814 -0.3729 -0.2899
vn 0.8014 0.4448 -0.3999
vn 0.7353 -0.0120 0.6777
vn -0.7015 0.3683 0.6101
vn -0.4977 0.8628 0.0889
vn -0.7737 0.1205 -0.6219
vn -0.8276 -0.0420 0.5598
vn 0.2524 0.8161 -0.5199
vn 0.3906 0.6922 -0.6069
vn 0.5287 0.5713 0.6277
vn 0.8225 0.2613 -0.5052
vn -0.8243 -0.4707 0.3148
vn -0.8900 0.1472 0.4316
vn -0.6596 0.7451 -0.0988
vn -0.8169 -0.3861 -0.4284
vn 0.8917 0.0720 0.4469
vn 0.7182 0.0212 0.6955
vn 0.7821 -0.5849 -0.2149
vn 0.8156 0.5090 -0.2750
vn -0.9712 -0.1290 0.2003
vn -0.9465 0.2372 -0.2189
vn -0.6261 0.0893 0.7746
vn -0.6353 0.7492 -0.1871
vn 0.8729 -0.1267 0.4712
vn 0.7832 0.5527 -0.2847
vn 0.5499 0.8202 -0.1578
vn 0.5739 0.2052 0.7928
vn -0.8762 -0.1329 0.4634
vn -0.9245 -0.0534 -0.3774
vn -0.4739 -0.7521 -0.4580
vn -0.5727 -0.6031 0.5552
vn 0.9864 -0.0452 -0.1579
vn 0.9389 -0.1093 -0.3264
vn 0.6134 -0.5281 0.5872
vn 0.5315 -0.6287 -0.5677
vn -0.8369 -0.1632 -0.5225
vn -0.4947 0.5545 -0.6692
vn -0.1356 0.5570 -0.8194
vn -0.1511 -0.5654 -0.8108
vn 0.9468 -0.2701 0.1751
vn 0.9342 -0.3238 0.1495
vn 0.6223 -0.4991 -0.6031
vn 0.7248 0.5855 -0.3631
vn -0.8349 -0.4399 0.3309
vn -0.7846 0.0366 -0.6189
vn -0.5664 -0.1720 -0.8060
vn -0.4732 -0.8801 -0.0393
vn 0.8821 -0.3621 0.3013
vn 0.9537 0.0971 -0.2848
vn 0.6199 -0.7488 0.2344
vn 0.6491 -0.1018 -0.7539
vn -0.9044 0.0857 0.4180
vn -0.9867 -0.0736 0.1449
vn -0.5627 0.5994 0.5693
vn -0.6637 0.4610 -0.5890
vn 0.8545 0.1874 0.4844
vn 0.7681 0.3239 -0.5524
vn 0.5595 0.6005 -0.5713
vn 0.4809 0.6816 0.5514
vn -0.6389 0.4850 0.5972
vn -0.7824 0.2883 0.5521
vn -0.2568 -0.5859 0.7686
vn -0.0633 0.5501 0.8327
vn 0.8699 -0.4932 0.0051
vn 0.9632 0.0359 -0.2665
vn 0.6750 0.5817 0.4539
vn 0.6227 -0.4834 0.6153
vn -0.7818 -0.4950 0.3792
vn -0.7364 -0.6137 0.2849
vn -0.7660 -0.0960 -0.6357
vn -0.3643 -0.9309 -0.0270
vn 0.5456 -0.2126 -0.8106
vn 0.9307 0.0745 -0.3580
vn 0.5941 -0.7831 0.1839
vn 0.4192 -0.3763 -0.8263
vn -0.5739 0.6177 -0.5377
vn -0.7371 0.6758 0.0003
vn -0.4268 0.7680 -0.4775
vn 0.7059 0.7084 0.0012
vn 0.6968 0.4802 0.5328
vn 0.6739 0.5168 -0.5280
vn -0.5894 -0.1444 0.7948
vn -0.9276 0.1256 0.3518
vn -0.3328 -0.7241 0.6040
vn 0.9022 -0.4250 0.0739
vn 0.8486 0.0628 0.5253
vn 0.5673 -0.4606 0.6826
vn -0.6122 0.7830 -0.1100
vn -0.9577 0.2493 -0.1437
vn -0.5231 0.1446 0.8399
vn -0.3768 0.9117 0.1635
vn 0.8976 -0.0717 0.4349
vn 0.8316 0.0570 0.5524
vn 0.6933 0.6618 -0.2852
vn 0.5762 0.2346 0.7829
vn -0.8493 -0.2442 0.4681
vn -0.6848 -0.4464 -0.5759
vn -0.2306 -0.9533 -0.1950
vn -0.4699 -0.6658 0.5795
vn 0.9384 0.0457 0.3424
vn 0.9413 0.0837 -0.3272
vn 0.6839 -0.4083 0.6047
vn 0.6927 -0.4168 -0.5886
vn -0.8743 0.1845 -0.4490
vn -0.6145 -0.6173 -0.4913
vn -0.6156 0.3926 -0.6833
vn -0.3192 -0.7094 -0.6284
vn 0.6424 0.5756 -0.5059
vn 0.8420 -0.5029 -0.1953
vn 0.5363 -0.3133 -0.7838
vn 0.5032 0.4057 -0.7630
vn 0.7071 0.7071 0.0075
vn -0.7071 0.7071 0.0075
vn 0.6189 -0.7245 -0.3035
vn 0.9217 -0.2742 -0.2743
vn 0.4458 -0.8618 0.2421
vn -0.8970 -0.2816 0.3408
vn -0.8581 -0.4676 -0.2122
vn -0.5895 -0.7968 0.1331
vn 0.8417 -0.4632 0.2776
vn 0.7719 -0.0066 0.6357
vn 0.4328 -0.4010 0.8074
vn -0.7544 0.0149 0.6562
vn -0.9707 0.1844 0.1538
vn -0.5982 -0.5204 0.6094
vn 0.9119 0.1296 -0.3893
vn 0.8330 0.5533 -0.0006
vn 0.6852 0.4953 0.5340
vn -0.6874 0.7263 -0.0051
vn -0.7636 0.4355 0.4767
vn -0.5276 0.6575 0.5380
vn 0.7589 -0.0052 -0.6512
vn 0.9923 -0.0321 -0.1196
vn 0.5435 -0.5122 -0.6650
vn -0.8923 -0.3781 -0.2466
vn -0.7665 0.0189 -0.6420
vn -0.5352 -0.4866 -0.6906
vn 0.7144 -0.6843 -0.1463
vn 0.6118 -0.3933 0.6863
vn 0.3246 -0.5100 0.7966
vn 0.1964 -0.9706 -0.1391
vn -0.9186 -0.1153 -0.3780
vn -0.9809 0.1935 -0.0194
vn -0.7325 -0.5975 -0.3261
vn -0.7677 -0.1045 0.6323
vn 0.7071 -0.7071 -0.0075
vn -0.7071 -0.7070 -0.0075
vn 0.7071 0.6532 0.2706
vn -0.7071 0.6533 0.2706
vn 0.7071 0.4999 -0.5000
vn -0.7071 0.5000 -0.5000
vn 0.7071 -0.2706 -0.6533
vn -0.7071 -0.2706 -0.6533
vn 0.7071 -0.5000 0.5000
vn -0.7071 -0.5000 0.5000
vn 0.7071 0.4946 0.5053
vn -0.7071 0.4946 0.5053
vn 0.7071 0.2706 0.6533
vn -0.7071 0.2706 0.6533
vn 0.7071 0.7071 -0.0000
vn -0.7072 0.7071 -0.0000
vn 0.7072 -0.4946 -0.5053
vn -0.7071 -0.4946 -0.5053
vn 0.6843 -0.7292 0.0068
vn 0.7389 -0.4549 0.4970
vn 0.4253 -0.7418 0.5185
vn -0.9323 -0.0888 -0.3507
vn -0.8359 -0.5488 -0.0101
vn -0.6883 -0.5001 0.5255
vn 0.9360 0.3453 -0.0677
vn 0.7529 0.4622 0.4686
vn 0.5994 0.0381 0.7995
vn -0.7742 0.4643 0.4301
vn -0.8073 -0.0908 0.5831
vn -0.5536 0.1289 0.8228
vn 0.7071 0.6532 -0.2706
vn -0.7071 0.6533 -0.2706
vn 0.9119 -0.1837 -0.3669
vn 0.8330 0.3908 -0.3916
vn 0.6852 0.7278 0.0274
vn -0.6874 0.5100 -0.5172
vn -0.7636 0.6450 0.0290
vn -0.5275 0.8453 -0.0845
vn 0.7878 -0.4413 -0.4297
vn 0.7608 -0.6362 0.1285
vn 0.4198 -0.8372 -0.3506
vn -0.9039 0.0889 -0.4183
vn -0.7475 -0.4607 -0.4786
vn -0.6158 -0.7870 -0.0384
vn 0.7491 0.0833 0.6572
vn 0.5889 0.2001 0.7831
vn 0.2963 0.1975 0.9345
vn 0.3187 -0.8021 0.5051
vn -0.9186 -0.3420 -0.1981
vn -0.8535 -0.5136 -0.0880
vn -0.6570 -0.6245 0.4222
vn -0.7723 0.3801 0.5090
vn 0.6843 -0.5108 0.5204
vn 0.7390 0.0298 0.6731
vn 0.4254 -0.1579 0.8911
vn -0.9323 -0.3108 -0.1851
vn -0.8359 -0.3951 0.3810
vn -0.6882 0.0180 0.7253
vn 0.9360 0.1964 -0.2921
vn 0.7528 0.6582 0.0045
vn 0.5994 0.5923 0.5385
vn -0.7742 0.6324 -0.0241
vn -0.8073 0.3481 0.4765
vn -0.5536 0.6729 0.4906
vn 0.7071 0.2706 -0.6533
vn -0.7071 0.2706 -0.6533
vn 0.9094 -0.3979 -0.1215
vn 0.8334 -0.0006 -0.5527
vn 0.6808 0.5429 -0.4917
vn -0.7007 -0.0067 -0.7134
vn -0.7708 0.4841 -0.4142
vn -0.5357 0.5450 -0.6450
vn 0.7878 -0.6159 0.0083
vn 0.7607 -0.3590 0.5408
vn 0.4197 -0.8399 0.3441
vn -0.9039 -0.2329 -0.3587
vn -0.7475 -0.6642 -0.0127
vn -0.6158 -0.5836 0.5293
vn 0.7596 0.5180 0.3932
vn 0.6028 0.6958 0.3905
vn 0.3091 0.8044 0.5074
vn 0.3337 -0.2139 0.9181
vn -0.9137 -0.3951 0.0954
vn -0.8540 -0.4271 0.2971
vn -0.6597 -0.1452 0.7374
vn -0.7691 0.6338 0.0816
vn 0.6997 0.0073 0.7144
vn 0.7456 0.5086 0.4306
vn 0.4313 0.5222 0.7357
vn -0.9275 -0.3642 0.0840
vn -0.8362 -0.0101 0.5484
vn -0.6849 0.5348 0.4950
vn 0.9297 -0.0749 -0.3607
vn 0.7463 0.4734 -0.4680
vn 0.5899 0.8069 -0.0316
vn -0.7868 0.4154 -0.4565
vn -0.8125 0.5724 0.1104
vn -0.5609 0.8188 -0.1223
vn 0.8317 0.4053 -0.3796
vn 0.6362 0.7715 0.0054
vn 0.5018 0.6507 0.5699
vn -0.8625 0.5059 -0.0144
vn -0.8336 0.2208 0.5063
vn -0.6079 0.6385 0.4720
vn 0.7071 -0.6532 -0.2706
vn -0.7071 -0.6533 -0.2706
vn 0.8051 -0.4122 0.4264
vn 0.7864 0.1632 0.5958
vn 0.5025 -0.1938 0.8426
vn -0.8711 -0.4811 -0.0980
vn -0.7380 -0.4846 0.4696
vn -0.6115 -0.0236 0.7909
vn 0.6157 0.7694 -0.1701
vn 0.6680 0.7333 -0.1268
vn 0.1375 0.9812 -0.1357
vn 0.3083 0.5013 0.8085
vn -0.9739 -0.2244 -0.0342
vn -0.8652 -0.1395 0.4817
vn -0.7296 0.1952 0.6554
vn -0.7469 0.5732 -0.3370
vn 0.9941 0.0400 -0.1004
vn 0.7691 0.0063 -0.6391
vn 0.5541 0.5094 -0.6584
vn -0.7724 -0.0209 -0.6348
vn -0.8968 0.3742 -0.2359
vn -0.5476 0.4869 -0.6805
vn 0.8590 -0.5120 0.0011
vn 0.8334 -0.2102 0.5112
vn 0.6376 -0.5696 0.5187
vn -0.7822 -0.4309 -0.4501
vn -0.6462 -0.7632 -0.0002
vn -0.5344 -0.6351 0.5578
vn 0.7071 -0.7071 0.0075
vn -0.7071 -0.7071 0.0075
vn 0.7786 0.0073 0.6275
vn 0.8426 0.4671 0.2680
vn 0.4413 0.3971 0.8047
vn -0.9713 -0.1927 0.1397
vn -0.7636 -0.0180 0.6454
vn -0.6103 0.5171 0.6001
vn 0.9198 0.2720 -0.2829
vn 0.6197 0.7239 -0.3033
vn 0.4495 0.8592 0.2443
vn -0.8675 0.4523 -0.2072
vn -0.8997 0.2649 0.3470
vn -0.6041 0.7851 0.1366
vn 0.7071 0.7070 -0.0075
vn -0.7071 0.7070 -0.0075
vn 0.7071 -0.5000 -0.5000
vn -0.7071 -0.5000 -0.5000
vn 0.7071 -0.6532 0.2706
vn -0.7071 -0.6533 0.2706
vn 0.7071 0.0075 -0.7070
vn -0.7071 0.0075 -0.7070
vn 0.7071 -0.2706 0.6533
vn -0.7071 -0.2706 0.6533
vn 0.7071 0.5000 0.5000
vn -0.7071 0.5000 0.5000
vn 0.7071 -0.0075 0.7070
vn -0.7071 -0.0075 0.7070
vn 0.7071 0.2707 -0.6532
vn 0.7071 -0.7071 -0.0000
vn -0.7071 -0.7071 -0.0000
vn 0.8535 -0.3775 0.3594
vn 0.8872 -0.4475 -0.1126
vn 0.5292 0.3587 -0.7689
vn 0.4326 0.5823 0.6884
vn -0.9941 0.0803 -0.0724
vn -0.8504 0.1789 0.4948
vn 0.0505 0.7992 0.5989
vn -0.2980 0.5591 -0.7737
vn 0.9914 0.1296 -0.0199
vn 0.9867 0.0528 0.1536
vn 0.3638 -0.7817 0.5065
vn 0.4030 -0.1549 -0.9020
vn -0.9022 0.2137 0.3747
vn -0.9190 0.3933 0.0285
vn -0.4942 -0.0863 -0.8651
vn -0.4265 -0.7713 0.4725
vn 0.8657 -0.3805 -0.3253
vn 0.8338 0.2231 -0.5050
vn 0.4338 0.8473 0.3065
vn 0.4949 -0.5157 0.6994
vn -0.8674 0.4866 0.1036
vn -0.9626 -0.0339 0.2689
vn -0.1507 -0.4667 0.8715
vn 0.0966 0.8954 0.4347
vn 0.9950 -0.0796 -0.0596
vn 0.9953 -0.0793 0.0551
vn 0.3107 -0.5505 0.7749
vn 0.3086 -0.5518 -0.7748
vn -0.8847 0.4452 0.1385
vn -0.8855 0.4444 -0.1359
vn -0.5195 -0.3792 -0.7657
vn -0.5211 -0.3810 0.7637
vn 0.8612 -0.5035 -0.0689
vn 0.8144 -0.1819 -0.5511
vn 0.4354 0.8298 -0.3491
vn 0.5424 0.0238 0.8398
vn -0.7999 0.4971 -0.3364
vn -0.9651 0.2135 0.1515
vn -0.2044 0.2567 0.9446
vn 0.1983 0.9475 -0.2509
vn 0.8161 -0.1752 0.5507
vn 0.8666 -0.4942 0.0685
vn 0.5389 0.0278 -0.8419
vn 0.4311 0.8333 0.3461
vn -0.9662 0.2066 -0.1542
vn -0.8019 0.4933 0.3370
vn 0.1944 0.9480 0.2522
vn -0.2050 0.2575 -0.9443
vn 0.9476 0.2519 -0.1967
vn 0.9600 0.2684 0.0798
vn 0.4677 -0.4290 0.7728
vn 0.4021 -0.5230 -0.7516
vn -0.9578 0.2661 0.1087
vn -0.9083 0.1945 -0.3702
vn -0.3000 -0.6657 -0.6833
vn -0.4527 -0.4510 0.7692
vn 0.9211 -0.3856 -0.0530
vn 0.8995 -0.2089 -0.3838
vn 0.4232 0.7787 -0.4631
vn 0.5065 0.0615 0.8600
vn -0.8923 0.1627 -0.4212
vn -0.9900 -0.1358 0.0376
vn -0.3883 0.1697 0.9058
vn -0.1338 0.9469 -0.2925
vn 0.8481 0.1778 0.4992
vn 0.8594 -0.4344 0.2698
vn 0.4632 -0.4638 -0.7552
vn 0.4432 0.8569 -0.2633
vn -0.9465 -0.1141 -0.3018
vn -0.9165 0.3842 -0.1116
vn 0.0021 0.9261 -0.3773
vn -0.0810 -0.4350 -0.8968
vn 0.9211 0.3856 0.0530
vn 0.8995 0.2089 0.3838
vn 0.4232 -0.7787 0.4631
vn 0.5065 -0.0615 -0.8600
vn -0.8922 -0.1627 0.4212
vn -0.9900 0.1357 -0.0376
vn -0.3883 -0.1697 -0.9058
vn -0.1337 -0.9469 0.2925
vn 0.8481 -0.1778 -0.4992
vn 0.8594 0.4344 -0.2698
vn 0.4632 0.4638 0.7552
vn 0.4432 -0.8569 0.2633
vn -0.9465 0.1141 0.3018
vn -0.9165 -0.3842 0.1116
vn 0.0021 -0.9261 0.3773
vn -0.0810 0.4350 0.8968
vn 0.9476 -0.2519 0.1967
vn 0.9600 -0.2684 -0.0798
vn 0.4677 0.4290 -0.7728
vn 0.4021 0.5230 0.7516
vn -0.9578 -0.2660 -0.1087
vn -0.9083 -0.1945 0.3703
vn -0.3000 0.6657 0.6833
vn -0.4527 0.4510 -0.7692
vn 0.9914 -0.1297 0.0199
vn 0.9867 -0.0529 -0.1536
vn 0.3639 0.7817 -0.5065
vn 0.4030 0.1548 0.9020
vn -0.9022 -0.2136 -0.3747
vn -0.9190 -0.3932 -0.0285
vn -0.4942 0.0863 0.8651
vn -0.4264 0.7713 -0.4725
vn 0.8657 0.3805 0.3253
vn 0.8337 -0.2232 0.5050
vn 0.4338 -0.8473 -0.3065
vn 0.4949 0.5157 -0.6994
vn -0.8674 -0.4867 -0.1036
vn -0.9626 0.0339 -0.2689
vn -0.1507 0.4667 -0.8715
vn 0.0966 -0.8954 -0.4347
vn 0.8535 0.3774 -0.3594
vn 0.8872 0.4474 0.1126
vn 0.5292 -0.3588 0.7689
vn 0.4325 -0.5823 -0.6883
vn -0.9941 -0.0802 0.0724
vn -0.8504 -0.1788 -0.4948
vn 0.0504 -0.7992 -0.5989
vn -0.2980 -0.5591 0.7737
vn 0.9950 0.0796 0.0596
vn 0.9953 0.0793 -0.0551
vn 0.3107 0.5505 -0.7749
vn 0.3086 0.5518 0.7748
vn -0.8847 -0.4452 -0.1385
vn -0.8855 -0.4444 0.1359
vn -0.5195 0.3792 0.7657
vn -0.5211 0.3810 -0.7637
vn 0.8612 0.5035 0.0689
vn 0.8144 0.1819 0.5511
vn 0.4354 -0.8298 0.3491
vn 0.5424 -0.0238 -0.8398
vn -0.7998 -0.4971 0.3364
vn -0.9651 -0.2137 -0.1514
vn -0.2044 -0.2568 -0.9446
vn 0.1984 -0.9475 0.2510
vn 0.8161 0.1753 -0.5507
vn 0.8666 0.4943 -0.0685
vn 0.5389 -0.0277 0.8419
vn 0.4312 -0.8333 -0.3461
vn -0.9662 -0.2067 0.1542
vn -0.8019 -0.4934 -0.3370
vn 0.1944 -0.9479 -0.2522
vn -0.2049 -0.2576 0.9443
vn -0.9503 -0.3095 -0.0351
vn -0.9714 -0.0792 -0.2240
vn -0.4730 -0.1646 -0.8655
vn -0.4454 -0.8932 -0.0613
vn 0.9807 0.1950 0.0116
vn 0.9810 -0.0156 0.1934
vn 0.6885 -0.7208 0.0798
vn 0.6861 0.0104 -0.7274
vn -0.9888 0.0646 -0.1349
vn -0.8357 0.3361 0.4342
vn -0.4461 0.8340 0.3247
vn -0.5575 0.6107 -0.5624
vn 0.9881 0.0697 -0.1373
vn 0.9935 -0.0409 -0.1060
vn 0.6326 0.5315 -0.5634
vn 0.6805 0.5350 0.5007
vn -0.8999 -0.1777 0.3983
vn -0.9168 -0.2498 0.3115
vn -0.3589 -0.6072 0.7088
vn -0.4386 0.3936 0.8079
vn 0.9839 -0.1258 -0.1268
vn 0.8991 0.3952 0.1882
vn 0.6398 0.2767 0.7171
vn 0.6900 -0.5968 0.4096
vn -0.9748 -0.2161 0.0550
vn -0.9366 0.3504 0.0014
vn -0.7573 0.5558 -0.3428
vn -0.6623 -0.4193 -0.6209
vn 0.8346 -0.2419 -0.4949
vn 0.9402 -0.0377 -0.3386
vn 0.4441 -0.4151 -0.7940
vn 0.5187 0.6020 -0.6071
vn -0.7084 -0.3156 0.6313
vn -0.6248 -0.4451 0.6415
vn 0.0121 -0.3834 0.9235
vn -0.3454 0.5008 0.7937
vn 0.9798 -0.1068 -0.1691
vn 0.9380 0.3467 0.0035
vn 0.7775 0.4996 0.3820
vn 0.7031 -0.5055 0.5001
vn -0.8437 -0.2930 0.4498
vn -0.8693 -0.4620 0.1758
vn -0.3135 -0.9484 -0.0473
vn -0.2020 -0.4725 0.8579
vn 0.9709 0.0463 -0.2348
vn 0.9005 0.2156 0.3777
vn 0.6408 -0.3279 0.6941
vn 0.7109 -0.6794 -0.1818
vn -0.5630 -0.6647 -0.4912
vn -0.9415 0.0335 -0.3354
vn -0.4131 0.4687 -0.7808
vn -0.0862 -0.3329 -0.9390
vn 0.9726 0.1829 0.1437
vn 0.9503 0.3087 0.0393
vn 0.7230 -0.6278 -0.2882
vn 0.6797 0.4701 -0.5630
vn -0.9729 0.0095 -0.2312
vn -0.9795 -0.1918 0.0618
vn -0.6838 0.0656 0.7267
vn -0.6560 0.7492 -0.0918
vn 0.9680 0.1426 0.2064
vn 0.9765 0.2053 0.0662
vn 0.5024 0.8643 -0.0239
vn 0.5231 0.1586 0.8374
vn -0.8307 -0.5518 0.0733
vn -0.7921 -0.5492 0.2664
vn -0.2859 -0.7734 -0.5658
vn -0.2677 -0.7969 0.5416
vn 0.8061 -0.2030 -0.5558
vn 0.9734 0.1726 0.1507
vn 0.7209 -0.4545 0.5231
vn 0.5852 -0.7384 -0.3351
vn -0.9817 0.0117 -0.1902
vn -0.9485 0.2893 -0.1289
vn -0.7242 -0.5132 0.4607
vn -0.7265 0.6249 0.2858
vn 0.6179 -0.4644 0.6345
vn 0.9528 0.0613 0.2974
vn 0.4807 0.6723 0.5630
vn 0.3639 -0.4144 0.8342
vn -0.4650 -0.8795 0.1012
vn -0.6104 -0.3675 -0.7017
vn -0.0290 -0.5921 -0.8053
vn -0.1501 -0.9885 0.0155
vn 0.9850 0.1719 -0.0169
vn 0.9299 0.2773 -0.2415
vn 0.7476 -0.5878 0.3093
vn 0.7424 -0.1679 -0.6485
vn -0.8206 -0.2306 -0.5229
vn -0.9013 0.0153 -0.4328
vn -0.3840 0.5782 -0.7199
vn -0.2355 -0.4314 -0.8709
vn 0.9719 0.0393 0.2321
vn 0.9172 -0.3961 -0.0422
vn 0.6842 -0.3877 -0.6177
vn 0.7436 0.5755 -0.3405
vn -0.9835 -0.1676 -0.0673
vn -0.6375 -0.5006 -0.5856
vn -0.6211 -0.5182 -0.5879
vn -0.5902 -0.6853 0.4268
vn 0.6925 -0.5129 0.5073
vn 0.8931 -0.2776 0.3539
vn 0.5974 -0.6802 0.4247
vn 0.6749 -0.4536 -0.5821
vn -0.6655 0.5095 0.5455
vn -0.7710 0.6368 -0.0004
vn -0.6463 0.5338 -0.5452
vn 0.7101 0.7041 0.0001
vn 0.5953 0.5897 -0.5458
vn 0.5781 0.6071 -0.5452
vn -0.6252 0.3621 0.6914
vn -0.7896 -0.1054 0.6046
vn -0.3899 -0.0601 0.9189
vn 0.9880 0.1541 0.0081
vn 0.8194 0.2857 0.4969
vn 0.6697 -0.1350 0.7303
vn -0.9979 0.0433 0.0476
vn -0.9169 0.1857 0.3533
vn -0.6882 0.4841 0.5403
vn -0.6801 0.5375 -0.4986
vn 0.9068 0.2981 -0.2981
vn 0.6377 0.5920 -0.4927
vn 0.3820 0.8584 -0.3422
vn 0.6503 0.5317 0.5426
vn -0.9366 -0.1452 -0.3189
vn -0.9611 -0.0038 -0.2762
vn -0.5464 -0.6707 -0.5016
vn -0.7234 -0.4748 0.5013
vn 0.9910 -0.0625 -0.1185
vn 0.9085 -0.2456 0.3380
vn 0.6688 -0.5497 0.5005
vn 0.5671 -0.5983 -0.5660
vn -0.8897 0.0904 -0.4475
vn -0.4180 0.8254 -0.3794
vn -0.1072 0.7699 -0.6290
vn -0.2921 -0.1562 -0.9436
vn 0.9907 -0.1158 0.0711
vn 0.9657 -0.2583 0.0255
vn 0.6546 -0.1999 -0.7291
vn 0.7473 0.6631 -0.0441
vn -0.9498 -0.0762 -0.3033
vn -0.8956 0.4426 -0.0438
vn -0.6662 0.3652 -0.6502
vn 0.9054 -0.3362 -0.2594
vn 0.6019 -0.1937 -0.7747
vn 0.4519 0.3833 -0.8055
vn -0.9073 0.1914 0.3743
vn -0.6113 0.7008 0.3676
vn -0.4480 0.8693 -0.2089
vn 0.8396 0.4738 0.2658
vn 0.8863 0.3175 -0.3370
vn 0.5657 0.8149 -0.1261
vn -0.6160 0.0010 0.7878
vn 0.8965 0.0088 0.4431
vn -0.9308 0.2685 0.2480
vn -0.5929 0.1938 0.7816
vn -0.3227 0.6855 0.6527
vn 0.9486 0.0796 0.3063
vn 0.8927 0.4200 -0.1636
vn 0.6577 0.6251 0.4203
vn -0.9444 -0.2731 -0.1829
vn -0.8844 0.2768 -0.3758
vn -0.6942 -0.1098 -0.7114
vn 0.8581 -0.5048 0.0942
vn 0.6277 -0.6459 -0.4345
vn 0.4914 -0.2270 -0.8409
vn -0.7328 0.5795 0.3566
vn -0.6349 0.6164 0.4657
vn -0.0147 0.8817 0.4715
vn -0.2963 0.7677 -0.5683
vn 0.9744 -0.2171 0.0587
vn 0.8817 0.0222 -0.4712
vn 0.6765 0.5125 -0.5289
vn 0.6873 0.4753 0.5493
vn -0.6210 0.1885 -0.7609
vn -0.7247 0.6073 -0.3255
vn -0.2361 0.6223 -0.7463
vn 0.9746 -0.2232 0.0150
vn 0.8775 0.1151 -0.4655
vn 0.6834 0.6593 -0.3136
vn -0.9390 0.1652 0.3017
vn -0.6278 0.6460 0.4342
vn -0.4378 0.8952 -0.0835
vn 0.9442 0.2743 0.1824
vn 0.8783 0.2663 -0.3971
vn 0.6677 0.7374 -0.1020
vn -0.8577 -0.5141 0.0008
vn 0.8653 -0.5012 -0.0010
vn -0.9838 -0.1330 -0.1201
vn -0.8776 -0.1150 0.4655
vn -0.6749 0.4312 0.5988
vn 0.6249 -0.1888 0.7575
vn 0.7760 0.3473 0.5266
vn 0.4020 0.3504 0.8459
vn -0.6198 0.0010 -0.7847
vn 0.8107 0.0044 -0.5854
vn -0.6116 0.7007 -0.3674
vn -0.7626 0.6192 0.1870
vn -0.3684 0.9173 0.1514
vn 0.9743 -0.1140 -0.1944
vn 0.8354 0.4798 -0.2682
vn 0.6564 0.7193 0.2274
vn 0.8230 -0.3998 0.4034
vn 0.9333 -0.3111 -0.1795
vn 0.6633 0.0356 0.7475
vn -0.8229 0.0806 0.5624
vn -0.7153 -0.4945 0.4938
vn -0.5444 -0.0488 0.8374
vn 0.7868 0.5592 0.2613
vn 0.6548 0.6976 -0.2908
vn 0.4858 0.8342 0.2609
vn -0.8322 0.5053 -0.2283
vn -0.9237 -0.0667 -0.3772
vn -0.6796 0.6663 0.3068
vn 0.8168 0.5711 0.0817
vn 0.7156 0.4941 -0.4938
vn 0.5284 0.8467 -0.0622
vn -0.8158 0.4036 -0.4141
vn -0.9167 -0.1811 -0.3562
vn -0.6645 0.7467 0.0298
vn 0.6258 -0.2960 -0.7216
vn 0.7564 -0.6065 -0.2448
vn 0.3841 -0.7961 -0.4678
vn -0.9614 0.2506 -0.1133
vn -0.8347 -0.1958 -0.5148
vn -0.6621 -0.6967 -0.2762
vn 0.9767 0.2111 0.0378
vn 0.9325 -0.3474 -0.0991
vn 0.6981 0.3492 0.6251
vn 0.6699 -0.7058 0.2304
vn -0.8559 0.3329 0.3958
vn -0.8465 -0.5303 0.0464
vn -0.5639 -0.7474 0.3513
vn -0.6097 0.2931 0.7364
vn 0.6800 -0.5637 0.4688
vn 0.9170 -0.3768 0.1311
vn 0.6635 0.5647 0.4908
vn 0.4216 -0.2766 0.8636
vn -0.8729 0.4627 0.1546
vn -0.8418 0.4885 0.2297
vn -0.7064 -0.5636 0.4282
vn -0.6544 0.5475 0.5216
vn 0.8518 0.5221 -0.0423
vn 0.7907 -0.3503 -0.5020
vn 0.3535 0.0536 -0.9339
vn 0.5933 0.7321 -0.3348
vn -0.9778 0.1703 0.1224
vn -0.9216 -0.3314 -0.2020
vn -0.7030 0.6861 -0.1870
vn -0.6688 -0.3349 -0.6637
vn 0.8263 -0.5612 -0.0466
vn 0.5745 -0.4231 -0.7006
vn 0.3303 -0.9176 0.2211
vn 0.2432 -0.5162 -0.8212
vn -0.7719 -0.4994 0.3935
vn -0.8553 0.1256 -0.5027
vn -0.6114 -0.4709 -0.6360
vn -0.6195 -0.7813 0.0759
vn 0.8687 0.4708 -0.1537
vn 0.9491 0.3100 -0.0561
vn 0.7046 -0.5682 -0.4251
vn 0.6391 0.5416 -0.5461
vn -0.6835 -0.5577 -0.4709
vn -0.9082 -0.3939 -0.1417
vn -0.6697 0.5659 -0.4810
vn -0.5317 -0.4724 -0.7029
vn 0.3745 -0.8976 -0.2326
vn 0.7912 -0.6068 -0.0755
vn 0.3367 -0.4828 0.8084
vn 0.0953 -0.9924 -0.0782
vn -0.8079 0.0106 0.5893
vn -0.9135 0.1828 0.3636
vn -0.7692 -0.5060 -0.3903
vn -0.5986 -0.5297 0.6009
vn 0.6381 -0.3193 0.7006
vn 0.8609 -0.2386 0.4493
vn 0.5547 0.7556 0.3485
vn 0.2147 0.1596 0.9635
vn -0.8819 0.4582 -0.1104
vn -0.9426 0.2941 -0.1580
vn -0.7258 -0.3751 0.5767
vn -0.6927 0.6838 0.2294
vn 0.8782 0.4084 -0.2491
vn 0.9398 0.3268 -0.1002
vn 0.7279 -0.6708 -0.1422
vn 0.6808 0.3067 -0.6651
vn -0.6772 -0.6916 -0.2511
vn -0.8545 -0.4976 -0.1493
vn -0.5608 0.2916 -0.7749
vn -0.4598 -0.7626 -0.4550
vn 0.5146 -0.7541 0.4081
vn 0.8902 -0.2054 0.4066
vn 0.2885 0.2212 0.9316
vn 0.2297 -0.8022 0.5511
vn -0.8282 0.4426 0.3437
vn -0.9219 0.3736 0.1026
vn -0.7503 -0.6514 0.1128
vn -0.5808 0.0608 0.8117
vn 0.5406 0.0540 0.8395
vn 0.7412 0.0954 0.6645
vn 0.3823 0.9163 0.1195
vn -0.0415 0.4956 0.8675
vn -0.8837 0.3433 -0.3182
vn -0.9702 -0.0560 -0.2359
vn -0.7227 -0.1289 0.6790
vn -0.7156 0.6950 -0.0699
vn 0.8811 0.3211 -0.3471
vn 0.9150 0.3345 -0.2255
vn 0.7479 -0.6420 0.1690
vn 0.7088 0.0565 -0.7032
vn -0.6268 -0.7770 -0.0585
vn -0.7369 -0.6694 -0.0938
vn -0.3857 -0.1169 -0.9152
vn -0.3334 -0.9334 -0.1327
vn 0.5607 -0.2199 0.7983
vn 0.6055 0.6759 0.4202
vn -0.0508 0.7147 0.6976
vn 0.2484 -0.2239 0.9424
vn -0.9692 0.0687 -0.2363
vn -0.9123 0.3452 -0.2203
vn -0.7490 -0.4016 0.5270
vn -0.6921 0.6706 0.2669
vn 0.8156 0.3593 0.4536
vn 0.7143 0.3706 0.5936
vn 0.3542 0.9049 -0.2358
vn 0.1514 0.6124 0.7759
vn -0.8832 0.1930 -0.4275
vn -0.8871 -0.1646 0.4312
vn -0.6225 0.4607 0.6327
vn -0.7153 0.6200 -0.3224
vn 0.8057 -0.4097 -0.4278
vn -0.6570 -0.5215 -0.5443
vn 0.6122 0.0811 0.7866
vn -0.8190 0.0685 0.5697
vn -0.7071 0.7071 -0.0000
vn 0.8239 -0.0602 -0.5636
vn -0.6161 -0.0863 -0.7829
vn 0.6179 -0.2703 0.7384
vn -0.8069 -0.1877 0.5601
vn 0.7071 0.4229 0.5667
vn -0.7071 0.4229 0.5667
vn 0.6561 0.5206 0.5464
vn -0.8048 0.4138 0.4255
vn 0.6150 0.0808 -0.7844
vn -0.8255 0.0674 -0.5604
vn 0.7829 -0.6221 -0.0000
vn -0.7830 -0.6220 -0.0000
vn 0.8239 -0.0602 0.5636
vn -0.6161 -0.0863 0.7829
vn 0.7071 0.4229 -0.5667
vn -0.7071 0.4229 -0.5667
vn 0.6179 -0.2703 -0.7384
vn -0.8069 -0.1877 -0.5601
vn 0.9049 0.0417 -0.4236
vn 0.9109 -0.4101 -0.0454
vn 0.6685 -0.4712 -0.5754
vn -0.8615 0.3345 -0.3821
vn -0.5579 0.0876 -0.8253
vn -0.4395 -0.4794 -0.7596
vn 0.8890 0.0100 0.4578
vn 0.6167 -0.4669 0.6338
vn 0.4823 -0.8532 0.1986
vn -0.8380 -0.3015 0.4548
vn -0.9129 -0.3853 -0.1348
vn -0.6220 -0.7606 0.1863
vn 0.6179 0.2702 0.7384
vn -0.8069 0.1877 0.5601
vn 0.8815 0.2001 -0.4277
vn 0.9848 0.1197 0.1262
vn 0.6937 -0.2921 -0.6584
vn -0.7906 -0.2301 -0.5675
vn -0.6583 0.3242 -0.6793
vn -0.4484 -0.1589 -0.8796
vn 0.6286 -0.7339 -0.2573
vn 0.6362 -0.4769 0.6064
vn 0.0164 -0.7339 0.6791
vn 0.1960 -0.9431 -0.2687
vn -0.9709 0.2391 0.0104
vn -0.9626 0.2235 0.1532
vn -0.7527 -0.5037 -0.4239
vn -0.7124 -0.2988 0.6350
vn 0.8937 -0.2729 0.3561
vn 0.5527 -0.0844 0.8291
vn 0.2770 -0.5699 0.7736
vn -0.9059 -0.0403 0.4215
vn -0.8925 -0.4510 -0.0017
vn -0.6137 -0.5138 0.5995
vn 0.7621 -0.6193 0.1891
vn 0.6504 -0.3233 0.6874
vn 0.3596 -0.7678 0.5302
vn -0.8814 -0.2009 0.4275
vn -0.9610 0.2585 0.0988
vn -0.7119 -0.6825 0.1655
vn 0.7830 0.6220 -0.0000
vn -0.7829 0.6221 -0.0000
vn 0.5727 -0.3478 -0.7424
vn 0.8821 0.0599 -0.4673
vn 0.4307 -0.7939 -0.4292
vn -0.8825 -0.4590 0.1023
vn -0.8963 -0.1868 -0.4023
vn -0.6550 -0.6938 -0.2994
vn 0.8694 -0.3798 0.3161
vn 0.8962 0.1874 0.4021
vn 0.6127 -0.1326 0.7791
vn -0.5774 0.3483 0.7385
vn -0.8420 0.4814 0.2437
vn -0.4557 -0.1905 0.8695
vn 0.5439 -0.0848 -0.8349
vn 0.2733 0.4837 -0.8315
vn 0.8880 0.1336 -0.4400
vn -0.5443 -0.0483 -0.8375
vn -0.9298 -0.0304 -0.3668
vn -0.7487 0.5286 -0.4000
vn -0.2421 -0.9410 -0.2364
vn 0.7102 -0.5117 -0.4836
vn 0.2560 -0.9188 0.3006
vn 0.2488 -0.9099 0.3320
vn -0.8804 -0.1216 0.4585
vn -0.6708 -0.6751 0.3069
vn -0.9331 0.1255 0.3370
vn -0.7024 -0.6352 0.3211
vn 0.5391 0.0272 0.8418
vn 0.9265 0.0353 0.3747
vn 0.7031 0.5807 0.4103
vn -0.5492 0.0877 0.8311
vn -0.0048 0.3178 0.9481
vn -0.7416 0.4997 0.4476
vn 0.6179 0.2703 -0.7384
vn -0.8069 0.1877 -0.5600
vn 0.6151 -0.4676 -0.6349
vn 0.1001 -0.4009 -0.9106
vn 0.7808 0.1183 -0.6135
vn -0.4126 -0.5742 -0.7071
vn -0.8652 -0.2688 -0.4234
vn -0.6104 0.1103 -0.7844
vn -0.4408 -0.8976 -0.0006
vn 0.9669 -0.2549 -0.0062
vn -0.8535 0.4684 -0.2284
vn 0.5147 0.8264 -0.2284
vn -0.6742 -0.1760 0.7173
vn 0.8190 0.2309 0.5253
vn -0.5147 -0.8264 0.2284
vn 0.8535 -0.4684 0.2284
vn -0.6841 -0.1790 -0.7071
vn 0.6841 0.1790 -0.7071
vn -0.8630 0.5051 -0.0000
vn 0.5051 0.8630 -0.0000
vn -0.8409 -0.5018 -0.2028
vn -0.8383 0.5144 -0.1806
vn -0.5893 0.5446 -0.5968
vn -0.5497 -0.6169 -0.5634
vn 0.8711 -0.4817 -0.0958
vn 0.9460 0.2919 -0.1412
vn 0.6299 -0.5985 -0.4950
vn 0.6031 0.5866 -0.5406
vn -0.7175 -0.2469 0.6513
vn -0.8745 -0.0558 0.4818
vn -0.1394 -0.2345 0.9621
vn -0.3342 0.8522 0.4026
vn 0.9115 -0.4091 0.0413
vn 0.8498 0.4913 -0.1908
vn 0.6519 0.7395 0.1681
vn 0.5300 -0.2001 0.8240
vn -0.8884 0.2311 0.3967
vn -0.9661 0.0843 0.2442
vn -0.6054 -0.7959 0.0065
vn -0.3379 -0.2637 0.9035
vn 0.8203 -0.5526 -0.1476
vn 0.9710 0.1758 0.1621
vn 0.4769 -0.0343 0.8783
vn 0.5468 -0.8309 0.1030
vn -0.8602 -0.1713 0.4804
vn -0.9334 -0.1891 0.3051
vn -0.6335 -0.4238 -0.6474
vn -0.5711 -0.6157 0.5429
vn 0.8116 -0.2180 -0.5420
vn 0.9018 -0.0402 -0.4302
vn 0.6139 -0.5244 0.5900
vn 0.5270 -0.6498 -0.5477
vn -0.8027 -0.1551 -0.5759
vn -0.8944 0.3787 0.2381
vn -0.3572 0.8991 -0.2532
vn -0.4750 0.2142 -0.8535
vn 0.9708 0.1796 0.1590
vn 0.9233 0.3625 0.1271
vn 0.6268 -0.0190 -0.7790
vn 0.4627 0.8842 -0.0632
vn -0.8736 0.4830 -0.0598
vn -0.7611 0.6117 -0.2157
vn -0.3352 0.4025 0.8518
vn -0.1371 0.9624 -0.2344
vn 0.8697 -0.2108 0.4464
vn 0.9138 0.0418 -0.4041
vn 0.5290 0.8245 -0.2006
vn 0.6495 0.1664 0.7419
vn -0.9709 -0.2057 0.1228
vn -0.8835 0.4408 0.1585
vn -0.6345 -0.4820 0.6042
vn -0.5101 0.7404 0.4378
vn 0.8563 -0.4572 0.2403
vn 0.7852 0.6104 0.1043
vn 0.4321 0.4769 0.7654
vn 0.6728 -0.5115 0.5345
vn -0.6533 -0.6688 -0.3549
vn -0.6770 -0.6280 -0.3838
vn -0.4106 0.2073 -0.8879
vn -0.3537 -0.8032 -0.4793
vn 0.7680 0.3526 -0.5347
vn 0.9098 0.3802 -0.1665
vn 0.7405 -0.6601 -0.1266
vn 0.6111 0.0825 -0.7872
vn -0.6629 0.5259 -0.5329
vn -0.7418 0.3155 0.5917
vn -0.2482 0.9277 0.2788
vn -0.3918 0.8701 -0.2990
vn 0.9709 -0.0551 -0.2332
vn 0.8545 0.2553 0.4523
vn 0.7003 0.4730 -0.5347
vn 0.5915 0.5134 0.6217
vn -0.8273 0.3246 -0.4584
vn -0.9838 0.0776 -0.1618
vn -0.5132 0.4370 0.7387
vn -0.5997 0.6503 -0.4663
vn 0.7978 0.1038 0.5939
vn 0.8810 0.1308 0.4546
vn 0.6811 0.5184 -0.5170
vn 0.4098 0.7694 0.4901
vn -0.7859 0.5630 0.2555
vn -0.8627 -0.4502 0.2305
vn -0.4895 -0.3941 0.7779
vn -0.2954 0.3158 0.9017
vn 0.9835 0.1777 0.0333
vn 0.9817 -0.1714 -0.0827
vn 0.5815 0.6314 0.5130
vn 0.6764 -0.5216 0.5200
vn -0.8170 -0.4526 -0.3574
vn -0.6556 -0.7334 0.1798
vn -0.3367 -0.4838 -0.8078
vn -0.2827 -0.9415 0.1832
vn 0.8713 0.1490 -0.4677
vn 0.9100 -0.1497 0.3866
vn 0.6890 -0.6987 0.1927
vn 0.7300 -0.1543 -0.6659
vn -0.9019 -0.4271 0.0651
vn -0.8415 -0.5206 0.1444
vn -0.4505 -0.6929 0.5630
vn -0.6861 0.4900 0.5377
vn 0.9827 0.0116 -0.1850
vn 0.8635 0.4568 0.2138
vn 0.6937 0.5119 0.5066
vn 0.6068 -0.6500 0.4575
vn -0.9888 0.0814 0.1253
vn -0.9513 -0.1119 0.2873
vn -0.6998 -0.4769 -0.5318
vn -0.5411 -0.5841 0.6050
vn 0.6621 -0.5309 -0.5290
vn 0.7964 -0.2424 0.5540
vn 0.4112 -0.7221 0.5563
vn 0.5029 -0.7316 -0.4603
vn -0.3815 -0.1993 -0.9027
vn -0.6295 0.6780 -0.3794
vn -0.3347 0.8073 -0.4860
vn -0.1225 -0.0731 -0.9898
vn 0.9067 -0.4059 -0.1147
vn 0.9325 0.3168 0.1733
vn 0.7830 -0.3790 -0.4932
vn 0.7644 0.6385 -0.0895
vn -0.6717 -0.3682 0.6429
vn -0.7113 -0.6916 -0.1255
vn -0.2155 -0.9653 -0.1474
vn -0.3284 -0.4900 0.8075
vn 0.9802 0.1966 -0.0248
vn 0.9236 -0.0695 -0.3770
vn 0.7580 -0.0829 0.6469
vn 0.7465 -0.5889 -0.3098
vn -0.9990 -0.0452 -0.0048
vn -0.9860 0.1407 0.0890
vn -0.5360 0.6039 -0.5899
vn -0.6268 -0.5068 -0.5918
vn 0.8260 0.5359 -0.1748
vn 0.9089 -0.3714 -0.1897
vn 0.5928 -0.4899 -0.6392
vn 0.4351 0.5689 -0.6979
vn -0.8362 0.1897 -0.5145
vn -0.9077 0.1276 -0.3998
vn -0.6363 0.6021 0.4822
vn -0.3829 0.6206 -0.6842
vn 0.8756 0.2206 0.4297
vn 0.9895 -0.1430 -0.0233
vn 0.5744 0.5037 -0.6453
vn 0.6637 0.5483 0.5088
vn -0.8991 0.4343 0.0542
vn -0.8496 0.4996 -0.1691
vn -0.5896 0.6217 -0.5156
vn -0.6496 -0.5682 -0.5051
vn 0.9484 -0.3138 -0.0456
vn 0.8492 -0.5044 -0.1566
vn 0.6217 -0.5918 -0.5130
vn 0.6881 0.5860 -0.4279
vn -0.9690 -0.1038 0.2243
vn -0.7426 -0.1850 0.6437
vn -0.2255 0.5292 0.8180
vn -0.6185 0.7858 0.0068
vn 0.9728 0.0156 -0.2309
vn 0.8549 0.4678 -0.2244
vn 0.6369 0.7702 0.0330
vn 0.6110 -0.1187 0.7827
vn -0.8919 -0.3212 0.3182
vn -0.6762 -0.6798 0.2840
vn -0.3048 -0.8555 0.4185
vn -0.2528 0.3085 0.9170
vn 0.8963 0.4388 0.0637
vn 0.7986 0.5108 0.3183
vn 0.4881 0.0089 0.8727
vn 0.6950 -0.7154 0.0714
vn -0.8557 -0.1908 0.4811
vn -0.9189 0.0336 0.3930
vn -0.6241 -0.5424 -0.5624
vn -0.5410 -0.5687 0.6196
vn 0.8648 -0.1979 -0.4616
vn 0.9604 -0.1130 -0.2548
vn 0.6284 -0.4977 0.5979
vn 0.5768 -0.5748 -0.5804
vn -0.7352 0.2562 -0.6276
vn -0.8864 0.4594 0.0577
vn -0.1750 0.9556 0.2372
vn -0.3286 0.4084 -0.8516
vn 0.9152 0.0509 0.3997
vn 0.9149 0.0410 0.4016
vn 0.6826 0.0956 -0.7245
vn 0.5353 0.8231 0.1894
vn -0.8882 0.4019 -0.2225
vn -0.9762 0.2065 -0.0663
vn -0.5984 0.0145 0.8011
vn -0.3438 0.8993 0.2702
vn 0.8474 -0.1626 0.5055
vn 0.9719 0.1564 -0.1760
vn 0.4925 0.8695 0.0369
vn 0.5589 0.0899 0.8244
vn -0.9206 0.1892 0.3415
vn -0.8362 0.1934 0.5133
vn -0.5828 0.6036 0.5442
vn -0.6550 0.3967 -0.6431
vn 0.8841 -0.0119 -0.4671
vn 0.8369 0.1341 -0.5307
vn 0.6003 0.5938 -0.5358
vn 0.6560 0.4544 0.6026
vn -0.7391 -0.6207 -0.2614
vn -0.6402 -0.6945 -0.3282
vn -0.1014 -0.9778 -0.1836
vn -0.3671 -0.3868 0.8459
vn 0.9635 0.1662 -0.2098
vn 0.8473 0.1850 0.4979
vn 0.6488 -0.1689 0.7420
vn 0.6193 -0.6874 -0.3793
vn -0.9709 -0.0233 0.2382
vn -0.8290 0.2282 -0.5106
vn -0.5621 -0.1818 -0.8068
vn -0.5760 -0.8160 0.0490
vn 0.9059 -0.3959 0.1506
vn 0.7863 -0.5733 0.2304
vn 0.3875 -0.9140 -0.1199
vn 0.6383 0.0002 -0.7698
vn -0.8617 0.4828 0.1560
vn -0.9497 0.2752 0.1496
vn -0.6377 -0.6470 0.4180
vn -0.5800 0.5438 0.6065
vn 0.8363 -0.5168 0.1833
vn 0.9012 -0.4319 0.0363
vn 0.6175 0.5906 0.5195
vn 0.5363 -0.5513 0.6391
vn -0.8279 -0.5351 0.1683
vn -0.8950 0.2391 -0.3765
vn -0.3735 -0.2573 -0.8912
vn -0.4889 -0.8493 -0.1993
vn 0.9724 0.1490 -0.1794
vn 0.9399 0.1169 -0.3207
vn 0.6225 -0.7825 0.0137
vn 0.4717 -0.0635 -0.8794
vn -0.8685 -0.0458 -0.4936
vn -0.7539 -0.2136 -0.6213
vn -0.3279 0.8532 -0.4056
vn -0.1397 -0.2286 -0.9634
vn 0.8693 0.4417 0.2218
vn 0.9139 -0.4041 -0.0393
vn 0.5430 -0.1967 -0.8164
vn 0.6558 0.7379 -0.1595
vn -0.9749 -0.0181 -0.2219
vn -0.8481 -0.2409 -0.4719
vn -0.6531 -0.5919 -0.4723
vn -0.5645 -0.3619 0.7419
vn 0.8786 -0.1142 0.4637
vn 0.7800 -0.1192 0.6143
vn 0.4191 -0.7720 0.4779
vn 0.6979 -0.4957 -0.5168
vn -0.6124 0.7715 0.1726
vn -0.7949 0.5990 -0.0970
vn -0.1861 0.9705 0.1535
vn -0.2997 0.4975 -0.8140
vn 0.9609 -0.0858 0.2633
vn 0.8735 -0.1746 -0.4544
vn 0.7467 0.1398 -0.6503
vn 0.7245 0.6315 0.2761
vn -0.9564 0.2693 0.1131
vn -0.7601 -0.5795 0.2940
vn -0.2769 -0.2891 0.9164
vn -0.5329 0.4613 0.7094
vn 0.9729 0.2258 -0.0498
vn 0.9911 0.1241 0.0491
vn 0.6283 0.5193 0.5794
vn 0.5825 -0.6259 0.5185
vn -0.8549 -0.4356 -0.2820
vn -0.9822 -0.1711 -0.0780
vn -0.5169 0.7402 -0.4300
vn -0.6052 -0.4678 -0.6441
vn 0.8011 0.5919 -0.0888
vn 0.9056 0.4155 -0.0855
vn 0.6882 -0.5191 -0.5069
vn 0.4261 0.4890 -0.7611
vn -0.7850 0.2531 -0.5655
vn -0.8646 0.2258 0.4488
vn -0.4934 0.7753 0.3943
vn -0.2985 0.9037 -0.3070
vn 0.9843 0.0202 -0.1753
vn 0.9791 -0.0972 0.1784
vn 0.5918 0.5043 -0.6289
vn 0.6822 0.5095 0.5244
vn -0.8155 -0.3582 0.4546
vn -0.6903 0.1544 0.7068
vn -0.3329 -0.8084 0.4854
vn -0.2806 0.1828 0.9423
vn 0.8869 -0.4266 -0.1772
vn 0.9100 0.3873 0.1479
vn 0.6900 0.1936 0.6974
vn 0.7324 -0.6643 0.1494
vn -0.9912 -0.1077 0.0765
vn -0.9613 0.2597 -0.0919
vn -0.5525 0.4681 -0.6897
vn -0.5403 -0.6090 -0.5806
vn 0.9889 0.1227 -0.0836
vn 0.7980 -0.5613 -0.2193
vn 0.4223 -0.5618 -0.7114
vn 0.6079 0.5032 -0.6142
vn -0.8621 0.5039 0.0527
vn -0.6630 0.3258 0.6740
vn -0.3591 0.4579 0.8133
vn -0.2889 0.9419 -0.1713
vn 0.9010 0.1144 -0.4186
vn 0.9683 -0.0550 -0.2435
vn 0.7093 0.6547 -0.2613
vn 0.7484 0.0757 0.6589
vn -0.8845 -0.1186 -0.4511
vn -0.8155 -0.2068 -0.5406
vn -0.3889 -0.6209 -0.6806
vn -0.6383 -0.5834 0.5022
vn 0.9864 0.1635 0.0178
vn 0.8529 -0.2219 0.4726
vn 0.6678 -0.5268 0.5258
vn 0.5981 -0.4640 -0.6534
vn -0.6215 -0.1893 0.7602
vn -0.6589 -0.1091 0.7443
vn -0.1433 -0.1350 0.9804
vn -0.2933 0.8262 0.4810
vn 0.9744 -0.0382 -0.2216
vn 0.8637 0.4671 -0.1895
vn 0.7291 0.6713 0.1332
vn 0.7567 -0.3257 0.5668
vn -0.9990 0.0063 0.0444
vn -0.9830 0.1028 -0.1522
vn -0.5436 -0.5854 -0.6015
vn -0.6337 -0.5834 0.5079
vn 0.8294 -0.1666 -0.5333
vn 0.9095 -0.1844 0.3726
vn 0.5959 -0.6355 0.4910
vn 0.4463 -0.6872 -0.5732
vn -0.8616 -0.4937 -0.1180
vn -0.8378 0.4842 -0.2522
vn -0.6260 0.4882 -0.6081
vn -0.4528 -0.6960 -0.5573
vn 0.8752 -0.4716 -0.1081
vn 0.9889 -0.0277 0.1461
vn 0.5750 -0.6390 -0.5110
vn 0.6786 0.5376 -0.5005
vn -0.8969 -0.0350 0.4408
vn -0.8347 0.1746 0.5222
vn -0.5384 0.5679 0.6226
vn -0.6420 0.5162 -0.5669
vn 0.9388 0.1121 -0.3257
vn 0.8359 0.2289 -0.4988
vn 0.5836 0.5664 -0.5819
vn 0.6372 0.4672 0.6130
vn -0.9544 -0.2862 -0.0855
vn -0.7177 -0.6744 -0.1734
vn -0.1929 -0.8239 0.5328
vn -0.5729 -0.0065 0.8196
vn 0.9776 0.2052 0.0474
vn 0.8385 0.2221 0.4976
vn 0.5926 -0.0609 0.8032
vn 0.6020 -0.7905 -0.1123
vn -0.8959 -0.3040 -0.3238
vn -0.6812 -0.2736 -0.6790
vn -0.3152 -0.4145 -0.8537
vn -0.2712 -0.9131 0.3045
vn 0.8967 -0.0877 0.4338
vn 0.7972 -0.3392 0.4994
vn 0.4715 -0.8818 -0.0107
vn 0.6874 -0.0853 -0.7213
vn -0.9174 -0.3488 0.1916
vn -0.9185 0.3946 -0.0269
vn -0.6206 -0.5609 0.5479
vn -0.6322 0.6640 0.3992
vn 0.8745 -0.4713 0.1142
vn 0.8209 0.5518 0.1473
vn 0.5561 0.5479 0.6250
vn 0.6219 -0.5921 0.5125
vn -0.7475 -0.6195 -0.2395
vn -0.6473 0.3219 -0.6910
vn -0.1019 0.1718 -0.9799
vn -0.3488 -0.8482 -0.3987
vn 0.9678 0.1883 0.1668
vn 0.9143 0.4032 -0.0393
vn 0.6837 -0.7232 -0.0976
vn 0.6210 0.3772 -0.6871
vn -0.9771 -0.2077 -0.0463
vn -0.8161 0.5285 0.2337
vn -0.5222 0.8308 -0.1926
vn -0.5615 -0.0354 -0.8267
vn 0.9002 -0.1269 -0.4166
vn 0.7744 -0.1953 -0.6018
vn 0.3574 0.1681 -0.9187
vn 0.5974 0.8018 0.0149
vn -0.7690 -0.5230 -0.3674
vn -0.7202 -0.6741 0.1640
vn -0.6348 -0.1024 -0.7659
vn 0.7023 -0.0426 -0.7106
vn 0.8477 -0.4379 -0.2995
vn 0.5707 -0.2954 -0.7661
vn -0.6926 0.4441 -0.5685
vn -0.8398 0.5430 -0.0042
vn -0.5538 0.6950 -0.4586
vn 0.6288 0.7776 -0.0067
vn 0.6242 0.5790 0.5246
vn 0.5273 0.6369 -0.5625
vn -0.6024 0.0039 0.7982
vn 0.8427 0.0188 0.5380
vn -0.7002 0.6806 -0.2154
vn -0.8484 0.4332 0.3044
vn -0.5305 0.8414 0.1033
vn 0.7644 0.5323 0.3638
vn 0.7768 0.0556 0.6273
vn 0.6262 0.7587 -0.1794
vn -0.9334 -0.3589 -0.0043
vn -0.9656 0.2412 0.0970
vn -0.7942 -0.3054 -0.5253
vn 0.6751 -0.4913 -0.5503
vn 0.8043 -0.5942 -0.0010
vn 0.5827 -0.6122 -0.5345
vn -0.5800 -0.5511 -0.5999
vn -0.7276 -0.5131 -0.4554
vn -0.5852 0.5504 -0.5955
vn -0.4882 -0.5347 -0.6898
vn 0.7978 0.5438 -0.2606
vn 0.9517 0.1334 0.2764
vn 0.8123 -0.5145 -0.2746
vn 0.6404 0.3952 -0.6586
vn 0.8069 -0.5694 0.1574
vn 0.7586 -0.6498 -0.0469
vn 0.2809 -0.6773 -0.6800
vn 0.9570 -0.1916 -0.2180
vn -0.3418 0.7242 -0.5989
vn -0.5633 0.7694 -0.3012
vn 0.4110 0.9114 0.0195
vn -0.1151 0.6699 -0.7335
vn -0.3325 -0.8398 -0.4292
vn -0.7233 -0.6854 0.0840
vn -0.5631 -0.7470 -0.3534
vn -0.6083 -0.7204 -0.3331
vn -0.8449 0.3962 -0.3594
vn -0.6289 0.6985 0.3415
vn -0.7600 0.4971 -0.4187
vn -0.5653 0.8224 -0.0644
vn 0.5393 -0.3231 0.7777
vn -0.0114 -0.9297 0.3681
vn 0.7212 -0.2486 0.6466
vn 0.3801 -0.7924 0.4772
vn 0.1035 0.9832 0.1503
vn -0.3606 0.5387 0.7614
vn 0.0207 0.7711 0.6364
vn 0.2032 0.7665 0.6093
vn -0.2428 -0.9681 0.0615
vn 0.1776 -0.9746 -0.1367
vn 0.3667 -0.5578 0.7445
vn -0.3960 -0.8676 0.3007
vn -0.1172 0.8735 0.4725
vn -0.3003 0.8002 0.5191
vn -0.8975 0.4271 0.1098
vn -0.2441 0.5288 0.8129
vn 0.6108 -0.6281 0.4821
vn 0.4833 -0.8728 -0.0675
vn 0.8064 -0.2318 -0.5440
vn 0.8440 -0.1559 0.5132
vn -0.2595 0.8298 -0.4941
vn -0.4675 0.8347 -0.2911
vn 0.0777 0.8272 0.5565
vn 0.3112 0.8132 -0.4918
vn 0.6817 -0.3516 -0.6416
vn 0.5533 -0.3616 -0.7504
vn -0.2443 -0.4992 -0.8313
vn 0.4581 0.1340 -0.8788
vn -0.7160 0.6394 -0.2801
vn -0.4572 0.8615 0.2209
vn 0.2224 0.8823 -0.4147
vn -0.6337 0.5613 -0.5324
vn 0.9846 0.0160 0.1744
vn 0.9773 -0.1561 0.1435
vn 0.5514 -0.3857 -0.7397
vn 0.8528 0.4877 -0.1867
vn -0.8705 0.1121 -0.4792
vn -0.9379 0.2599 -0.2299
vn -0.3254 0.9455 -0.0138
vn -0.5110 0.2531 -0.8215
vn 0.6500 -0.5817 -0.4890
vn 0.8920 -0.4449 0.0801
vn 0.2688 -0.7972 0.5405
vn 0.1666 -0.8498 -0.5001
vn -0.8509 0.1905 0.4896
vn -0.8687 0.3910 0.3040
vn -0.8162 -0.1438 -0.5596
vn -0.7875 -0.3640 0.4973
vn 0.3307 -0.6691 0.6656
vn 0.6058 -0.5183 0.6037
vn 0.4576 0.3954 0.7964
vn -0.1547 -0.4583 0.8752
vn -0.6933 0.7196 -0.0379
vn -0.8755 0.4272 -0.2257
vn -0.8825 -0.2296 0.4104
vn -0.4601 0.7288 0.5072
vn 0.5697 -0.8061 -0.1601
vn 0.8303 -0.5556 -0.0436
vn 0.6249 -0.1571 0.7647
vn 0.1851 -0.9576 0.2207
vn -0.7527 0.5588 0.3481
vn -0.7716 0.5646 0.2930
vn -0.9105 -0.4116 -0.0403
vn -0.5824 0.2044 0.7868
vn 0.9020 -0.0201 0.4313
vn 0.9225 0.3860 0.0074
vn 0.6875 0.5575 0.4653
vn -0.5560 0.8312 -0.0001
vn -0.8868 0.4179 -0.1974
vn -0.4227 0.7284 0.5391
vn 0.5795 -0.2339 -0.7807
vn 0.9221 0.0145 -0.3866
vn 0.2304 -0.7176 -0.6573
vn -0.9804 -0.1107 -0.1633
vn -0.7874 0.3551 -0.5039
vn -0.7497 -0.2094 -0.6277
vn 0.5138 0.6774 -0.5264
vn -0.8393 0.1118 -0.5320
vn 0.8767 -0.4809 0.0035
vn 0.9892 0.0855 0.1191
vn 0.6604 -0.5676 0.4916
vn -0.8234 -0.3985 0.4040
vn -0.6568 -0.7538 -0.0211
vn -0.3676 -0.8171 0.4441
vn 0.9017 -0.0618 0.4279
vn 0.6158 0.2591 0.7441
vn 0.4800 -0.3165 0.8182
vn -0.8369 -0.3146 0.4480
vn -0.9312 -0.3399 -0.1316
vn -0.4758 -0.7136 0.5142
vn 0.8423 -0.1157 0.5265
vn -0.5144 -0.6725 0.5320
vn 0.1951 0.9808 -0.0000
vn -0.9808 0.1951 -0.0000
vn 0.6786 0.2811 -0.6786
vn -0.6786 -0.2811 -0.6786
vn -0.1157 0.8423 -0.5264
vn -0.6725 -0.5144 -0.5320
vn 0.9808 0.1950 -0.0000
vn 0.1951 -0.9808 -0.0000
vn 0.2811 0.6786 0.6786
vn -0.2811 -0.6786 0.6786
vn 0.6774 0.5137 0.5265
vn 0.1118 -0.8393 0.5320
vn -0.5556 0.8315 -0.0000
vn -0.8315 -0.5556 -0.0000
vn 0.2811 0.6786 -0.6786
vn -0.2811 -0.6786 -0.6786
vn -0.6774 0.5137 -0.5264
vn -0.1118 -0.8393 -0.5320
vn 0.5556 0.8315 -0.0000
vn 0.8315 -0.5555 -0.0000
vn -0.2811 0.6786 0.6786
vn 0.2811 -0.6786 0.6786
vn 0.1157 0.8423 0.5264
vn 0.6725 -0.5144 0.5320
vn -0.1951 -0.9808 -0.0000
vn -0.2811 0.6786 -0.6786
vn 0.2811 -0.6786 -0.6786
vn -0.8746 0.4773 -0.0856
vn -0.9112 0.0062 -0.4120
vn -0.8995 -0.4314 -0.0697
vn 0.5150 -0.6724 -0.5317
vn 0.6515 -0.7584 0.0170
vn 0.1977 -0.9641 -0.1771
vn -0.1951 0.9808 -0.0000
vn 0.9808 0.1951 -0.0000
vn -0.6259 0.2625 0.7344
vn -0.9335 -0.0085 0.3584
vn -0.6509 -0.3091 0.6934
vn 0.9810 -0.1923 -0.0246
vn 0.8024 -0.3048 0.5131
vn 0.4526 -0.7323 0.5088
vn -0.5160 0.6769 0.5249
vn -0.8467 0.1965 0.4944
vn -0.3828 0.2836 0.8792
vn 0.9690 -0.2177 -0.1167
vn 0.9127 -0.0031 0.4087
vn 0.5986 -0.3422 0.7242
vn -0.9786 0.1002 -0.1798
vn -0.9839 0.1374 -0.1145
vn -0.6889 -0.5256 -0.4991
vn -0.7284 -0.4202 0.5412
vn 0.8589 -0.3036 -0.4124
vn 0.8710 -0.2897 0.3969
vn 0.4840 -0.7152 0.5043
vn 0.4453 -0.7630 -0.4685
vn -0.9017 -0.0619 -0.4278
vn -0.6158 0.2591 -0.7441
vn -0.4800 -0.3165 -0.8182
vn 0.8369 -0.3146 -0.4480
vn 0.9312 -0.3398 0.1316
vn 0.4758 -0.7136 -0.5142
vn -0.6837 -0.7127 0.1565
vn -0.8268 -0.5615 0.0348
vn -0.6168 -0.1601 -0.7707
vn -0.2024 -0.9591 -0.1979
vn 0.7522 0.5616 -0.3447
vn 0.8402 0.5242 -0.1387
vn 0.9096 -0.4148 0.0230
vn 0.5838 0.2079 -0.7848
vn -0.8994 -0.1319 -0.4168
vn -0.8875 -0.0572 0.4572
vn -0.7026 0.6256 0.3392
vn -0.7500 0.4625 -0.4729
vn 0.8930 0.4408 -0.0906
vn 0.8707 0.4492 0.2001
vn 0.3882 0.7522 -0.5325
vn 0.3451 0.7692 0.5379
vn -0.7510 -0.3912 0.5320
vn -0.8379 -0.1135 0.5339
vn -0.0703 -0.6336 0.7705
vn -0.4349 0.3909 0.8112
vn 0.9989 0.0042 -0.0463
vn 0.6542 0.7544 0.0546
vn 0.4119 0.6141 0.6733
vn 0.8291 -0.2094 0.5184
vn -0.9841 0.0133 -0.1772
vn -0.9498 -0.3020 -0.0822
vn -0.5529 -0.3555 0.7536
vn -0.8548 0.4851 0.1844
vn 0.9246 0.1651 0.3433
vn 0.9339 0.2659 0.2389
vn 0.3178 0.9479 0.0214
vn 0.5294 0.2447 0.8123
vn -0.6972 -0.5969 0.3970
vn -0.5338 -0.6797 -0.5030
vn 0.0926 -0.9369 -0.3372
vn -0.1236 -0.8523 0.5082
vn 0.8862 0.4333 0.1643
vn 0.8821 0.4457 -0.1523
vn 0.8191 -0.1718 0.5473
vn 0.8081 -0.1840 -0.5595
vn -0.8366 -0.2214 -0.5011
vn -0.6425 -0.5327 -0.5508
vn -0.5095 0.3760 -0.7739
vn -0.0407 -0.6047 -0.7954
vn 0.6961 0.7179 -0.0053
vn 0.9849 -0.1346 -0.1091
vn 0.7145 -0.1618 -0.6807
vn 0.4454 0.7124 -0.5424
vn 0.6551 -0.5568 -0.5107
vn -0.4845 -0.6988 -0.5262
vn -0.1262 -0.4792 -0.8686
vn 0.1041 -0.3929 -0.9137
vn 0.6673 0.7414 0.0712
vn 0.2719 0.2561 -0.9276
vn 0.3131 0.9468 -0.0747
vn 0.1980 0.5704 -0.7971
vn -0.5776 -0.7776 0.2485
vn -0.5480 -0.8182 0.1741
vn -0.8545 -0.1207 0.5053
vn -0.7881 -0.2557 -0.5599
vn 0.3118 0.8627 0.3980
vn 0.2087 0.8522 -0.4797
vn -0.3030 0.8008 -0.5166
vn -0.3302 0.8036 0.4952
vn -0.6474 -0.5072 0.5689
vn -0.4626 0.1902 0.8659
vn -0.4412 -0.8035 0.3997
vn -0.5051 0.0678 0.8604
vn 0.4680 0.3180 0.8245
vn 0.3431 0.9232 -0.1730
vn -0.2083 0.8393 0.5022
vn -0.1617 0.5941 0.7880
vn -0.2715 -0.9249 0.2663
vn -0.9721 -0.0267 0.2330
vn -0.4282 -0.9022 -0.0507
vn -0.9637 -0.2428 0.1108
vn -0.2297 0.3856 0.8936
vn -0.1519 0.9831 -0.1023
vn -0.5295 0.8410 0.1111
vn -0.6678 0.6201 0.4118
vn 0.8240 -0.4850 0.2928
vn -0.0058 -0.9922 0.1245
vn 0.3779 -0.8240 -0.4221
vn 0.7349 -0.5320 -0.4206
vn 0.6872 0.6033 -0.4047
vn 0.8344 0.2138 -0.5080
vn 0.2109 0.9750 -0.0700
vn 0.8913 0.3508 -0.2874
vn 0.1912 -0.6223 -0.7590
vn -0.6920 -0.4564 -0.5594
vn -0.6090 -0.0603 -0.7909
vn 0.1774 -0.2703 -0.9463
vn 0.6128 0.7805 0.1235
vn 0.1574 0.9872 -0.0250
vn 0.6950 0.6140 -0.3741
vn -0.2404 0.8956 -0.3745
vn 0.7225 -0.6758 0.1458
vn 0.8333 -0.5515 0.0384
vn 0.1530 -0.6603 -0.7353
vn 0.9599 -0.1896 -0.2063
vn -0.3598 0.6035 -0.7116
vn -0.4962 0.8498 -0.1776
vn 0.4427 0.8966 -0.0085
vn -0.0896 0.5524 -0.8287
vn -0.2458 -0.8065 -0.5377
vn 0.2307 -0.9668 0.1095
vn -0.4340 -0.7450 0.5066
vn -0.5828 -0.7042 -0.4055
vn -0.4251 0.8121 0.3997
vn -0.5221 0.7206 0.4562
vn -0.6284 0.5381 -0.5617
vn -0.8280 0.3569 0.4326
vn -0.1350 -0.7757 0.6164
vn 0.1133 -0.8415 0.5282
vn 0.6360 -0.0756 0.7679
vn -0.3686 -0.2644 0.8912
vn 0.0060 0.9920 -0.1261
vn -0.3542 0.9027 -0.2442
vn -0.7624 0.5125 0.3950
vn 0.2121 0.8661 0.4527
vn -0.3957 -0.9183 0.0105
vn 0.2757 -0.9602 -0.0452
vn 0.3226 -0.5389 0.7782
vn -0.5309 -0.7982 0.2847
vn -0.1754 0.9183 0.3549
vn -0.1890 0.7647 0.6160
vn -0.9410 0.3382 0.0129
vn -0.2488 0.5166 0.8193
vn 0.6125 -0.6829 0.3981
vn 0.6997 -0.5179 -0.4922
vn 0.9272 0.1047 -0.3597
vn 0.8561 -0.1019 0.5066
vn -0.4794 0.8637 0.1556
vn -0.4839 0.8627 -0.1469
vn 0.1309 0.8212 0.5554
vn 0.1514 0.8237 -0.5465
vn 0.2659 -0.8504 -0.4541
vn 0.6785 -0.3135 -0.6643
vn -0.3376 -0.5817 -0.7400
vn 0.6150 -0.0766 -0.7848
vn -0.7861 0.5023 -0.3602
vn 0.1265 0.9846 -0.1207
vn 0.1618 0.7218 -0.6729
vn -0.6624 0.4196 -0.6206
vn 0.8306 -0.4599 -0.3141
vn 0.7061 -0.4543 -0.5432
vn 0.4624 -0.1264 -0.8776
vn 0.8725 0.4742 -0.1177
vn -0.8079 0.5699 0.1500
vn -0.6062 0.7856 0.1238
vn -0.3093 0.9455 -0.1018
vn -0.6596 0.1568 -0.7351
vn 0.8074 -0.5463 0.2230
vn 0.8331 -0.5255 0.1726
vn 0.1465 -0.8480 0.5093
vn 0.2780 -0.7851 -0.5535
vn -0.8749 0.2781 0.3965
vn -0.8613 0.1750 -0.4770
vn -0.7869 -0.3218 -0.5264
vn -0.7949 -0.3623 0.4867
vn 0.5410 -0.6527 0.5304
vn 0.7911 0.1810 0.5844
vn 0.4837 0.3508 0.8019
vn -0.0262 -0.5281 0.8488
vn -0.9917 0.0786 -0.1013
vn -0.9165 0.3303 -0.2255
vn -0.8626 -0.2156 0.4576
vn -0.5104 0.7897 0.3404
vn 0.9645 -0.2083 0.1624
vn 0.8551 -0.1289 0.5022
vn 0.4832 -0.3045 0.8209
vn 0.3337 -0.9421 0.0340
vn -0.9979 -0.0165 -0.0626
vn -0.9809 -0.1804 -0.0724
vn -0.8226 -0.5543 0.1270
vn -0.5764 0.2713 0.7708
vn 0.9495 0.0127 -0.3134
vn 0.9888 -0.0954 -0.1147
vn 0.6780 0.5506 -0.4870
vn 0.7292 0.4247 0.5365
vn -0.8558 0.3219 -0.4049
vn -0.7842 0.3980 0.4761
vn -0.4555 0.7501 0.4795
vn -0.4435 0.7690 -0.4603
vn 0.7990 0.1217 -0.5889
vn 0.4412 -0.6817 -0.5836
vn 0.0392 -0.5969 -0.8014
vn 0.3026 0.3570 -0.8837
vn -0.7902 0.5960 0.1431
vn -0.9157 0.3505 0.1966
vn -0.5037 0.7435 -0.4399
vn -0.9014 -0.2448 -0.3573
vn 0.6844 0.7119 0.1575
vn 0.8270 0.5617 0.0262
vn 0.6191 0.1706 -0.7666
vn 0.2037 0.9590 -0.1970
vn -0.7585 -0.5505 -0.3487
vn -0.8410 -0.5222 -0.1414
vn -0.9087 0.4169 0.0206
vn -0.5905 -0.2041 -0.7808
vn 0.9053 0.1060 -0.4112
vn 0.8695 -0.0551 0.4909
vn 0.6864 -0.6661 0.2920
vn 0.7473 -0.4743 -0.4654
vn -0.8517 -0.4830 -0.2032
vn -0.8606 -0.4693 0.1977
vn -0.3820 -0.7634 -0.5208
vn -0.3659 -0.7593 0.5381
vn 0.6946 0.4883 0.5283
vn 0.8504 0.1190 0.5125
vn 0.0891 0.6423 0.7613
vn 0.4883 -0.3646 0.7928
vn -0.9997 -0.0061 -0.0251
vn -0.5975 -0.7827 0.1742
vn -0.4021 -0.5662 0.7195
vn -0.8184 0.2091 0.5352
vn 0.9864 -0.0148 -0.1637
vn 0.9506 0.3001 -0.0797
vn 0.5520 0.3532 0.7554
vn 0.8569 -0.4789 0.1905
vn -0.9252 -0.1642 0.3420
vn -0.9311 -0.2736 0.2411
vn -0.3255 -0.9451 0.0293
vn -0.5308 -0.2441 0.8116
vn 0.7332 0.5571 0.3898
vn 0.8762 0.4772 -0.0677
vn 0.2381 0.8038 -0.5451
vn 0.1742 0.8411 0.5121
vn -0.8392 -0.2296 -0.4930
vn -0.8604 -0.4884 -0.1452
vn -0.8210 0.1308 0.5557
vn -0.8062 0.3398 -0.4843
vn 0.3304 0.6766 -0.6581
vn 0.6092 0.5145 -0.6034
vn 0.4648 -0.3830 -0.7983
vn -0.1593 0.4446 -0.8815
vn -0.6974 -0.7153 0.0433
vn -0.8588 -0.4515 0.2423
vn -0.8910 0.2265 -0.3935
vn -0.4731 -0.7293 -0.4942
vn -0.0160 0.9845 0.1744
vn 0.1561 0.9773 0.1435
vn 0.3857 0.5514 -0.7397
vn -0.4877 0.8528 -0.1867
vn -0.1121 -0.8705 -0.4792
vn -0.2598 -0.9379 -0.2299
vn -0.9455 -0.3254 -0.0137
vn -0.2531 -0.5110 -0.8215
vn 0.5969 0.6341 -0.4916
vn 0.4904 0.8552 0.1678
vn 0.8368 0.1851 0.5153
vn 0.8550 0.1436 -0.4983
vn -0.3259 -0.8563 0.4007
vn -0.4163 -0.8583 0.3001
vn 0.1153 -0.8170 -0.5649
vn 0.3165 -0.8071 0.4983
vn 0.6356 0.4614 0.6189
vn 0.5214 0.6130 0.5936
vn -0.3916 0.4678 0.7923
vn 0.4719 -0.1287 0.8722
vn -0.7200 -0.6927 -0.0426
vn -0.3310 -0.9159 -0.2273
vn 0.2165 -0.8652 0.4523
vn -0.7305 -0.4615 0.5033
vn 0.8061 0.5697 -0.1601
vn 0.5557 0.8303 -0.0436
vn 0.1571 0.6249 0.7647
vn 0.9576 0.1851 0.2207
vn -0.5588 -0.7527 0.3481
vn -0.5646 -0.7716 0.2930
vn 0.4115 -0.9105 -0.0403
vn -0.2045 -0.5824 0.7868
vn 0.0201 0.9020 0.4313
vn -0.3859 0.9225 0.0074
vn -0.5575 0.6875 0.4653
vn -0.8312 -0.5560 -0.0001
vn -0.4178 -0.8868 -0.1975
vn -0.7284 -0.4227 0.5392
vn 0.2339 0.5795 -0.7807
vn -0.0145 0.9221 -0.3866
vn 0.7176 0.2304 -0.6573
vn 0.1106 -0.9804 -0.1633
vn -0.3552 -0.7874 -0.5039
vn 0.2094 -0.7497 -0.6277
vn -0.6774 0.5137 -0.5265
vn 0.4809 0.8768 0.0035
vn -0.0856 0.9892 0.1191
vn 0.5676 0.6604 0.4916
vn 0.3985 -0.8234 0.4040
vn 0.7538 -0.6568 -0.0211
vn 0.8171 -0.3675 0.4441
vn 0.0618 0.9017 0.4278
vn -0.2591 0.6158 0.7441
vn 0.3165 0.4800 0.8182
vn 0.3146 -0.8368 0.4480
vn 0.3399 -0.9312 -0.1316
vn 0.7136 -0.4757 0.5142
vn 0.6726 -0.5144 0.5320
vn -0.9733 0.2295 -0.0014
vn -0.7450 0.4141 -0.5230
vn -0.9062 -0.2274 -0.3566
vn 0.4413 -0.8814 0.1687
vn -0.1257 -0.9920 0.0117
vn -0.1955 -0.8186 -0.5400
vn -0.2945 0.9168 -0.2698
vn -0.2515 0.6170 -0.7457
vn -0.7011 0.1993 -0.6846
vn 0.3444 -0.7781 -0.5253
vn -0.1401 -0.9673 -0.2115
vn -0.1721 -0.6505 -0.7397
vn -0.8896 0.4315 -0.1498
vn -0.7069 0.4788 -0.5206
vn -0.4698 0.1511 -0.8698
vn -0.8700 -0.4787 -0.1180
vn 0.8077 -0.5686 0.1560
vn 0.7219 -0.6760 0.1482
vn 0.3160 -0.9458 -0.0750
vn 0.6538 -0.1501 -0.7416
vn -0.7459 0.6263 0.2268
vn -0.2967 0.9550 -0.0040
vn -0.1764 0.8148 -0.5522
vn 0.9797 0.2002 -0.0010
vn 0.8689 -0.1290 -0.4779
vn 0.7657 0.3725 -0.5243
vn -0.9659 0.2024 0.1612
vn -0.9152 0.1411 0.3774
vn -0.5143 0.2647 0.8157
vn -0.3247 0.9453 0.0298
vn 0.9848 -0.1629 -0.0598
vn 0.9814 0.1615 -0.1040
vn 0.8330 0.5437 0.1022
vn 0.5763 -0.2770 0.7689
vn -0.9788 0.0987 -0.1797
vn -0.9857 0.1246 -0.1132
vn -0.6938 -0.5266 -0.4912
vn -0.7278 -0.4214 0.5411
vn 0.8576 -0.3158 -0.4059
vn 0.8698 -0.2938 0.3965
vn 0.4810 -0.7178 0.5034
vn 0.4482 -0.7654 -0.4618
vn -0.7995 -0.1214 -0.5882
vn -0.4405 0.6885 -0.5761
vn -0.0327 0.6022 -0.7977
vn -0.3034 -0.3568 -0.8835
vn 0.7871 -0.5983 0.1500
vn 0.9160 -0.3504 0.1955
vn 0.5034 -0.7430 -0.4411
vn 0.8987 0.2547 -0.3570
vn -0.6844 -0.7119 0.1576
vn -0.8269 -0.5617 0.0262
vn -0.6191 -0.1706 -0.7666
vn -0.2036 -0.9590 -0.1970
vn 0.7585 0.5506 -0.3487
vn 0.8410 0.5222 -0.1414
vn 0.9087 -0.4169 0.0207
vn 0.5904 0.2041 -0.7808
vn -0.9045 -0.1206 -0.4090
vn -0.8874 -0.0536 0.4579
vn -0.7001 0.6284 0.3389
vn -0.7544 0.4618 -0.4664
vn 0.8939 0.4391 -0.0905
vn 0.8682 0.4561 0.1955
vn 0.3929 0.7563 -0.5232
vn 0.3468 0.7680 0.5383
vn -0.9864 0.0148 -0.1638
vn -0.9506 -0.3002 -0.0797
vn -0.5520 -0.3532 0.7553
vn -0.8569 0.4789 0.1904
vn 0.9252 0.1642 0.3420
vn 0.9311 0.2736 0.2411
vn 0.3254 0.9451 0.0292
vn 0.5308 0.2442 0.8116
vn 0.8861 0.4333 0.1643
vn 0.8821 0.4458 -0.1523
vn 0.8191 -0.1717 0.5473
vn 0.8081 -0.1839 -0.5596
vn -0.8371 -0.2216 -0.5002
vn -0.6411 -0.5268 -0.5581
vn -0.5095 0.3663 -0.7786
vn -0.0415 -0.6052 -0.7950
vn 0.7014 0.7126 -0.0140
vn 0.9848 -0.1346 -0.1101
vn 0.7138 -0.1618 -0.6814
vn 0.4539 0.7078 -0.5412
vn 0.0186 -0.9867 0.1617
vn -0.5310 -0.7095 -0.4633
vn -0.1857 -0.5205 -0.8334
vn 0.4808 -0.8555 -0.1921
vn 0.6655 0.7429 0.0724
vn 0.3131 0.8998 -0.3037
vn 0.9591 0.2714 -0.0800
vn 0.1987 0.5683 -0.7985
vn -0.6359 -0.4622 0.6181
vn -0.5152 -0.6115 0.6005
vn 0.3819 -0.4677 0.7971
vn -0.4725 0.1276 0.8720
vn 0.7149 0.6984 -0.0344
vn 0.3312 0.9160 -0.2264
vn -0.2163 0.8648 0.4532
vn 0.7260 0.4702 0.5018
vn -0.2703 -0.9254 0.2656
vn -0.6007 -0.7987 0.0349
vn -0.1890 -0.5599 0.8067
vn -0.9635 -0.2440 0.1099
vn 0.5485 0.7597 0.3493
vn -0.0966 0.9812 -0.1673
vn -0.4796 0.8757 0.0561
vn 0.2028 0.5895 0.7819
vn -0.0667 -0.9086 0.4122
vn -0.1380 -0.9579 0.2515
vn 0.2718 -0.7868 -0.5542
vn 0.5127 -0.7234 0.4624
vn 0.6328 0.5661 -0.5282
vn 0.3006 0.9372 -0.1769
vn 0.6517 0.5209 0.5514
vn 0.8865 0.3010 -0.3515
vn 0.3291 -0.6177 -0.7142
vn -0.6965 -0.4741 -0.5386
vn -0.6196 -0.0827 -0.7805
vn 0.2343 -0.1801 -0.9553
vn 0.6108 0.7804 0.1340
vn 0.0118 0.9987 0.0503
vn 0.7837 0.5315 -0.3214
vn -0.2412 0.8988 -0.3660
vn 0.3458 -0.9138 0.2129
vn 0.3058 -0.8959 -0.3223
vn 0.2534 -0.8742 0.4142
vn 0.1005 -0.8085 -0.5799
vn 0.4534 -0.7462 0.4875
vn 0.5615 -0.4852 -0.6703
vn 0.9221 0.3691 -0.1164
vn 0.9031 0.3266 0.2790
vn -0.2581 0.9562 0.1381
vn -0.2510 0.9565 -0.1489
vn -0.2451 0.5093 -0.8249
vn -0.9571 0.0137 0.2895
vn 0.3456 0.3822 -0.8570
vn 0.2293 0.7214 -0.6534
vn 0.2262 0.9734 0.0371
vn 0.9785 -0.1725 -0.1135
vn -0.4338 -0.6605 0.6128
vn -0.5212 0.6972 0.4922
vn -0.9815 0.0555 -0.1831
vn -0.9768 -0.1307 -0.1695
vn 0.1652 -0.2198 0.9614
vn 0.1764 0.2492 0.9523
vn 0.2891 -0.5332 0.7950
vn 0.3213 0.5699 0.7563
vn -0.2581 -0.9562 -0.1381
vn -0.2510 -0.9565 0.1489
vn -0.2451 -0.5093 0.8249
vn -0.9571 -0.0137 -0.2895
vn 0.3456 -0.3822 0.8570
vn 0.2293 -0.7214 0.6534
vn 0.2262 -0.9734 -0.0371
vn 0.9785 0.1725 0.1135
vn -0.4338 0.6605 -0.6128
vn -0.5212 -0.6972 -0.4922
vn -0.9815 -0.0555 0.1831
vn -0.9768 0.1307 0.1695
vn 0.1652 0.2198 -0.9614
vn 0.1764 -0.2492 -0.9523
vn 0.2891 0.5332 -0.7950
vn 0.3213 -0.5699 -0.7563
vn 0.3458 0.9138 -0.2129
vn 0.3058 0.8959 0.3223
vn 0.2534 0.8742 -0.4142
vn 0.1005 0.8085 0.5799
vn 0.4534 0.7462 -0.4875
vn 0.5615 0.4852 0.6703
vn 0.9221 -0.3691 0.1164
vn 0.9031 -0.3266 -0.2790
vn 0.5828 -0.5811 0.5680
vn 0.8006 -0.4695 0.3723
vn 0.5910 0.5651 0.5756
vn 0.4017 -0.5003 0.7670
vn -0.7385 0.5564 0.3808
vn -0.8308 0.5298 0.1707
vn -0.7309 -0.5710 0.3739
vn -0.4867 0.1513 0.8603
vn 0.7247 0.3889 0.5688
vn 0.8789 0.4769 0.0012
vn 0.4878 0.8513 0.1934
vn -0.7096 0.7045 0.0083
vn -0.7979 0.3986 -0.4522
vn -0.5779 0.5671 0.5869
vn 0.6680 -0.5132 -0.5390
vn 0.7397 0.0802 -0.6682
vn 0.5505 -0.8330 -0.0547
vn -0.7506 -0.6419 0.1569
vn -0.9157 -0.2772 -0.2911
vn -0.6543 -0.7555 -0.0334
vn 0.7505 -0.1871 0.6338
vn 0.9156 0.2770 0.2914
vn 0.5933 0.1617 0.7886
vn -0.6680 0.5143 0.5379
vn -0.6657 0.7459 -0.0237
vn -0.5494 0.0115 0.8355
vn 0.5997 -0.0023 -0.8002
vn -0.8541 -0.0120 -0.5200
vn 0.6137 -0.7895 -0.0021
vn 0.6370 -0.5524 -0.5377
vn 0.4975 -0.6400 0.5856
vn -0.6989 -0.4176 0.5807
vn -0.8604 -0.5094 -0.0132
vn -0.5582 -0.7001 0.4454
vn 0.3415 -0.5610 0.7541
vn 0.8587 -0.0937 0.5038
vn 0.2885 0.5613 0.7757
vn 0.2355 -0.5324 0.8131
vn -0.9128 0.3556 -0.2009
vn -0.9306 0.1836 -0.3167
vn -0.8277 -0.5258 0.1958
vn -0.7159 0.5266 0.4584
vn 0.9055 0.3685 0.2104
vn 0.7183 0.6782 0.1551
vn 0.6311 0.0978 -0.7695
vn 0.4715 0.8796 -0.0627
vn -0.7059 0.0302 -0.7076
vn -0.9950 -0.0744 -0.0665
vn -0.6564 0.7303 0.1891
vn -0.5734 0.2876 -0.7671
vn 0.8046 -0.2499 -0.5386
vn 0.9502 0.2983 -0.0899
vn 0.8121 -0.2291 0.5367
vn 0.7014 -0.5358 -0.4701
vn -0.5383 -0.6268 0.5634
vn -0.6530 -0.5489 0.5218
vn -0.5466 -0.6174 -0.5657
vn -0.4300 -0.7493 0.5036
vn 0.9471 0.0993 0.3051
vn 0.9918 0.0064 -0.1277
vn 0.5458 0.6299 -0.5526
vn 0.5750 0.6139 0.5408
vn -0.8635 0.1739 -0.4735
vn -0.9937 0.0111 -0.1114
vn -0.6430 0.5237 0.5588
vn -0.5176 0.6751 -0.5257
vn 0.7455 0.4553 -0.4868
vn 0.6412 0.5216 -0.5629
vn 0.4841 -0.5434 -0.6859
vn 0.2290 0.5382 -0.8111
vn -0.7585 -0.5484 -0.3520
vn -0.9808 0.0088 0.1946
vn -0.6721 0.5527 -0.4927
vn -0.5730 -0.3777 -0.7274
vn 0.7040 -0.6782 -0.2108
vn 0.9949 -0.0414 -0.0924
vn 0.6561 -0.0592 0.7523
vn 0.5369 -0.8371 0.1055
vn -0.9431 0.0431 0.3296
vn -0.7731 -0.0525 0.6321
vn -0.6229 -0.7639 -0.1684
vn -0.5510 -0.2176 0.8057
vn 0.8425 -0.3179 0.4349
vn 0.6309 -0.5277 0.5688
vn 0.4832 0.5457 0.6847
vn 0.2886 -0.5397 0.7909
vn -0.7578 0.5502 0.3506
vn -0.9763 -0.1589 -0.1468
vn -0.6589 -0.5058 0.5568
vn -0.5831 0.4027 0.7055
vn 0.6958 0.7002 0.1600
vn 0.9600 0.1988 0.1974
vn 0.6426 -0.0247 -0.7658
vn 0.5358 0.8324 -0.1412
vn -0.8595 -0.1323 -0.4936
vn -0.7757 -0.0060 -0.6310
vn -0.6368 0.7602 0.1288
vn -0.5243 0.1715 -0.8341
vn 0.8690 -0.1663 -0.4661
vn 0.9690 -0.0453 0.2430
vn 0.5291 -0.6906 0.4931
vn 0.5363 -0.6487 -0.5400
vn -0.9373 -0.1128 0.3298
vn -0.9526 -0.0623 0.2977
vn -0.6283 -0.5146 -0.5835
vn -0.5471 -0.6519 0.5252
vn 0.6908 0.4419 0.5723
vn 0.8403 0.5420 0.0042
vn 0.5379 0.7195 0.4392
vn -0.6280 0.7782 0.0067
vn -0.6335 0.5703 -0.5229
vn -0.5254 0.6357 0.5656
vn 0.6021 0.0033 -0.7984
vn 0.8862 0.2939 -0.3580
vn 0.4426 -0.5966 -0.6695
vn -0.8632 -0.4843 -0.1428
vn -0.8436 0.0161 -0.5367
vn -0.5455 -0.4774 -0.6889
vn 0.8310 -0.4978 -0.2481
vn 0.7357 -0.6659 -0.1234
vn 0.6424 -0.0284 0.7658
vn 0.4532 -0.8824 0.1262
vn -0.6972 0.0142 0.7168
vn -0.9546 0.1638 0.2487
vn -0.6494 -0.7399 -0.1755
vn -0.5499 -0.2695 0.7906
vn 0.8417 -0.5006 0.2024
vn 0.8373 0.5141 0.1860
vn 0.5922 0.5414 0.5968
vn 0.5520 -0.6165 0.5615
vn -0.8696 -0.4834 0.1002
vn -0.9464 0.2912 0.1396
vn -0.6317 -0.5973 0.4941
vn -0.6065 0.5835 0.5400
vn 0.7128 -0.2461 -0.6567
vn 0.8709 -0.0596 -0.4878
vn 0.1350 -0.2282 -0.9642
vn 0.3355 0.8501 -0.4059
vn -0.9143 -0.4027 -0.0436
vn -0.8496 0.4953 0.1812
vn -0.6527 0.7375 -0.1733
vn -0.5301 -0.2024 -0.8235
vn 0.8903 0.2197 -0.3988
vn 0.9655 0.0787 -0.2481
vn 0.6020 -0.7984 -0.0114
vn 0.3341 -0.2626 -0.9052
vn -0.8212 -0.5514 0.1472
vn -0.9699 0.1761 -0.1679
vn -0.4763 -0.0410 -0.8783
vn -0.5485 -0.8298 -0.1024
vn 0.8614 -0.1728 -0.4777
vn 0.9337 -0.1885 -0.3046
vn 0.6349 -0.4232 0.6464
vn 0.5743 -0.6154 -0.5399
vn -0.8123 -0.2180 0.5410
vn -0.9026 -0.0429 0.4284
vn -0.6165 -0.5249 -0.5868
vn -0.5287 -0.6490 0.5471
vn 0.8028 -0.1540 0.5761
vn 0.8967 0.3748 -0.2354
vn 0.3622 0.8978 0.2506
vn 0.4763 0.2143 0.8528
vn -0.9702 0.1896 -0.1505
vn -0.9211 0.3695 -0.1222
vn -0.6233 -0.0114 0.7819
vn -0.4564 0.8873 0.0662
vn 0.8756 0.4789 0.0626
vn 0.7637 0.6088 0.2147
vn 0.3418 0.4033 -0.8489
vn 0.1443 0.9623 0.2304
vn -0.8714 -0.2013 -0.4474
vn -0.9152 0.0517 0.3997
vn -0.5248 0.8280 0.1975
vn -0.6494 0.1731 -0.7405
vn 0.9694 -0.2102 -0.1268
vn 0.8842 0.4399 -0.1574
vn 0.6362 -0.4812 -0.6030
vn 0.5151 0.7374 -0.4369
vn -0.8569 -0.4565 -0.2396
vn -0.7852 0.6096 -0.1090
vn -0.4358 0.4726 -0.7660
vn -0.6742 -0.5108 -0.5333
vn 0.6545 -0.6678 0.3546
vn 0.6863 -0.6319 0.3602
vn 0.4069 0.2285 0.8844
vn 0.3564 -0.8022 0.4791
vn -0.7516 0.3670 0.5480
vn -0.9093 0.3752 0.1801
vn -0.7359 -0.6626 0.1391
vn -0.5800 0.0853 0.8101
vn 0.6532 0.5201 0.5503
vn 0.7383 0.3232 -0.5921
vn 0.2489 0.9291 -0.2735
vn 0.3700 0.8747 0.3130
vn -0.9698 -0.0334 0.2416
vn -0.8497 0.2558 -0.4611
vn -0.6784 0.4776 0.5583
vn -0.5882 0.5265 -0.6138
vn 0.8279 0.3244 0.4576
vn 0.9836 0.0805 0.1615
vn 0.5166 0.4379 -0.7358
vn 0.6009 0.6499 0.4654
vn -0.7995 0.1057 -0.5913
vn -0.8815 0.1304 -0.4539
vn -0.6825 0.5176 0.5161
vn -0.4141 0.7685 -0.4877
vn 0.7707 0.5699 -0.2849
vn 0.9941 0.0766 -0.0768
vn 0.5874 -0.5400 -0.6029
vn 0.2668 0.3117 -0.9120
vn -0.8583 -0.4683 -0.2098
vn -0.9819 -0.1719 0.0793
vn -0.5872 0.6293 -0.5091
vn -0.5825 -0.5001 -0.6408
vn 0.6255 -0.7521 -0.2075
vn 0.6748 -0.7140 -0.1868
vn 0.3616 -0.4737 0.8030
vn 0.1522 -0.9800 -0.1280
vn -0.8706 0.1256 0.4757
vn -0.9710 0.2184 0.0976
vn -0.7352 -0.5818 -0.3479
vn -0.7210 -0.1746 0.6706
vn 0.7087 -0.1097 0.6969
vn 0.8346 0.5041 -0.2220
vn 0.5837 0.8106 0.0473
vn 0.5306 0.0052 0.8476
vn -0.8686 -0.2680 0.4169
vn -0.8441 0.5278 -0.0946
vn -0.6660 -0.0876 0.7408
vn -0.6042 0.7963 -0.0280
vn 0.7166 -0.6364 -0.2854
vn 0.6166 -0.7296 -0.2956
vn 0.0654 -0.8162 -0.5740
vn 0.3409 0.3152 -0.8857
vn -0.9629 -0.0057 0.2699
vn -0.8493 0.4859 -0.2062
vn -0.6603 0.4063 -0.6316
vn -0.6372 -0.7430 -0.2048
vn 0.9783 0.0454 -0.2019
vn 0.8947 -0.1884 -0.4051
vn 0.6791 -0.4844 0.5515
vn 0.5241 -0.6100 -0.5943
vn -0.6494 -0.5269 0.5484
vn -0.7905 -0.2561 -0.5563
vn -0.3934 -0.7484 -0.5339
vn -0.5042 -0.7080 0.4946
vn 0.6652 -0.3755 -0.6454
vn 0.7974 -0.3925 -0.4583
vn 0.3153 -0.9233 0.2193
vn 0.3213 -0.4939 -0.8080
vn -0.8672 -0.2618 0.4237
vn -0.9247 -0.0857 0.3710
vn -0.7536 -0.0975 -0.6500
vn -0.6427 -0.7494 0.1589
vn 0.8238 -0.5092 0.2493
vn 0.9863 0.1415 -0.0854
vn 0.5390 0.6009 0.5903
vn 0.4831 -0.3750 0.7912
vn -0.8205 0.5307 0.2123
vn -0.9448 0.2954 0.1414
vn -0.6259 -0.5458 0.5571
vn -0.4152 0.5562 0.7199
vn 0.8376 0.1911 0.5118
vn 0.9082 0.1268 0.3989
vn 0.6380 0.6011 -0.4813
vn 0.3879 0.6201 0.6819
vn -0.8761 0.2206 -0.4288
vn -0.9899 -0.1397 0.0234
vn -0.5774 0.5042 0.6422
vn -0.6649 0.5477 -0.5079
vn 0.9690 -0.2408 0.0549
vn 0.7268 0.1682 -0.6660
vn 0.6524 -0.7530 -0.0856
vn 0.5123 0.2099 -0.8327
vn -0.7084 -0.7058 -0.0053
vn -0.7821 0.3484 -0.5167
vn -0.4267 -0.2127 -0.8790
vn -0.6660 -0.7448 -0.0419
vn 0.3990 -0.2260 0.8887
vn 0.6801 -0.1901 0.7080
vn 0.3991 0.7880 0.4687
vn 0.3411 -0.2106 0.9161
vn -0.7483 0.6497 0.1339
vn -0.8020 0.5960 0.0391
vn -0.7482 -0.3646 0.5543
vn -0.5747 0.6339 0.5176
vn 0.6532 0.7569 0.0213
vn 0.7383 -0.1901 -0.6472
vn 0.2489 0.4636 -0.8504
vn 0.3700 0.8398 -0.3972
vn -0.9698 0.1471 0.1945
vn -0.8497 -0.1452 -0.5069
vn -0.6784 0.7325 0.0570
vn -0.5882 -0.0618 -0.8063
vn 0.8562 -0.1911 -0.4800
vn 0.9197 0.0305 -0.3914
vn 0.6266 -0.5429 0.5592
vn 0.5429 -0.5674 -0.6191
vn -0.8659 -0.1987 0.4591
vn -0.9607 -0.1118 0.2541
vn -0.6302 -0.4969 -0.5966
vn -0.5803 -0.5743 0.5775
vn 0.7376 0.2561 0.6248
vn 0.8900 0.4513 -0.0645
vn 0.1771 0.9548 -0.2387
vn 0.3347 0.4094 0.8488
vn -0.9146 0.0565 -0.4005
vn -0.9166 0.0490 -0.3968
vn -0.6829 0.1028 0.7232
vn -0.5259 0.8290 -0.1899
vn 0.8899 0.3957 0.2269
vn 0.9766 0.2045 0.0666
vn 0.6004 0.0145 -0.7996
vn 0.3442 0.9008 -0.2647
vn -0.8458 -0.1546 -0.5106
vn -0.9712 0.1634 0.1731
vn -0.4815 0.8757 -0.0366
vn -0.5547 0.0957 -0.8265
vn 0.6991 0.4270 0.5735
vn 0.8324 0.2148 -0.5109
vn 0.5744 0.6162 -0.5389
vn 0.5183 0.6140 0.5952
vn -0.8699 0.1048 0.4820
vn -0.8436 0.3074 -0.4402
vn -0.6659 0.4623 0.5856
vn -0.6025 0.5452 -0.5828
vn 0.7240 -0.6429 0.2499
vn 0.6222 -0.7197 0.3080
vn 0.0735 -0.9823 0.1725
vn 0.3477 -0.4003 -0.8478
vn -0.9649 0.1800 0.1914
vn -0.8490 0.1904 -0.4929
vn -0.6555 -0.1633 -0.7374
vn -0.6344 -0.6757 0.3754
vn 0.9784 -0.1107 -0.1749
vn 0.8947 -0.4196 -0.1532
vn 0.6791 0.0475 0.7325
vn 0.5241 -0.8516 0.0112
vn -0.6494 0.0152 0.7603
vn -0.7905 -0.5745 -0.2122
vn -0.3934 -0.9068 0.1517
vn -0.5042 -0.1509 0.8503
vn 0.8630 0.4802 -0.1572
vn 0.9500 0.2747 -0.1488
vn 0.6393 -0.6459 -0.4173
vn 0.5834 0.5408 -0.6060
vn -0.8368 -0.5158 -0.1835
vn -0.9019 -0.4302 -0.0391
vn -0.6201 0.5874 -0.5200
vn -0.5380 -0.5506 -0.6383
vn 0.8254 -0.5402 -0.1639
vn 0.8958 0.2343 0.3777
vn 0.3635 -0.2542 0.8962
vn 0.4842 -0.8512 0.2027
vn -0.9710 0.1563 0.1808
vn -0.9402 0.1175 0.3197
vn -0.6250 -0.7805 -0.0141
vn -0.4674 -0.0645 0.8817
vn 0.8678 -0.0539 0.4940
vn 0.7531 -0.2106 0.6232
vn 0.3295 0.8511 0.4087
vn 0.1323 -0.2283 0.9646
vn -0.8711 0.4419 -0.2145
vn -0.9144 -0.4029 0.0382
vn -0.5374 -0.2020 0.8187
vn -0.6567 0.7360 0.1644
vn 0.9724 -0.1251 0.1970
vn 0.7263 -0.3527 -0.5900
vn 0.6519 -0.5936 0.4718
vn 0.5100 -0.4450 -0.7361
vn -0.6998 -0.5167 0.4933
vn -0.7784 -0.1340 -0.6133
vn -0.4099 -0.7792 -0.4742
vn -0.6566 -0.5696 0.4944
vn 0.3734 0.4795 0.7941
vn 0.8355 0.5443 0.0757
vn 0.2510 0.9538 -0.1648
vn 0.3136 0.5101 0.8009
vn -0.9710 -0.0303 -0.2372
vn -0.8177 0.4082 -0.4059
vn -0.7651 0.0922 0.6373
vn -0.6986 0.6725 -0.2445
vn 0.9565 0.2684 -0.1145
vn 0.7612 -0.5769 -0.2961
vn 0.2809 -0.2869 -0.9159
vn 0.5340 0.4603 -0.7092
vn -0.9732 0.2253 0.0462
vn -0.9910 0.1240 -0.0502
vn -0.6292 0.5179 -0.5795
vn -0.5853 -0.6229 -0.5190
vn 0.8553 -0.4347 0.2821
vn 0.9817 -0.1719 0.0813
vn 0.5206 0.7372 0.4307
vn 0.6063 -0.4669 0.6438
vn -0.8027 0.5894 0.0906
vn -0.9060 0.4148 0.0849
vn -0.6896 -0.5182 0.5058
vn -0.4303 0.4860 0.7606
vn 0.7773 0.2692 0.5686
vn 0.9575 0.1061 -0.2684
vn 0.5220 0.7089 -0.4743
vn 0.2869 0.9087 0.3033
vn -0.9912 0.0147 -0.1312
vn -0.9801 -0.0792 -0.1820
vn -0.5901 0.5143 0.6223
vn -0.6313 0.5684 -0.5276
vn 0.8327 -0.0668 -0.5496
vn 0.6971 0.1564 -0.6997
vn 0.3424 -0.8062 -0.4824
vn 0.2247 0.1705 -0.9594
vn -0.8875 -0.4328 0.1580
vn -0.9669 0.2486 0.0573
vn -0.6976 0.2657 -0.6654
vn -0.7256 -0.6679 -0.1659
vn 0.9038 -0.0852 0.4194
vn 0.8365 -0.1597 0.5242
vn 0.4380 -0.5844 0.6831
vn 0.6888 -0.5463 -0.4766
vn -0.9884 0.1512 -0.0172
vn -0.8616 -0.2492 -0.4423
vn -0.6867 -0.5302 -0.4973
vn -0.5955 -0.4745 0.6482
vn 0.9915 -0.1078 -0.0730
vn 0.9614 0.2591 0.0929
vn 0.5538 0.4669 0.6895
vn 0.5431 -0.6060 0.5812
vn -0.9888 0.1225 0.0849
vn -0.7993 -0.5585 0.2217
vn -0.4259 -0.5590 0.7114
vn -0.6089 0.5022 0.6140
vn 0.8268 0.5577 -0.0733
vn 0.6154 0.4048 -0.6763
vn 0.3227 0.5038 -0.8013
vn 0.2322 0.9600 0.1567
vn -0.9122 0.1000 0.3975
vn -0.9647 -0.0754 0.2522
vn -0.7208 0.6373 0.2726
vn -0.7774 0.0786 -0.6240
vn 0.9404 -0.2654 -0.2126
vn 0.9913 -0.0359 -0.1268
vn 0.6058 -0.0971 -0.7897
vn 0.6195 0.7850 -0.0012
vn -0.9877 -0.1158 -0.1053
vn -0.8987 0.3761 0.2256
vn -0.6116 0.7905 0.0333
vn -0.6244 -0.0145 -0.7810
vn 0.9781 -0.0330 -0.2055
vn 0.9718 0.0665 0.2262
vn 0.5262 -0.6136 0.5887
vn 0.5921 -0.6274 -0.5057
vn -0.8226 -0.1947 0.5342
vn -0.9922 -0.0719 -0.1016
vn -0.6111 -0.5921 -0.5253
vn -0.4194 -0.7234 0.5485
vn 0.6788 -0.6843 0.2665
vn 0.7782 0.2257 0.5861
vn 0.3382 0.3079 0.8893
vn 0.1064 -0.8210 0.5609
vn -0.9323 -0.2520 -0.2593
vn -0.9646 -0.0467 -0.2597
vn -0.6174 -0.7460 0.2496
vn -0.6852 0.4381 0.5819
vn 0.8972 -0.0189 -0.4413
vn 0.8458 0.2065 -0.4920
vn 0.5823 0.5324 -0.6144
vn 0.6380 0.5263 0.5621
vn -0.9527 0.0619 0.2975
vn -0.8467 0.1714 0.5037
vn -0.6184 0.5221 0.5874
vn -0.6900 0.4400 -0.5747
vn 0.9742 -0.2007 0.1037
vn 0.7929 -0.5698 0.2161
vn 0.2915 -0.8405 -0.4567
vn 0.6402 -0.0044 -0.7682
vn -0.9934 0.1141 -0.0062
vn -0.8439 0.1614 -0.5116
vn -0.6055 -0.0771 -0.7921
vn -0.5630 -0.8240 0.0638
vn 0.9186 -0.3181 0.2346
vn 0.6893 -0.2674 0.6733
vn 0.3289 -0.4123 0.8496
vn 0.2620 -0.9222 -0.2845
vn -0.8985 -0.1015 -0.4270
vn -0.8288 -0.2848 -0.4816
vn -0.4735 -0.8805 -0.0227
vn -0.6853 -0.0983 0.7216
vn 0.9976 -0.0649 -0.0238
vn 0.8748 0.2406 0.4206
vn 0.4251 0.0631 0.9029
vn 0.6554 -0.7494 0.0941
vn -0.9907 0.1276 -0.0479
vn -0.9995 -0.0300 -0.0084
vn -0.6832 -0.7297 0.0288
vn -0.5606 0.0754 0.8246
vn 0.9843 -0.1615 0.0708
vn 0.8023 0.5718 -0.1715
vn 0.4804 0.8177 0.3173
vn 0.5214 0.0155 0.8532
vn -0.9313 -0.1492 0.3323
vn -0.8501 -0.2487 0.4642
vn -0.4419 0.0988 0.8916
vn -0.6605 0.7508 -0.0056
vn 0.7368 -0.0665 -0.6728
vn 0.8295 0.1894 -0.5254
vn 0.3035 -0.2038 -0.9308
vn 0.2839 0.8078 -0.5166
vn -0.9713 -0.1466 0.1870
vn -0.8614 0.4917 0.1270
vn -0.6757 0.6245 -0.3916
vn -0.7677 -0.3729 -0.5211
vn 0.6762 -0.2389 0.6970
vn -0.7171 0.0035 0.6970
vn 0.8178 0.5754 -0.0000
vn -0.5754 0.8179 -0.0000
vn 0.6631 -0.3140 -0.6795
vn -0.7302 -0.0715 -0.6795
vn 0.7302 0.0715 0.6795
vn -0.6631 0.3140 0.6795
vn 0.6762 -0.2389 -0.6969
vn -0.7171 0.0035 -0.6970
vn 0.5754 -0.8179 -0.0000
vn -0.8178 -0.5755 -0.0000
vn 0.5963 0.6232 0.5060
vn 0.8773 0.4799 -0.0003
vn 0.4686 0.8514 0.2359
vn -0.6573 0.7536 0.0029
vn -0.4270 0.7228 -0.5433
vn -0.8593 0.3342 0.3872
vn 0.4459 -0.6668 -0.5972
vn 0.5911 -0.8065 -0.0111
vn -0.0563 -0.9367 -0.3457
vn -0.9669 0.1904 0.1697
vn -0.9319 -0.2711 -0.2410
vn -0.6959 -0.7040 0.1419
vn 0.9124 -0.4086 0.0255
vn 0.2935 -0.9299 -0.2217
vn 0.7872 -0.3078 0.5343
vn 0.2609 -0.9386 -0.2259
vn -0.6185 -0.3697 0.6934
vn -0.8442 -0.2936 -0.4485
vn -0.5453 -0.8301 -0.1167
vn -0.4993 -0.6835 0.5325
vn 0.9284 0.1050 -0.3566
vn 0.9321 0.2702 0.2413
vn 0.7360 -0.1458 0.6611
vn -0.4461 0.6665 0.5973
vn -0.6969 0.1091 0.7088
vn -0.3091 0.1641 0.9368
vn 0.5904 -0.2665 -0.7618
vn -0.8421 -0.2105 -0.4966
vn 0.5930 -0.7439 -0.3081
vn 0.7777 -0.5759 0.2520
vn 0.4315 -0.8541 0.2902
vn -0.9303 0.1030 -0.3521
vn -0.8290 -0.5082 -0.2335
vn -0.6580 -0.6770 0.3297
vn 0.8434 -0.5359 0.0393
vn 0.3113 -0.9439 0.1100
vn 0.8031 -0.0867 0.5895
vn 0.2035 -0.9575 0.2045
vn -0.6148 -0.1086 0.7812
vn -0.8856 -0.3514 -0.3037
vn -0.5651 -0.8078 0.1674
vn -0.4965 -0.4518 0.7412
vn 0.6189 0.7457 0.2468
vn 0.8780 -0.1356 -0.4591
vn 0.6532 0.2557 -0.7127
vn 0.4992 0.8631 -0.0766
vn -0.7895 0.5806 0.1990
vn -0.2881 0.5269 -0.7996
vn -0.7872 0.5908 0.1769
vn -0.4016 0.4329 -0.8071
vn 0.7160 -0.5745 0.3967
vn 0.6356 -0.6252 0.4530
vn -0.0346 -0.9010 0.4324
vn 0.2935 -0.7522 -0.5900
vn -0.9591 0.1977 0.2025
vn -0.8811 0.0345 -0.4716
vn -0.6964 -0.4322 -0.5729
vn -0.6753 -0.5238 0.5192
vn 0.6125 0.7897 -0.0359
vn 0.9293 -0.2623 -0.2601
vn 0.6762 -0.0140 -0.7366
vn 0.4826 0.7682 -0.4207
vn -0.8650 0.4969 -0.0695
vn -0.3507 0.1888 -0.9173
vn -0.7966 0.6042 -0.0167
vn -0.4273 0.1422 -0.8929
vn 0.9593 0.1099 0.2600
vn 0.8360 0.3519 0.4211
vn 0.4916 -0.3443 0.7999
vn 0.6944 -0.6142 -0.3750
vn -0.7917 0.4300 0.4340
vn -0.9118 0.0116 -0.4105
vn -0.7381 -0.5502 -0.3905
vn -0.5500 -0.3861 0.7406
vn 0.8406 -0.2639 -0.4730
vn 0.7048 -0.6631 0.2521
vn 0.9200 0.3882 0.0539
vn 0.5472 -0.7429 0.3856
vn -0.5010 0.2311 0.8340
vn -0.9199 -0.3367 -0.2011
vn -0.5069 -0.8375 0.2041
vn -0.3594 -0.1308 0.9240
vn 0.8845 -0.4665 -0.0008
vn 0.4954 -0.7428 0.4504
vn 0.3850 -0.9203 -0.0701
vn -0.3018 -0.7657 -0.5680
vn -0.6435 -0.7655 0.0010
vn -0.9592 -0.2054 0.1943
vn 0.2076 0.9754 -0.0739
vn 0.9051 0.4248 0.0196
vn 0.2792 0.9578 -0.0687
vn 0.9264 0.1750 0.3333
vn -0.8230 0.4212 -0.3812
vn -0.4854 0.3945 0.7802
vn -0.3826 0.8164 0.4326
vn -0.5123 0.8549 0.0820
vn 0.5925 0.7320 0.3363
vn 0.4745 0.8456 -0.2443
vn -0.0402 0.9932 0.1097
vn -0.9378 0.3338 -0.0953
vn -0.9616 -0.2408 0.1319
vn -0.6985 0.5687 0.4344
vn 0.8628 0.1833 -0.4711
vn 0.4883 -0.8727 0.0012
vn 0.3784 -0.7687 -0.5157
vn 0.6484 -0.1262 -0.7508
vn -0.1914 -0.3890 -0.9012
vn -0.7753 -0.6175 0.1327
vn -0.4306 -0.2712 -0.8608
vn -0.9272 -0.3746 -0.0075
vn 0.1372 0.9052 0.4023
vn 0.6793 0.6827 0.2692
vn 0.0567 0.8271 0.5592
vn 0.9052 0.0387 0.4233
vn -0.9803 0.0617 -0.1875
vn -0.5104 -0.0304 0.8594
vn -0.4123 0.4939 0.7656
vn -0.6663 0.7106 0.2260
vn 0.8348 0.3892 0.3894
vn 0.7480 0.3888 0.5379
vn 0.3860 0.8246 -0.4137
vn 0.1932 0.7193 0.6672
vn -0.8707 0.1257 -0.4754
vn -0.8876 -0.0735 0.4546
vn -0.6116 0.5658 0.5531
vn -0.6933 0.5536 -0.4613
vn 0.9384 -0.3322 0.0954
vn 0.9108 0.0250 -0.4122
vn 0.7449 -0.1321 0.6539
vn -0.6850 -0.3939 0.6129
vn -0.4719 -0.8467 0.2457
vn -0.3370 -0.5388 0.7721
vn 0.6245 0.6163 0.4797
vn 0.5991 0.6234 -0.5023
vn -0.0628 0.8920 -0.4476
vn 0.2590 0.7649 0.5897
vn -0.9479 -0.2321 -0.2182
vn -0.9127 -0.1268 -0.3885
vn -0.7407 0.3179 0.5919
vn -0.6684 0.5038 -0.5472
vn 0.8247 0.5585 0.0890
vn 0.5147 0.7310 -0.4480
vn 0.1803 0.9836 -0.0022
vn -0.9374 0.2982 -0.1796
vn -0.8605 0.2654 0.4348
vn -0.5942 0.8043 -0.0066
vn 0.9393 -0.2928 0.1787
vn 0.8951 0.3150 0.3156
vn 0.7102 -0.0279 0.7034
vn -0.8175 -0.5702 -0.0812
vn -0.5149 -0.7317 0.4466
vn -0.3973 -0.2871 0.8716
vn 0.8679 0.2481 -0.4303
vn 0.6206 0.7624 -0.1835
vn 0.4822 0.7605 0.4349
vn -0.8313 0.5362 -0.1463
vn -0.8987 0.2004 0.3901
vn -0.6175 0.6647 0.4206
vn 0.5922 0.4235 -0.6855
vn -0.8582 0.2951 -0.4200
vn -0.3535 -0.7813 0.5144
vn -0.4125 -0.9110 -0.0003
vn -0.4124 -0.9110 -0.0003
vn -0.0169 -0.9392 0.3431
vn 0.9354 -0.3537 -0.0003
vn 0.9461 0.0764 -0.3148
vn 0.8068 -0.3050 0.5061
vn 0.9353 -0.3539 -0.0010
vn -0.8605 0.4676 -0.2021
vn -0.9186 0.0482 -0.3922
vn -0.7412 0.6041 0.2926
vn -0.8604 0.4675 -0.2028
vn 0.7105 0.6549 0.2574
vn 0.8191 0.5252 -0.2309
vn 0.8190 0.5252 -0.2310
vn 0.5750 0.8164 0.0544
vn -0.6247 0.4793 0.6164
vn -0.9509 0.1681 0.2598
vn -0.6128 -0.5090 0.6045
vn -0.3850 0.3397 0.8581
vn 0.7941 -0.5099 0.3308
vn 0.9146 -0.3953 0.0850
vn 0.8098 0.4799 0.3376
vn 0.6634 -0.3820 0.6434
vn -0.7116 -0.2641 0.6510
vn -0.8172 -0.5289 0.2290
vn -0.8170 -0.5291 0.2291
vn -0.6283 -0.4145 0.6584
vn 0.8618 -0.4648 0.2032
vn 0.7919 -0.5454 -0.2746
vn 0.7538 -0.2110 0.6224
vn 0.8616 -0.4653 0.2028
vn -0.8169 0.0002 -0.5768
vn -0.5134 -0.6991 -0.4976
vn -0.9842 -0.0552 0.1685
vn -0.8167 -0.0004 -0.5771
vn 0.1886 0.2201 -0.9571
vn 0.8166 -0.0004 -0.5772
vn 0.8165 -0.0003 -0.5773
vn 0.3354 -0.5708 -0.7495
vn 0.3104 0.9266 -0.2121
vn -0.4320 0.7661 -0.4759
vn -0.3682 0.7967 0.4793
vn 0.0771 0.8090 0.5828
vn 0.8195 0.3115 0.4810
vn 0.5838 0.4662 0.6647
vn 0.9059 -0.4071 0.1166
vn 0.7659 0.4565 0.4527
vn 0.2086 0.9780 0.0018
vn -0.4823 0.8489 0.2162
vn 0.3643 0.7621 0.5352
vn -0.4610 -0.8588 0.2234
vn 0.3574 -0.9340 -0.0040
vn 0.4250 -0.7905 0.4409
vn 0.2855 0.8049 -0.5202
vn 0.4751 0.8747 -0.0956
vn -0.5989 0.7951 0.0956
vn 0.5365 0.7801 0.3218
vn -0.5162 -0.8422 0.1559
vn 0.1837 -0.7767 -0.6025
vn 0.4514 -0.8432 0.2919
vn -0.3121 -0.6858 0.6575
vn -0.6090 0.6838 0.4018
vn -0.5161 0.8380 -0.1774
vn -0.8789 0.4747 0.0460
vn -0.7536 -0.6042 -0.2587
vn -0.3307 -0.7189 -0.6114
vn -0.8026 -0.4948 0.3332
vn -0.4227 0.7095 0.5639
vn -0.5140 0.8578 0.0005
vn -0.5689 0.6306 0.5279
vn -0.4063 -0.9137 0.0037
vn -0.2909 -0.7904 -0.5391
vn -0.3298 -0.7498 0.5737
vn -0.0014 0.8007 -0.5990
vn 0.0075 -0.8674 -0.4975
vn 0.7524 0.6055 0.2592
vn 0.7643 0.5618 -0.3165
vn 0.4384 0.5006 0.7464
vn 0.2439 -0.6911 0.6804
vn 0.5180 -0.8370 0.1767
vn 0.3872 -0.6122 0.6894
vn -0.4595 0.7474 -0.4799
vn -0.7678 0.6025 0.2180
vn -0.1011 0.9485 0.3003
vn -0.4051 0.7758 -0.4837
vn 0.9479 -0.2840 0.1446
vn 0.9458 0.2315 0.2279
vn 0.8663 0.1315 -0.4819
vn 0.8333 0.4391 0.3360
vn -0.7208 0.5396 0.4351
vn -0.7085 -0.3104 0.6338
vn -0.1963 -0.2628 0.9447
vn -0.0662 0.5805 0.8116
vn 0.9841 -0.0847 -0.1560
vn 0.9649 -0.2069 -0.1616
vn 0.8563 0.1573 0.4920
vn 0.4598 -0.8296 0.3167
vn -0.9711 0.0855 -0.2230
vn -0.8496 -0.3869 0.3585
vn -0.8284 -0.4282 -0.3611
vn -0.7081 -0.4103 0.5747
vn 0.5775 -0.7324 -0.3607
vn 0.5726 -0.5799 0.5795
vn 0.2170 -0.8898 0.4015
vn 0.5275 -0.7687 -0.3616
vn -0.9406 0.3331 0.0652
vn -0.9349 0.0465 0.3520
vn -0.9273 -0.2826 -0.2455
vn -0.7606 -0.1289 0.6363
vn 0.3943 -0.8898 -0.2299
vn 0.8616 -0.5051 0.0499
vn 0.4133 -0.6466 0.6412
vn 0.1478 -0.9889 -0.0159
vn -0.8162 -0.0304 -0.5769
vn -0.7510 -0.2362 -0.6166
vn -0.9307 0.3534 -0.0941
vn -0.5772 0.0460 -0.8153
vn 0.2530 0.0529 -0.9660
vn 0.8545 -0.0902 -0.5115
vn 0.4392 -0.6085 -0.6609
vn 0.1632 -0.5686 -0.8063
vn 0.3583 0.9228 -0.1416
vn -0.6732 0.7390 0.0273
vn -0.1198 0.8380 0.5324
vn 0.1361 0.8698 0.4743
vn 0.8657 -0.4988 0.0421
vn 0.8353 0.2161 0.5055
vn 0.8588 -0.5038 0.0929
vn 0.8436 0.0770 0.5314
vn -0.4777 -0.7887 0.3870
vn -0.1758 -0.9844 0.0003
vn 0.1642 -0.9217 0.3514
vn 0.9996 -0.0292 -0.0008
vn 0.8813 0.4721 0.0216
vn 0.8684 -0.1574 0.4702
vn -0.9861 0.1205 -0.1146
vn -0.8762 0.1366 0.4621
vn -0.7575 0.6450 0.1006
vn 0.6415 0.5833 -0.4983
vn 0.2750 0.9467 -0.1675
vn 0.1569 0.9011 0.4041
vn -0.5201 -0.6702 0.5295
vn -0.7399 -0.4133 0.5307
vn -0.0583 -0.5359 0.8423
vn -0.5707 0.3710 0.7326
vn 0.9968 0.0770 0.0223
vn 0.4831 0.8363 0.2594
vn 0.3601 0.5661 0.7416
vn 0.7999 -0.0863 0.5939
vn -0.3562 -0.8350 -0.4194
vn -0.2711 -0.9479 0.1670
vn -0.2686 -0.6690 0.6931
vn 0.9863 -0.1187 0.1149
vn 0.7756 0.1233 0.6190
vn 0.7466 -0.0579 0.6628
vn -0.7376 -0.3323 -0.5878
vn -0.8309 -0.4911 -0.2615
vn -0.8355 0.0125 -0.5493
vn 0.4732 0.6098 -0.6358
vn 0.6646 0.3041 -0.6825
vn 0.3645 0.4962 -0.7880
vn -0.8581 0.3789 -0.3465
vn -0.7942 0.2249 0.5645
vn -0.7216 0.4025 0.5633
vn -0.7604 0.5731 -0.3054
vn 0.6138 0.5786 -0.5371
vn 0.8006 0.5807 0.1478
vn 0.5224 0.7768 -0.3518
vn 0.4543 0.6802 0.5753
vn 0.5196 0.7928 0.3186
vn 0.5582 0.7432 -0.3688
vn 0.7501 0.3716 0.5471
vn 0.7425 0.3384 -0.5781
vn 0.3569 -0.7570 0.5473
vn -0.0154 -0.9085 -0.4175
vn 0.4843 -0.6769 -0.5543
vn 0.7729 -0.5524 0.3123
vn 0.5443 0.6251 0.5594
vn -0.4798 0.8273 0.2922
vn -0.4461 0.3743 0.8129
vn 0.2033 0.2696 0.9413
vn 0.1820 -0.9833 -0.0070
vn -0.4029 -0.9027 0.1513
vn 0.5554 -0.6919 0.4613
vn -0.5686 -0.6351 0.5228
vn 0.0034 0.9861 -0.1660
vn 0.0526 0.8950 -0.4431
vn -0.3262 0.5865 -0.7413
vn -0.7338 0.5885 0.3393
vn -0.2109 -0.9437 0.2547
vn -0.3350 -0.8694 0.3632
vn -0.8395 -0.5218 0.1514
vn -0.1988 -0.6498 -0.7336
vn 0.7781 0.3555 0.5178
vn 0.3371 0.2875 0.8965
vn 0.7958 0.1826 0.5774
vn 0.2504 -0.9669 0.0498
vn -0.3183 -0.9403 0.1201
vn 0.7020 -0.6879 -0.1841
vn -0.7625 0.5724 0.3015
vn -0.4270 0.9041 -0.0144
vn -0.8081 0.4848 -0.3345
vn 0.1220 -0.8844 -0.4506
vn -0.4916 -0.7791 -0.3890
vn -0.5470 -0.3348 -0.7673
vn -0.1318 0.9386 0.3188
vn -0.5265 0.8465 -0.0792
vn 0.5540 0.7990 -0.2337
vn -0.5352 0.7326 -0.4205
vn 0.5520 -0.4321 -0.7131
vn -0.4520 -0.7332 -0.5080
vn -0.5029 -0.1906 -0.8431
vn 0.5304 -0.2916 -0.7960
vn -0.2495 0.9670 -0.0519
vn -0.3485 0.8041 0.4816
vn 0.2943 0.9174 -0.2678
vn 0.2201 -0.1232 -0.9677
vn -0.3388 -0.2907 -0.8948
vn 0.0574 0.1009 -0.9932
vn 0.7128 0.6409 -0.2849
vn 0.5074 0.8537 0.1174
vn 0.7345 0.1680 0.6575
vn 0.8686 0.3691 -0.3307
vn 0.4168 -0.9029 0.1053
vn 0.0702 -0.9957 -0.0598
vn 0.4072 -0.3963 -0.8229
vn 0.7688 -0.6389 0.0278
vn 0.5219 0.1056 0.8465
vn 0.0009 0.1231 0.9924
vn 0.2304 -0.3331 0.9143
vn 0.0014 -0.9980 0.0637
vn -0.3424 -0.8845 -0.3169
vn 0.5147 -0.8558 0.0529
vn -0.5659 0.7601 -0.3194
vn -0.6434 0.5919 -0.4855
vn -0.8720 0.0459 -0.4873
vn -0.7629 0.2924 0.5766
vn 0.2170 -0.9753 0.0408
vn 0.0620 -0.9071 0.4163
vn -0.4468 -0.6992 0.5581
vn -0.4305 -0.7131 -0.5533
vn -0.0907 0.9934 -0.0700
vn 0.4729 0.8449 -0.2500
vn 0.4515 0.4144 -0.7902
vn -0.5436 0.5408 -0.6419
vn -0.1800 -0.9830 0.0357
vn -0.4832 -0.8578 -0.1755
vn -0.4967 -0.5540 -0.6681
vn 0.5719 -0.6490 -0.5017
vn -0.0033 0.9861 0.1660
vn -0.0527 0.8950 0.4430
vn 0.3262 0.5865 0.7414
vn 0.7338 0.5886 -0.3393
vn 0.2109 -0.9437 -0.2547
vn 0.3350 -0.8694 -0.3632
vn 0.8395 -0.5218 -0.1513
vn 0.1988 -0.6498 0.7337
vn 0.1294 0.9234 -0.3613
vn -0.4570 0.8774 -0.1458
vn -0.5546 0.7723 0.3098
vn 0.5430 0.7487 0.3802
vn 0.3462 -0.8303 0.4368
vn 0.4505 -0.7510 0.4828
vn 0.5073 -0.2190 0.8335
vn -0.5681 -0.4239 0.7054
vn 0.1725 0.6033 -0.7786
vn -0.2925 -0.2248 -0.9295
vn -0.7625 0.0353 -0.6460
vn -0.7881 0.3235 -0.5237
vn -0.6963 -0.7144 -0.0693
vn -0.4583 -0.7386 0.4944
vn -0.7299 -0.6737 0.1160
vn -0.1221 -0.8508 0.5110
vn 0.7948 0.5526 0.2508
vn 0.4148 0.9098 0.0092
vn 0.8022 0.4976 0.3301
vn 0.3301 0.8832 -0.3331
vn -0.1118 -0.8860 0.4500
vn 0.8412 -0.5366 0.0674
vn 0.7251 -0.3174 0.6112
vn 0.5556 -0.3315 0.7625
vn -0.1357 -0.4653 -0.8747
vn 0.2244 -0.4335 -0.8728
vn -0.3254 -0.3693 -0.8705
vn 0.4486 -0.2281 -0.8641
vn -0.3675 -0.8399 -0.3993
vn 0.4892 -0.8465 -0.2102
vn 0.0897 -0.8744 0.4769
vn -0.1981 -0.8726 0.4464
vn 0.0083 0.8743 0.4853
vn -0.3655 0.9300 -0.0381
vn -0.0293 0.8497 0.5264
vn -0.1680 0.9184 -0.3583
vn 0.3859 -0.7680 0.5110
vn 0.6289 0.1306 0.7664
vn 0.1207 0.1982 0.9727
vn -0.1990 -0.0809 0.9766
vn -0.3335 0.6767 -0.6564
vn -0.7276 0.6344 0.2610
vn -0.3490 0.8556 -0.3823
vn -0.6578 0.6904 0.3010
vn -0.8406 -0.5327 0.0979
vn -0.1468 -0.5322 0.8338
vn -0.6880 -0.3071 0.6575
vn -0.6747 -0.3280 0.6612
vn -0.0000 0.7494 -0.6621
vn -0.0000 -0.6622 -0.7494
vn 0.2988 0.5809 0.7572
vn 0.5889 0.7147 0.3774
vn -0.2029 0.4771 0.8551
vn -0.2515 -0.7621 0.5967
vn 0.2476 -0.8547 0.4563
vn 0.0798 -0.5686 0.8187
vn -0.5133 0.6241 0.5891
vn -0.5970 0.7959 0.1006
vn -0.8335 0.4354 0.3401
vn -0.7629 -0.6420 -0.0764
vn -0.5205 -0.6836 -0.5116
vn -0.6569 -0.6192 0.4302
vn -0.1559 0.8537 0.4968
vn 0.4820 0.5498 0.6822
vn -0.4921 0.4655 0.7356
vn 0.4766 0.4077 0.7789
vn -0.4914 -0.7965 0.3524
vn 0.4297 -0.8906 0.1485
vn 0.2799 -0.6463 0.7099
vn -0.4647 -0.7276 0.5047
vn -0.6703 0.7152 -0.1980
vn -0.2466 0.8537 -0.4586
vn -0.6861 0.6442 -0.3379
vn -0.2995 -0.5821 -0.7560
vn 0.2021 -0.5694 -0.7968
vn -0.7144 -0.5306 -0.4562
vn 0.5749 0.8117 0.1029
vn 0.3013 0.7844 0.5422
vn 0.8060 0.4768 0.3509
vn 0.3894 -0.8835 -0.2605
vn 0.7660 -0.6384 -0.0758
vn 0.7107 -0.5610 0.4244
vn -0.0000 0.7494 0.6621
vn -0.0000 -0.6622 0.7494
vn -0.3029 0.5684 -0.7650
vn -0.2401 -0.8669 -0.4369
vn 0.6680 0.7384 -0.0923
vn 0.6685 -0.7378 0.0934
vn -0.0007 0.5116 -0.8592
vn -0.0030 -0.8837 -0.4680
vn 0.2390 0.8660 0.4393
vn 0.3036 -0.5701 0.7634
vn -0.7058 0.7030 -0.0872
vn -0.7058 -0.7030 0.0872
vn -0.3309 0.8025 0.4965
vn -0.0939 0.9102 0.4034
vn -0.5615 0.2302 0.7948
vn 0.5585 0.4075 0.7225
vn -0.4593 -0.8358 -0.3009
vn 0.3493 -0.8684 -0.3521
vn 0.5581 -0.8228 0.1072
vn -0.5101 -0.7706 0.3822
vn -0.5534 0.5477 0.6275
vn -0.4875 0.8712 0.0586
vn -0.7951 0.3207 -0.5148
vn -0.8809 -0.0662 0.4686
vn 0.2189 -0.8294 -0.5140
vn 0.3143 -0.9159 -0.2498
vn -0.3935 -0.8327 0.3897
vn -0.5396 -0.5273 -0.6563
vn -0.3631 0.9045 0.2238
vn 0.3464 0.8973 0.2737
vn 0.5876 0.7932 -0.1600
vn -0.4182 0.6977 -0.5816
vn -0.3173 -0.8690 -0.3798
vn -0.1397 -0.9558 -0.2588
vn -0.5090 -0.3831 -0.7708
vn 0.5997 -0.5360 -0.5941
vn 0.0669 0.9468 0.3149
vn 0.0168 0.9687 0.2478
vn -0.6310 0.5125 0.5823
vn 0.4891 0.3670 0.7913
vn -0.0327 -0.9136 -0.4053
vn 0.4268 -0.8920 -0.1488
vn 0.4292 -0.7687 0.4742
vn -0.6215 -0.7713 0.1372
vn -0.0481 0.9807 0.1895
vn 0.0445 0.9837 0.1744
vn 0.5832 0.6548 -0.4807
vn -0.5912 0.7226 -0.3583
vn 0.5215 -0.7842 -0.3363
vn 0.0184 -0.9935 -0.1128
vn -0.5921 -0.5821 -0.5573
vn 0.4979 -0.3805 -0.7793
vn 0.5901 0.7217 -0.3618
vn 0.5653 0.5758 0.5907
vn 0.8790 0.0106 0.4767
vn 0.8750 0.1696 -0.4535
vn -0.2460 -0.9335 -0.2609
vn -0.2690 -0.9543 -0.1302
vn 0.3834 -0.5587 -0.7355
vn 0.4090 -0.8423 0.3511
vn 0.4789 0.8628 0.1622
vn -0.3540 0.9331 0.0629
vn -0.4727 0.4635 0.7495
vn 0.5900 0.6455 0.4850
vn -0.2090 -0.9779 -0.0048
vn -0.4513 -0.8804 0.1455
vn 0.5928 -0.6577 0.4648
vn -0.5551 -0.5612 0.6140
vn -0.4970 0.8420 0.2099
vn -0.7096 0.3838 -0.5910
vn -0.9173 -0.0176 -0.3977
vn -0.8064 0.1687 0.5667
vn 0.1200 -0.9283 0.3520
vn 0.1886 -0.9424 0.2764
vn -0.5666 -0.6450 0.5128
vn -0.3134 -0.7460 -0.5876
vn 0.2525 0.9557 -0.1512
vn -0.4130 0.8469 -0.3350
vn 0.6575 0.5769 -0.4846
vn -0.5104 0.5727 -0.6415
vn 0.4863 -0.8732 -0.0327
vn -0.5329 -0.7256 -0.4353
vn -0.3571 -0.5302 -0.7690
vn 0.6404 -0.6821 -0.3530
vn 0.5134 0.8143 0.2708
vn -0.6212 0.7313 0.2815
vn -0.6313 0.6806 0.3719
vn 0.2201 0.4539 0.8634
vn 0.5083 -0.6460 0.5695
vn -0.3029 -0.9426 0.1403
vn 0.5046 -0.5393 0.6742
vn -0.6489 -0.5872 0.4839
vn 0.5747 0.6866 -0.4453
vn 0.5464 0.7916 -0.2737
vn 0.3237 0.3370 -0.8841
vn -0.5840 0.6317 -0.5098
vn -0.1806 -0.9834 0.0143
vn -0.5814 -0.7048 -0.4064
vn -0.5777 -0.6509 -0.4925
vn 0.6035 -0.6106 -0.5129
vn 0.4915 0.8527 0.1771
vn 0.5156 0.8127 -0.2714
vn 0.7606 0.2729 0.5890
vn 0.7700 0.2495 -0.5873
vn 0.0979 -0.8366 0.5391
vn 0.0498 -0.8554 -0.5155
vn 0.7313 -0.5551 -0.3963
vn 0.7279 -0.5625 0.3921
vn -0.4450 0.5907 -0.6731
vn 0.4182 0.8709 -0.2581
vn 0.6318 0.5396 -0.5565
vn -0.1319 0.2264 -0.9651
vn -0.3751 -0.9269 0.0096
vn 0.4148 -0.9078 -0.0612
vn -0.4522 -0.7815 -0.4299
vn 0.6383 -0.7026 -0.3146
vn -0.3907 0.9175 -0.0741
vn -0.5967 0.7420 0.3055
vn -0.1735 0.5242 0.8337
vn 0.5969 0.7270 0.3394
vn 0.4447 -0.8118 0.3786
vn 0.4118 -0.8580 0.3070
vn 0.5934 -0.5183 0.6158
vn -0.5990 -0.5292 0.6010
vn -0.5453 0.5855 -0.5999
vn -0.5968 0.7807 0.1856
vn -0.7641 0.2746 -0.5838
vn -0.7229 0.4957 0.4814
vn -0.3821 -0.8696 -0.3126
vn -0.3370 -0.5855 0.7373
vn -0.8341 -0.4216 0.3558
vn -0.7601 -0.6328 -0.1477
vn 0.0617 0.9868 -0.1496
vn 0.4580 0.7974 0.3930
vn -0.5498 0.7604 0.3457
vn 0.5204 0.6385 0.5669
vn -0.5423 -0.6086 0.5792
vn 0.4717 -0.8007 0.3694
vn 0.4511 -0.3385 0.8258
vn -0.5461 -0.5820 0.6026
vn -0.5058 0.4353 -0.7448
vn -0.1080 0.7355 -0.6688
vn 0.3339 0.4211 -0.8433
vn -0.5040 0.4043 -0.7632
vn 0.3056 -0.9188 -0.2497
vn 0.5037 -0.8092 -0.3026
vn -0.5051 -0.7941 -0.3381
vn 0.2063 -0.7655 -0.6095
vn 0.5636 0.6668 -0.4876
vn 0.3617 0.8967 0.2550
vn 0.7925 0.4196 0.4425
vn 0.8460 0.4337 -0.3101
vn -0.0754 -0.9847 0.1571
vn 0.2891 -0.9063 0.3084
vn 0.5564 -0.8098 -0.1859
vn 0.5796 -0.4716 0.6645
vn -0.0007 0.9721 -0.2345
vn -0.5333 0.7526 -0.3863
vn -0.3355 0.9126 0.2339
vn 0.2026 -0.4171 0.8860
vn 0.0045 0.1341 0.9910
vn -0.5455 0.1886 0.8166
vn -0.4722 0.2214 -0.8532
vn -0.6855 0.6671 -0.2915
vn -0.7509 -0.3443 -0.5635
vn -0.7840 0.6170 -0.0685
vn -0.3227 -0.7903 0.5208
vn -0.1117 0.1495 0.9824
vn -0.6579 0.1581 0.7363
vn -0.5976 -0.6584 0.4575
vn -0.0643 -0.3571 -0.9319
vn 0.3664 0.0061 -0.9304
vn 0.2438 -0.5093 -0.8253
vn 0.5497 -0.7309 0.4045
vn 0.7508 -0.2568 0.6086
vn 0.1017 -0.9745 0.1999
vn -0.5490 0.7315 -0.4045
vn -0.0205 0.9031 -0.4290
vn -0.8292 0.2692 -0.4898
vn -0.6781 -0.3629 0.6392
vn -0.3644 -0.0038 0.9312
vn -0.7810 -0.1402 0.6087
vn -0.5455 -0.3616 -0.7561
vn 0.0880 -0.7233 -0.6849
vn -0.3500 -0.5634 -0.7484
vn -0.4398 -0.6163 -0.6533
vn -0.3499 -0.8256 0.4428
vn 0.4905 -0.5507 0.6753
vn -0.5238 -0.6833 0.5086
vn -0.0640 -0.5174 0.8533
vn 0.7058 0.5706 -0.4197
vn 0.6787 0.2811 -0.6785
vn 0.3496 0.4079 -0.8435
vn 0.6787 -0.2811 0.6785
vn 0.8979 -0.2562 0.3578
vn 0.7687 0.0949 0.6326
vn -0.5519 0.7999 0.2358
vn -0.6852 0.6538 -0.3209
vn -0.9182 0.3951 0.0289
vn 0.1627 -0.7564 0.6336
vn -0.4081 -0.6134 0.6761
vn -0.7508 -0.6287 0.2027
vn 0.2944 0.7038 -0.6465
vn -0.0016 0.2889 -0.9574
vn -0.5515 0.1871 -0.8129
vn -0.0000 -0.9809 -0.1947
vn -0.4980 -0.8622 0.0931
vn -0.5211 -0.7711 -0.3658
vn 0.6786 0.6786 -0.2811
vn 0.6786 -0.6786 0.2811
vn -0.0018 0.8847 0.4661
vn -0.3237 0.9461 -0.0070
vn -0.4212 0.6159 0.6658
vn -0.1853 -0.9026 0.3886
vn 0.0027 -0.5854 0.8108
vn -0.4951 -0.3478 0.7962
vn -0.5278 0.8407 -0.1207
vn -0.6107 0.3806 -0.6944
vn -0.8144 0.0075 -0.5802
vn -0.8466 0.3733 0.3794
vn 0.0818 -0.7737 0.6283
vn 0.0746 -0.7982 0.5978
vn -0.5824 -0.4356 0.6863
vn -0.4011 -0.8828 -0.2446
vn 0.2157 0.9493 -0.2288
vn 0.4088 0.6137 -0.6755
vn -0.0043 0.3076 -0.9515
vn 0.5526 -0.7996 -0.2354
vn -0.0105 -0.9419 -0.3358
vn 0.1615 -0.7292 -0.6650
vn 0.2200 0.5905 0.7764
vn -0.1116 0.9471 0.3011
vn -0.7721 0.5851 0.2480
vn -0.1618 0.2055 0.9652
vn -0.0905 -0.8887 -0.4495
vn -0.3106 -0.7798 -0.5435
vn 0.0593 -0.9038 0.4238
vn -0.7592 -0.6062 -0.2367
vn -0.1416 0.9881 0.0599
vn -0.0015 0.8788 -0.4771
vn -0.5094 0.6822 -0.5245
vn 0.0039 -0.5965 -0.8026
vn -0.1187 -0.9236 -0.3644
vn -0.5135 -0.4108 -0.7534
vn 0.7675 0.5932 0.2430
vn 0.3636 0.9315 -0.0015
vn 0.6468 0.2376 0.7247
vn 0.1378 -0.9826 0.1242
vn 0.4853 -0.8023 -0.3476
vn 0.6175 -0.7569 0.2138
vn 0.4884 0.5969 0.6365
vn -0.5329 0.5025 0.6809
vn -0.3462 -0.1239 0.9299
vn 0.5206 0.1206 0.8452
vn 0.2160 -0.8092 -0.5464
vn -0.3018 -0.8198 -0.4866
vn 0.5688 -0.8213 0.0444
vn -0.5706 -0.8179 0.0740
vn -0.4405 0.8742 0.2043
vn -0.4912 0.8344 0.2501
vn -0.7839 0.5037 -0.3631
vn -0.7636 0.0700 0.6419
vn 0.1783 -0.8408 -0.5112
vn -0.0727 -0.9827 0.1701
vn -0.6408 -0.7509 0.1597
vn -0.4386 -0.4816 -0.7588
vn -0.1043 0.9643 0.2435
vn -0.1597 0.9733 0.1648
vn 0.7538 0.5742 0.3196
vn 0.0941 0.8718 -0.4808
vn 0.4530 -0.8845 -0.1115
vn -0.0556 -0.8973 -0.4380
vn -0.0065 -0.3371 -0.9415
vn 0.7916 -0.5522 -0.2616
vn 0.7252 -0.4293 0.5383
vn 0.5025 -0.8619 0.0687
vn 0.8000 -0.2516 -0.5447
vn 0.7658 -0.3424 0.5443
vn -0.1022 0.8918 -0.4408
vn -0.3454 0.9209 -0.1805
vn 0.2188 0.8311 0.5113
vn 0.5557 0.7001 -0.4483
vn 0.4799 -0.8111 -0.3342
vn 0.0485 -0.9930 -0.1072
vn -0.5617 -0.5742 -0.5956
vn 0.3497 -0.3340 -0.8753
vn -0.5557 0.7693 -0.3153
vn -0.1000 0.9946 0.0267
vn 0.5534 0.6435 -0.5288
vn -0.4638 0.5315 -0.7088
vn -0.6984 -0.4552 -0.5523
vn -0.5586 -0.8031 0.2076
vn -0.8503 -0.1526 0.5037
vn -0.8925 -0.0123 -0.4509
vn 0.1213 0.9584 0.2585
vn 0.1807 0.9622 0.2038
vn -0.3659 0.7400 -0.5644
vn -0.5603 0.6731 0.4826
vn -0.2856 -0.9569 -0.0530
vn 0.0340 -0.9655 -0.2581
vn 0.4943 -0.7968 0.3474
vn -0.4812 -0.6203 0.6195
vn 0.5509 0.7999 0.2381
vn -0.1858 0.9702 -0.1553
vn -0.5341 0.6968 0.4787
vn 0.4875 0.7275 0.4828
vn 0.1911 -0.6785 0.7093
vn -0.3842 -0.2024 0.9008
vn -0.8072 -0.2898 0.5143
vn -0.1426 -0.9633 0.2274
vn 0.0737 0.2076 -0.9754
vn -0.1758 0.4579 -0.8714
vn 0.0068 -0.4522 -0.8919
vn -0.7580 0.2499 -0.6025
vn 0.1503 -0.1187 0.9815
vn 0.5108 0.1433 0.8477
vn 0.3205 0.7541 0.5733
vn -0.5284 0.4220 0.7367
vn -0.1800 0.2892 -0.9402
vn -0.3819 0.4032 -0.8316
vn -0.5084 0.7569 -0.4108
vn 0.5422 0.6922 -0.4763
vn 0.5047 -0.4416 0.7418
vn 0.5215 -0.1515 0.8397
vn 0.7726 -0.6291 0.0851
vn 0.7928 0.3942 0.4649
vn -0.0920 0.0164 -0.9956
vn 0.0593 0.7886 -0.6121
vn 0.6350 0.6355 -0.4391
vn 0.4874 -0.1973 -0.8506
vn 0.3563 -0.5522 0.7537
vn -0.0774 -0.4730 0.8776
vn -0.5353 -0.8077 0.2470
vn 0.5196 -0.8266 0.2164
vn -0.4857 0.2113 -0.8482
vn -0.1326 0.4686 -0.8734
vn 0.5402 -0.1475 -0.8285
vn -0.4923 -0.3444 -0.7994
vn -0.6341 -0.6777 0.3723
vn -0.5927 0.0700 0.8024
vn -0.8228 0.3818 0.4209
vn -0.8718 -0.4783 -0.1056
vn 0.1491 0.2496 -0.9568
vn 0.2033 0.4364 -0.8765
vn -0.4277 -0.2239 -0.8758
vn -0.4017 0.7771 -0.4844
vn 0.1108 -0.4171 0.9021
vn -0.0323 -0.2806 0.9593
vn 0.7827 -0.2514 0.5693
vn 0.0566 0.4677 0.8821
vn 0.3052 0.1811 -0.9349
vn -0.1497 0.6842 -0.7138
vn 0.0377 0.9557 -0.2918
vn 0.7826 0.2704 -0.5607
vn 0.6111 -0.4901 0.6216
vn 0.5728 -0.6370 0.5159
vn 0.7886 -0.4756 -0.3897
vn 0.8699 0.1005 0.4828
vn -0.0485 0.6921 -0.7202
vn -0.2141 0.9267 -0.3089
vn 0.4599 0.8633 0.2079
vn 0.5008 0.4634 -0.7310
vn 0.2033 -0.9791 -0.0093
vn 0.1691 -0.9691 0.1794
vn -0.7373 -0.5869 0.3345
vn -0.1429 -0.8523 -0.5031
vn -0.4541 0.8827 -0.1210
vn -0.1868 0.9535 -0.2367
vn 0.0422 0.3555 -0.9337
vn -0.7880 0.5539 -0.2687
vn -0.4775 -0.6354 0.6068
vn 0.1824 -0.8414 0.5088
vn 0.4990 -0.1742 0.8489
vn -0.5181 -0.1783 0.8366
vn 0.3785 0.8599 -0.3426
vn 0.3029 0.8530 -0.4250
vn -0.5537 0.8261 0.1047
vn 0.5008 0.8141 0.2941
vn -0.2103 -0.5934 0.7770
vn -0.0963 -0.8656 0.4913
vn 0.7470 -0.6324 0.2052
vn 0.1656 -0.2120 0.9631
vn 0.3404 0.7650 -0.5467
vn 0.2925 0.7805 -0.5525
vn -0.0691 0.9130 0.4022
vn 0.7712 0.6000 -0.2128
vn 0.3991 -0.9160 0.0402
vn -0.4451 -0.8940 -0.0513
vn -0.3568 -0.6319 -0.6880
vn 0.5028 -0.7069 -0.4975
vn 0.0639 0.9446 -0.3218
vn -0.1870 0.9280 -0.3224
vn 0.5366 0.4797 -0.6943
vn -0.5258 0.4429 -0.7262
vn -0.5134 -0.7854 0.3458
vn -0.5476 -0.8359 -0.0376
vn -0.7543 -0.0986 0.6491
vn -0.8179 -0.4362 -0.3752
vn -0.0380 0.9931 0.1110
vn -0.0214 0.6725 -0.7398
vn -0.6207 0.4413 -0.6481
vn -0.5352 0.8211 0.1981
vn 0.4569 -0.8876 0.0588
vn 0.7741 -0.5838 -0.2448
vn 0.8168 -0.4637 0.3432
vn 0.4959 0.8070 0.3207
vn -0.0796 0.9185 0.3874
vn 0.5557 0.4305 0.7112
vn -0.5352 -0.4297 -0.7273
vn -0.5432 -0.7872 -0.2920
vn -0.8900 -0.3222 -0.3225
vn 0.0895 0.9707 0.2228
vn -0.4022 0.9148 -0.0378
vn -0.7450 0.6097 0.2708
vn 0.1498 -0.9756 -0.1608
vn 0.1425 -0.9714 -0.1901
vn 0.4994 -0.7121 0.4934
vn -0.5315 -0.7538 0.3864
vn 0.4116 0.8063 0.4249
vn -0.3823 0.8225 0.4211
vn -0.5056 0.3947 0.7672
vn 0.4793 0.3328 0.8121
vn 0.0935 -0.8976 -0.4308
vn 0.4031 -0.9144 0.0368
vn 0.0432 -0.8901 0.4537
vn 0.5365 0.4299 0.7262
vn 0.0076 0.5983 0.8013
vn 0.1596 0.1164 0.9803
vn -0.0026 -0.3433 -0.9392
vn -0.0507 -0.8275 -0.5592
vn -0.5222 -0.1715 -0.8354
vn -0.5075 0.8543 0.1120
vn 0.0028 0.9876 -0.1572
vn -0.4772 0.7768 -0.4110
vn -0.6514 -0.3332 -0.6816
vn -0.5941 -0.8013 0.0705
vn -0.8234 -0.4194 0.3824
vn -0.8750 0.1119 -0.4710
vn 0.1516 0.9564 0.2496
vn 0.2014 0.8599 0.4692
vn -0.4102 0.8842 -0.2235
vn -0.3996 0.4851 0.7778
vn -0.5721 0.5291 -0.6267
vn 0.0184 0.0377 -0.9991
vn -0.8451 -0.1628 -0.5092
vn -0.8150 0.1776 -0.5515
vn -0.4799 0.1093 0.8705
vn -0.6862 0.5008 0.5275
vn -0.1972 0.3862 0.9011
vn -0.7809 0.2670 0.5647
vn -0.5133 -0.6981 -0.4992
vn -0.0020 -0.9508 -0.3098
vn -0.5051 -0.8617 -0.0493
vn 0.0063 -0.1151 0.9933
vn 0.3487 0.3543 0.8677
vn -0.5484 -0.1366 0.8250
vn 0.6722 -0.2832 -0.6840
vn 0.7952 -0.4798 -0.3707
vn 0.3545 -0.4690 -0.8089
vn 0.8935 0.2938 0.3395
vn 0.6888 0.2782 0.6694
vn 0.8269 -0.0692 0.5581
vn 0.1369 0.7241 -0.6759
vn 0.1483 -0.1055 -0.9833
vn -0.5106 0.3813 -0.7706
vn -0.2852 0.6459 -0.7082
vn -0.5336 0.6703 0.5158
vn -0.2988 0.8719 0.3880
vn -0.1134 0.5086 0.8535
vn -0.3992 0.8799 0.2577
vn -0.7774 0.3596 -0.5161
vn -0.5986 0.0976 -0.7951
vn -0.7700 -0.6345 -0.0673
vn -0.9216 0.3559 -0.1548
vn -0.0296 -0.1349 0.9904
vn 0.1385 0.0794 0.9872
vn -0.2712 0.7982 0.5379
vn -0.5067 -0.1920 0.8405
vn -0.2113 -0.7955 -0.5679
vn 0.2640 -0.8864 -0.3803
vn 0.0218 -0.5482 -0.8360
vn 0.1668 -0.9605 -0.2226
vn 0.7619 -0.3437 0.5489
vn 0.5184 0.3883 0.7619
vn 0.0717 -0.5571 0.8274
vn 0.4293 -0.5632 0.7060
vn 0.5199 -0.3303 0.7878
vn -0.1148 -0.3037 0.9458
vn -0.4948 -0.7424 0.4517
vn 0.5743 -0.7463 0.3364
vn -0.4284 0.0399 -0.9027
vn -0.3891 0.2541 -0.8854
vn 0.6325 -0.2457 -0.7346
vn -0.4692 -0.4354 -0.7683
vn -0.6910 -0.6160 0.3782
vn -0.6519 0.3837 0.6541
vn -0.7985 0.5139 0.3135
vn -0.8684 -0.4919 -0.0619
vn 0.2269 0.0560 -0.9723
vn 0.1838 0.3617 -0.9140
vn -0.4294 -0.1638 -0.8881
vn -0.3214 0.8556 -0.4058
vn 0.2349 -0.5298 0.8150
vn -0.2626 -0.0761 0.9619
vn 0.8060 -0.1987 0.5576
vn -0.1997 0.4856 0.8510
vn 0.4587 0.1011 -0.8828
vn -0.3523 0.7823 -0.5136
vn -0.2112 0.9548 -0.2092
vn 0.7997 0.3630 -0.4782
vn 0.4168 -0.6744 0.6094
vn -0.6142 -0.1745 0.7696
vn -0.8167 -0.2928 0.4973
vn -0.0159 -0.9904 0.1376
vn 0.3352 -0.0397 -0.9413
vn -0.3513 0.4745 -0.8071
vn 0.2645 -0.4852 -0.8335
vn -0.7917 0.1697 -0.5869
vn 0.4560 -0.3369 0.8237
vn 0.5758 -0.1996 0.7929
vn 0.3124 0.6108 0.7275
vn -0.6368 0.1169 0.7621
vn -0.2350 0.3787 -0.8952
vn -0.6028 0.5741 -0.5541
vn -0.6080 0.7536 -0.2499
vn 0.6234 0.7096 -0.3282
vn 0.4930 -0.5489 0.6750
vn 0.5124 0.0450 0.8576
vn 0.7310 -0.6823 0.0077
vn 0.7440 0.4861 0.4585
vn -0.0623 -0.1807 -0.9816
vn -0.0542 0.8240 -0.5640
vn 0.7005 0.5939 -0.3957
vn 0.6091 -0.2246 -0.7606
vn 0.5451 -0.8306 -0.1140
vn 0.5728 -0.7993 -0.1817
vn 0.8028 -0.3065 -0.5113
vn 0.7337 0.0004 0.6795
vn -0.3498 0.8326 -0.4294
vn -0.0230 0.9778 0.2082
vn 0.6222 0.7539 0.2111
vn 0.4238 0.3995 -0.8129
vn 0.1817 -0.7896 0.5861
vn -0.6122 -0.7718 0.1720
vn -0.5498 -0.7781 -0.3038
vn 0.5920 -0.7705 -0.2364
vn 0.5485 0.6277 -0.5524
vn 0.4813 0.7184 -0.5022
vn 0.5771 0.1587 -0.8011
vn -0.6354 0.3466 -0.6901
vn 0.3619 -0.5963 0.7166
vn 0.4182 -0.5719 0.7057
vn -0.0356 -0.1322 0.9906
vn -0.7532 -0.6265 0.2003
vn -0.3368 0.7472 -0.5729
vn -0.6221 0.6353 -0.4576
vn -0.7947 0.6043 -0.0571
vn 0.3353 0.8647 0.3739
vn -0.6286 -0.5476 0.5523
vn 0.5480 -0.7675 0.3326
vn 0.5720 -0.3597 0.7372
vn -0.1259 -0.1075 0.9862
vn -0.4425 0.8836 -0.1535
vn 0.5594 0.8288 0.0102
vn -0.6337 0.7253 0.2691
vn 0.6266 0.7206 0.2967
vn -0.3626 -0.9243 0.1193
vn -0.4086 -0.8894 -0.2050
vn 0.0592 -0.7995 -0.5977
vn 0.7468 -0.5877 0.3114
vn 0.5080 0.8470 -0.1567
vn 0.5110 0.8528 -0.1072
vn 0.7999 0.4733 -0.3691
vn -0.3331 0.3377 -0.8803
vn -0.5229 -0.4077 0.7486
vn -0.5552 -0.7793 -0.2906
vn -0.6830 -0.0997 0.7236
vn -0.6909 -0.5684 -0.4467
vn -0.2465 0.9223 0.2975
vn -0.1022 0.4883 -0.8667
vn -0.6728 0.3834 -0.6328
vn -0.8149 0.5791 -0.0240
vn 0.5292 -0.5221 -0.6688
vn 0.5964 -0.3376 -0.7283
vn 0.8151 0.1639 -0.5557
vn 0.7297 -0.4912 0.4756
vn -0.3356 0.8636 0.3763
vn -0.0040 0.5445 0.8388
vn 0.6364 0.3709 0.6763
vn 0.3916 0.8674 -0.3069
vn 0.1056 -0.9648 -0.2409
vn 0.5532 -0.7046 -0.4445
vn -0.6314 -0.4662 -0.6196
vn 0.6015 -0.3331 -0.7261
vn -0.6291 0.7484 -0.2101
vn 0.5483 0.8312 0.0919
vn 0.5691 0.6788 -0.4642
vn -0.6063 0.6997 -0.3779
vn -0.7300 -0.6287 -0.2679
vn 0.4104 -0.9057 0.1060
vn -0.0357 -0.7866 0.6164
vn -0.8223 -0.5541 -0.1300
vn -0.3995 0.8908 0.2166
vn 0.3497 0.5041 0.7897
vn -0.7742 0.5658 0.2837
vn 0.2746 0.2610 0.9255
vn -0.6191 -0.7524 -0.2249
vn 0.5464 -0.7781 -0.3099
vn 0.5724 -0.7757 0.2658
vn -0.2909 -0.7558 0.5867
vn -0.4397 0.7315 0.5212
vn 0.3649 0.8073 0.4637
vn -0.6550 0.2582 0.7102
vn 0.6286 0.2948 0.7197
vn -0.2896 -0.6959 -0.6572
vn 0.3780 -0.9124 -0.1567
vn -0.2313 -0.3139 -0.9208
vn 0.7987 -0.5488 -0.2468
vn -0.2781 0.8881 -0.3660
vn 0.5174 0.6815 0.5175
vn 0.8051 0.5900 0.0614
vn -0.1955 0.8131 -0.5483
vn -0.7048 -0.0655 -0.7064
vn -0.4534 -0.6026 -0.6568
vn -0.7082 -0.4992 0.4992
vn -0.7981 0.1102 -0.5923
vn -0.0355 0.4938 0.8688
vn 0.1452 0.6569 0.7398
vn -0.2705 0.9105 -0.3127
vn -0.7808 0.3492 0.5181
vn -0.4942 -0.1134 -0.8619
vn 0.4130 -0.7107 -0.5694
vn -0.0329 -0.9914 -0.1264
vn -0.8272 -0.2482 -0.5042
vn -0.3961 0.4815 0.7818
vn 0.3279 0.1514 0.9325
vn -0.8073 0.1776 0.5628
vn 0.2775 -0.4655 0.8404
vn 0.5211 0.1011 -0.8475
vn 0.5894 0.2767 -0.7590
vn 0.8197 0.5032 -0.2738
vn 0.7262 -0.6872 -0.0185
vn -0.3217 0.3468 0.8810
vn 0.0055 -0.2087 0.9780
vn 0.6435 -0.2163 0.7343
vn 0.3992 0.8303 0.3889
vn 0.0948 -0.5047 -0.8581
vn 0.3466 -0.4387 -0.8291
vn -0.6546 0.1736 -0.7358
vn 0.6042 0.2813 -0.7455
vn -0.5533 0.4841 0.6779
vn 0.5480 0.5254 0.6508
vn 0.5689 0.8098 0.1434
vn -0.6393 0.7297 0.2423
vn -0.2932 -0.0322 -0.9555
vn 0.0780 -0.5480 -0.8328
vn -0.2044 0.5206 -0.8290
vn 0.7962 -0.2185 -0.5641
vn -0.3936 0.6738 0.6254
vn 0.5132 0.1109 0.8511
vn 0.8028 0.3711 0.4666
vn -0.2563 0.9457 0.1999
vn -0.3977 0.2178 -0.8913
vn -0.7832 -0.2414 -0.5730
vn -0.6935 0.4752 -0.5415
vn -0.5158 0.3134 0.7973
vn 0.1713 0.1660 0.9711
vn -0.4954 0.8037 0.3297
vn 0.0018 -0.7802 -0.6256
vn 0.5570 -0.4026 -0.7264
vn 0.5653 -0.7734 -0.2869
vn -0.4468 0.0370 0.8939
vn -0.0043 -0.4711 0.8821
vn 0.6214 -0.3900 0.6795
vn -0.3063 -0.0924 -0.9475
vn 0.2891 0.2908 -0.9121
vn 0.0776 -0.5741 -0.8151
vn 0.0290 -0.4743 0.8799
vn -0.3763 -0.7944 0.4768
vn 0.2040 -0.9661 0.1582
vn 0.4942 0.2506 -0.8325
vn 0.6078 0.7269 -0.3195
vn 0.8232 0.5358 0.1876
vn 0.7533 -0.5004 -0.4269
vn -0.3288 -0.3763 0.8662
vn -0.2880 -0.5904 0.7540
vn 0.5021 -0.7755 0.3827
vn 0.3917 0.3133 0.8651
vn 0.0961 0.2651 -0.9594
vn 0.0006 0.8154 -0.5790
vn 0.6012 0.7341 -0.3157
vn -0.0062 0.4194 0.9078
vn 0.5545 0.0352 0.8314
vn 0.5526 0.5710 0.6071
vn 0.0990 0.3918 -0.9147
vn 0.3791 0.7921 -0.4785
vn 0.8473 0.2945 -0.4419
vn 0.3023 0.1019 0.9478
vn 0.0437 -0.5290 0.8475
vn 0.7973 -0.1222 0.5911
vn -0.6786 0.2811 -0.6786
vn -0.6786 -0.2811 0.6786
vn 0.0015 -0.1248 -0.9922
vn 0.1647 0.5164 -0.8404
vn 0.6040 -0.2546 -0.7552
vn 0.0678 -0.5119 0.8564
vn -0.0064 -0.9414 0.3372
vn 0.6151 -0.7631 0.1982
vn 0.1644 0.8404 -0.5164
vn 0.0015 0.9922 0.1248
vn 0.6041 0.7552 0.2546
vn -0.0064 -0.3372 0.9414
vn 0.0681 -0.8563 0.5119
vn 0.6151 -0.1982 0.7631
vn -0.6786 0.6786 -0.2811
vn -0.6786 -0.6786 0.2811
vn 0.3791 0.4785 -0.7921
vn 0.0993 0.9147 -0.3917
vn 0.8473 0.4419 -0.2945
vn 0.0434 -0.8476 0.5289
vn 0.3023 -0.9477 -0.1020
vn 0.7973 -0.5911 0.1222
vn 0.2890 0.9121 -0.2909
vn -0.3063 0.9474 0.0924
vn 0.0776 0.8151 0.5741
vn -0.3763 -0.4768 0.7944
vn 0.0293 -0.8798 0.4745
vn 0.2041 -0.1582 0.9661
vn 0.0009 0.5889 -0.8082
vn 0.1461 0.9557 -0.2555
vn 0.5891 0.3013 -0.7497
vn 0.5225 -0.8523 0.0222
vn -0.0067 -0.9126 -0.4087
vn 0.5606 -0.6231 -0.5454
vn 0.5985 0.3686 -0.7113
vn 0.5051 0.8267 -0.2479
vn 0.7564 0.4174 0.5037
vn 0.8138 -0.1810 -0.5522
vn -0.2990 -0.7506 0.5892
vn -0.3440 -0.8781 0.3326
vn 0.4067 -0.8612 -0.3048
vn 0.4929 -0.3860 0.7798
vn 0.5266 0.7655 0.3698
vn 0.0018 0.6274 0.7787
vn 0.5708 0.2991 0.7646
vn -0.0051 -0.8912 0.4536
vn -0.4005 -0.9116 -0.0930
vn 0.6197 -0.6861 0.3812
vn -0.7832 0.5730 0.2414
vn -0.3977 0.8913 -0.2178
vn -0.6935 0.5415 -0.4752
vn 0.1713 -0.9711 -0.1661
vn -0.5158 -0.7973 -0.3134
vn -0.4953 -0.3297 -0.8037
vn 0.0720 0.8292 0.5543
vn -0.2815 0.9544 0.0996
vn 0.7937 0.5664 0.2218
vn -0.2095 0.8317 -0.5141
vn 0.4571 -0.8838 -0.0998
vn -0.3967 -0.6279 -0.6696
vn -0.2594 -0.2044 -0.9439
vn 0.7980 -0.4823 -0.3614
vn 0.4196 0.6087 0.6734
vn -0.4904 0.8646 0.1094
vn -0.8248 0.5091 0.2458
vn -0.0197 0.1391 0.9901
vn 0.3327 -0.9294 -0.1599
vn -0.3381 -0.7971 -0.5003
vn 0.2774 -0.8431 0.4607
vn -0.8041 -0.5648 -0.1856
vn 0.3453 0.8099 0.4741
vn 0.4148 0.8128 0.4091
vn 0.4723 0.7414 -0.4766
vn -0.6581 0.7402 -0.1379
vn 0.1509 -0.9152 -0.3737
vn -0.5538 -0.6794 -0.4814
vn -0.6396 -0.2452 -0.7286
vn 0.6114 -0.2534 -0.7497
vn 0.4877 0.8502 0.1982
vn 0.5253 0.8493 -0.0527
vn 0.7338 -0.0011 0.6794
vn 0.7725 0.3849 -0.5051
vn -0.0662 -0.9812 0.1812
vn -0.2565 -0.6956 -0.6710
vn 0.5752 -0.3831 -0.7228
vn 0.6060 -0.7641 0.2211
vn 0.1587 0.5885 0.7928
vn -0.6224 0.2113 0.7536
vn -0.2896 -0.5991 0.7464
vn 0.6114 -0.1770 0.7712
vn 0.3624 -0.4293 -0.8273
vn 0.0752 -0.4058 -0.9109
vn 0.6213 -0.7293 -0.2865
vn -0.6595 -0.6931 -0.2910
vn -0.4594 0.6560 0.5989
vn -0.6103 -0.0108 0.7921
vn -0.7912 0.6024 0.1053
vn -0.7108 -0.5008 0.4939
vn -0.0158 0.0717 -0.9973
vn -0.0005 -0.8668 -0.4987
vn -0.7581 -0.5360 -0.3715
vn -0.5630 0.0981 -0.8206
vn -0.2878 0.7081 0.6448
vn -0.0252 0.2325 0.9723
vn 0.7755 0.2298 0.5880
vn 0.0767 0.9618 0.2629
vn 0.0288 -0.5529 -0.8328
vn 0.3186 -0.4338 -0.8428
vn -0.1892 0.3533 -0.9162
vn 0.7879 -0.1459 -0.5982
vn 0.2985 0.3120 0.9020
vn 0.1999 0.1002 0.9747
vn -0.6944 0.2093 0.6885
vn 0.0923 -0.5545 0.8271
vn -0.4366 -0.2336 -0.8688
vn 0.1463 -0.3129 -0.9384
vn 0.2912 -0.9096 -0.2963
vn -0.7089 -0.4485 -0.5443
vn -0.4317 0.4457 0.7842
vn 0.1307 0.1877 0.9735
vn 0.6073 0.7092 0.3581
vn -0.4696 0.7786 0.4162
vn 0.5192 -0.1293 -0.8448
vn 0.3269 -0.1478 -0.9334
vn -0.5154 0.2587 -0.8169
vn 0.5737 0.4633 -0.6754
vn 0.5898 0.7161 0.3732
vn 0.4948 0.2468 0.8333
vn 0.7558 -0.4989 0.4242
vn 0.8178 0.5474 -0.1775
vn -0.2814 -0.5895 -0.7571
vn -0.3260 -0.3363 -0.8835
vn 0.4183 0.3090 -0.8541
vn 0.5033 -0.7757 -0.3807
vn 0.3639 -0.3362 -0.8687
vn -0.1994 -0.2939 -0.9348
vn -0.6918 -0.1112 -0.7135
vn -0.1275 -0.8248 0.5508
vn -0.6388 -0.5562 0.5316
vn -0.6410 -0.6263 0.4437
vn 0.7071 0.3240 -0.6285
vn 0.7071 -0.3240 0.6285
vn -0.0034 0.8423 -0.5389
vn -0.5579 0.6989 -0.4475
vn -0.5257 0.7740 -0.3528
vn 0.5467 0.1676 0.8204
vn 0.0022 0.2580 0.9662
vn -0.5425 0.2100 0.8134
vn 0.1308 0.8148 -0.5649
vn -0.4532 0.8039 -0.3852
vn 0.0411 0.9961 -0.0779
vn 0.6414 -0.0192 0.7669
vn 0.1992 0.2949 0.9345
vn -0.3605 0.3744 0.8543
vn -0.7014 -0.2490 -0.6678
vn -0.5144 0.1893 -0.8364
vn -0.8325 -0.4081 -0.3747
vn -0.7600 0.6469 -0.0633
vn 0.2124 -0.6806 0.7012
vn -0.2660 0.1182 0.9567
vn -0.7213 -0.1024 0.6850
vn -0.5184 -0.7802 0.3502
vn -0.3466 0.2227 -0.9112
vn -0.0004 -0.2800 -0.9600
vn -0.4610 -0.5553 -0.6922
vn 0.0045 -0.9098 0.4151
vn -0.1958 -0.5073 0.8392
vn -0.5299 -0.8313 0.1678
vn 0.0976 0.6997 0.7077
vn 0.2148 0.5659 0.7960
vn 0.4349 0.7981 0.4170
vn -0.2662 0.8235 0.5010
vn -0.1527 -0.1091 -0.9822
vn -0.2617 0.3069 -0.9151
vn -0.2112 0.4668 -0.8588
vn 0.4342 0.3056 -0.8474
vn -0.0749 0.1995 0.9770
vn 0.1723 -0.1746 0.9694
vn 0.5839 -0.0685 0.8089
vn 0.1241 -0.7942 -0.5948
vn 0.2191 -0.4463 -0.8676
vn 0.5437 -0.6371 -0.5463
vn -0.8591 0.2373 0.4535
vn -0.8247 0.4684 0.3169
vn -0.9138 0.3409 0.2207
vn -0.2057 -0.5184 -0.8300
vn -0.4290 -0.3945 -0.8126
vn -0.4067 -0.1356 -0.9035
vn -0.0005 -0.2657 0.9641
vn 0.0072 -0.8912 -0.4536
vn -0.1245 0.7931 0.5963
vn 0.2807 0.6294 0.7246
vn 0.1254 0.9565 0.2633
vn -0.1302 -0.2607 -0.9566
vn -0.1716 0.1815 -0.9683
vn 0.2563 0.3344 -0.9069
vn 0.4661 0.3409 0.8164
vn 0.7951 0.2723 0.5420
vn 0.7515 0.6187 0.2291
vn 0.5153 -0.4232 -0.7453
vn 0.1907 -0.1616 -0.9683
vn 0.6918 -0.0317 -0.7214
vn -0.0215 -0.7588 0.6510
vn 0.0538 0.7254 0.6862
vn -0.5201 -0.6612 -0.5406
vn -0.3369 0.8042 -0.4897
vn 0.3817 -0.8147 0.4364
vn 0.4993 0.6647 0.5558
vn -0.0000 -0.7071 -0.7071
vn -0.0000 0.7071 -0.7071
vn -0.8121 -0.5817 -0.0459
vn -0.6087 0.7642 -0.2131
vn 0.5842 0.3700 -0.7223
vn -0.0004 0.0428 -0.9991
vn -0.3218 0.5427 -0.7758
vn 0.0007 -0.8968 0.4424
vn -0.4749 -0.8778 -0.0631
vn 0.0583 -0.9746 -0.2163
vn 0.0409 0.9696 -0.2413
vn 0.2509 0.7294 -0.6365
vn -0.4830 0.8553 -0.1873
vn -0.4898 0.0022 0.8719
vn 0.0300 -0.0183 0.9994
vn -0.3129 0.3433 0.8856
vn -0.7534 0.6536 -0.0721
vn -0.8855 -0.4053 -0.2272
vn -0.9720 -0.1322 0.1941
vn -0.9563 0.2693 0.1140
vn -0.0411 0.1531 0.9874
vn 0.1124 -0.7600 0.6402
vn -0.2284 0.0289 0.9731
vn 0.3105 -0.7175 0.6236
vn 0.2899 0.9347 -0.2058
vn 0.5048 0.8606 -0.0674
vn -0.5050 0.8619 -0.0450
vn 0.2887 0.9498 0.1208
vn -0.5051 -0.0767 0.8597
vn -0.0050 -0.4000 0.9165
vn 0.3281 0.0044 0.9446
vn -0.5039 -0.0434 0.8626
vn -0.5303 0.0453 -0.8466
vn -0.0298 0.0117 -0.9995
vn -0.5298 0.0115 -0.8480
vn -0.0409 -0.9685 0.2455
vn 0.4690 -0.8558 0.2183
vn -0.5400 -0.8103 0.2275
vn 0.7017 0.3766 -0.6048
vn 0.4067 0.4934 -0.7689
vn 0.7194 0.5884 -0.3693
vn 0.4267 -0.1911 0.8840
vn 0.5882 -0.4043 0.7004
vn 0.6830 -0.0685 0.7272
vn -0.4996 0.8651 0.0451
vn 0.4568 0.6500 0.6073
vn 0.3038 0.9514 -0.0502
vn -0.1829 0.9717 -0.1497
vn -0.1148 -0.5781 -0.8078
vn 0.4296 0.3281 -0.8413
vn -0.1390 -0.6084 -0.7814
vn 0.5339 0.0889 -0.8409
vn 0.5814 0.3294 0.7439
vn 0.8799 -0.4551 0.1366
vn 0.9444 -0.1709 -0.2809
vn 0.8179 0.5627 -0.1200
vn 0.0642 0.1456 -0.9873
vn -0.0570 -0.0706 -0.9959
vn 0.6024 0.0326 -0.7976
vn -0.2822 -0.7151 -0.6395
vn -0.5485 0.4752 0.6880
vn 0.4692 -0.1622 0.8681
vn -0.1463 0.7248 0.6733
vn 0.3339 0.6835 0.6491
vn -0.4571 -0.8769 -0.1489
vn 0.4593 -0.8857 -0.0681
vn -0.0653 -0.9938 0.0898
vn -0.1302 -0.9912 0.0238
vn -0.3290 0.4797 0.8134
vn 0.5478 0.3437 0.7627
vn -0.2920 0.5076 0.8106
vn 0.5811 0.0688 0.8109
vn -0.3827 -0.9237 0.0163
vn 0.3496 -0.5345 -0.7694
vn 0.5845 -0.7223 -0.3696
vn 0.1087 -0.9821 0.1536
vn -0.9017 -0.4069 0.1462
vn -0.5486 0.3338 0.7665
vn -0.7968 0.5838 -0.1559
vn -0.9611 -0.1290 -0.2441
vn 0.0684 -0.0320 -0.9971
vn -0.1132 0.0887 -0.9896
vn 0.2264 -0.7071 -0.6698
vn -0.6399 0.0634 -0.7658
vn -0.5165 0.6279 0.5822
vn 0.3455 0.6020 0.7199
vn 0.5584 0.7732 0.3006
vn -0.3498 0.9264 -0.1391
vn -0.3296 -0.3832 -0.8628
vn 0.1251 -0.5158 -0.8475
vn -0.5863 0.1720 -0.7916
vn 0.5584 0.0721 -0.8264
vn -0.4183 -0.5365 0.7330
vn -0.1643 -0.2460 0.9552
vn -0.4157 0.7147 0.5625
vn -0.7672 -0.3926 0.5072
vn 0.0521 0.3857 -0.9212
vn 0.2467 -0.0341 -0.9685
vn -0.4453 -0.6454 -0.6206
vn -0.4579 0.5461 -0.7015
vn -0.3602 0.4062 0.8398
vn -0.4399 0.4481 0.7782
vn 0.3964 -0.3987 0.8270
vn 0.0973 0.7300 0.6765
vn 0.1428 -0.6859 -0.7135
vn -0.1168 -0.5258 -0.8426
vn -0.1381 0.5481 -0.8249
vn 0.6566 -0.1771 -0.7331
vn 0.6096 0.3016 0.7331
vn 0.2896 0.5881 0.7551
vn -0.6543 0.0119 0.7561
vn 0.4003 -0.3795 0.8341
vn -0.5512 -0.1049 -0.8278
vn -0.5396 0.1653 -0.8255
vn 0.5883 -0.2217 -0.7777
vn -0.6829 -0.3534 -0.6394
vn 0.4121 -0.3561 0.8387
vn 0.3828 -0.0202 0.9236
vn -0.4401 0.5810 0.6846
vn -0.0090 -0.5795 0.8149
vn -0.0649 0.4121 -0.9088
vn -0.0353 0.4945 -0.8685
vn 0.1183 -0.6807 -0.7229
vn -0.6481 0.2086 -0.7324
vn -0.5022 0.2923 0.8139
vn 0.1351 0.0681 0.9885
vn 0.5637 0.6675 0.4865
vn -0.4469 0.8164 0.3657
vn 0.4882 0.0793 -0.8691
vn 0.2373 -0.0812 -0.9680
vn -0.5857 0.4531 -0.6720
vn 0.5356 0.6185 -0.5750
vn 0.0046 0.4905 0.8714
vn -0.0796 0.5925 0.8016
vn 0.2889 -0.5412 0.7897
vn 0.4726 0.6841 0.5555
vn -0.2331 -0.6295 -0.7412
vn -0.4748 -0.0761 -0.8768
vn 0.2407 0.5496 -0.8000
vn 0.2583 -0.6403 -0.7234
vn -0.6065 -0.4769 0.6361
vn -0.5384 -0.3681 0.7580
vn -0.7403 0.6062 0.2907
vn -0.8457 -0.5278 0.0785
vn 0.0466 0.4671 -0.8830
vn 0.2280 -0.0249 -0.9733
vn -0.4622 -0.5656 -0.6829
vn -0.4725 0.5812 -0.6625
vn -0.0863 0.4864 0.8695
vn -0.0406 0.2616 0.9643
vn 0.7225 -0.3625 0.5887
vn 0.3059 0.7720 0.5572
vn 0.3590 -0.4060 -0.8404
vn 0.2115 -0.3043 -0.9288
vn 0.1427 0.7560 -0.6389
vn 0.8538 -0.1229 -0.5059
vn 0.5199 -0.1709 0.8370
vn -0.1271 0.0526 0.9905
vn -0.5584 -0.5935 0.5795
vn 0.4375 -0.7719 0.4613
vn -0.4752 -0.2064 -0.8553
vn -0.2662 -0.0459 -0.9628
vn 0.5938 -0.5323 -0.6034
vn -0.5326 -0.6873 -0.4939
vn 0.0932 -0.4871 0.8683
vn 0.0661 -0.2305 0.9708
vn -0.7151 0.3762 0.5892
vn -0.3029 -0.7594 0.5758
vn -0.3667 0.4029 -0.8386
vn -0.2513 0.2985 -0.9207
vn -0.1616 -0.7543 -0.6364
vn -0.8690 0.1242 -0.4791
vn -0.5201 0.1813 0.8347
vn 0.5178 0.2467 0.8192
vn 0.3095 0.8625 0.4003
vn -0.4510 0.7798 0.4341
vn -0.1797 0.0264 -0.9834
vn 0.2479 0.0232 -0.9685
vn -0.6079 0.5220 -0.5983
vn 0.5657 0.5538 -0.6110
vn 0.5621 -0.1671 0.8100
vn 0.5807 0.3794 0.7203
vn 0.7553 -0.5988 0.2664
vn 0.7950 0.5709 0.2052
vn -0.0628 -0.4693 -0.8808
vn 0.0180 0.4990 -0.8664
vn 0.6764 0.4063 -0.6143
vn 0.4522 -0.5718 -0.6845
vn 0.0442 -0.5401 0.8404
vn 0.5027 -0.3113 0.8065
vn 0.1435 0.5297 0.8359
vn -0.5225 -0.5397 0.6601
vn 0.6023 -0.0555 -0.7963
vn 0.5139 -0.0174 -0.8577
vn -0.4115 -0.4477 -0.7938
vn 0.1177 0.6607 -0.7414
vn -0.6116 0.0669 0.7883
vn -0.3017 -0.4395 0.8461
vn 0.1454 -0.7117 0.6873
vn 0.1213 0.5272 0.8410
vn -0.4946 0.0466 -0.8679
vn -0.6193 0.0509 -0.7835
vn 0.0558 0.6660 -0.7439
vn 0.2099 -0.5327 -0.8199
vn 0.1464 -0.0746 0.9864
vn 0.0480 -0.0457 0.9978
vn -0.5967 -0.6118 0.5192
vn 0.5365 -0.6720 0.5104
vn -0.4794 -0.0824 -0.8737
vn 0.4581 -0.1112 -0.8819
vn 0.5277 -0.6208 -0.5797
vn -0.5616 -0.6005 -0.5692
vn -0.4559 0.3731 0.8081
vn -0.3407 0.3442 0.8749
vn -0.1653 -0.6855 0.7091
vn 0.4155 0.3566 0.8368
vn -0.4607 -0.1766 -0.8698
vn -0.4887 0.4834 -0.7263
vn 0.4281 0.4250 -0.7976
vn -0.1429 -0.5669 -0.8113
vn 0.0880 -0.4963 0.8637
vn 0.2349 -0.2196 0.9469
vn -0.4045 0.3908 0.8269
vn -0.3016 -0.7264 0.6175
vn -0.4064 0.5755 -0.7096
vn 0.1484 0.3476 -0.9258
vn -0.3245 -0.5808 -0.7466
vn -0.4944 0.5569 -0.6674
vn -0.5378 -0.2753 0.7968
vn 0.1660 -0.8394 0.5175
vn 0.5876 -0.0890 0.8042
vn -0.5717 -0.2110 0.7928
vn 0.2177 -0.7275 -0.6506
vn 0.1371 -0.5799 -0.8031
vn -0.6075 -0.0730 -0.7910
vn 0.5259 0.0699 -0.8477
vn -0.3220 0.0948 -0.9420
vn -0.7050 -0.2720 -0.6550
vn -0.9017 0.2574 -0.3475
vn -0.4900 -0.3066 0.8160
vn -0.0603 0.1415 0.9881
vn -0.7898 0.1643 0.5909
vn 0.7968 0.0534 -0.6018
vn 0.5259 -0.0801 0.8468
vn 0.0002 0.6457 -0.7636
vn -0.2804 0.1257 -0.9516
vn -0.5266 0.7300 -0.4357
vn -0.1315 -0.1014 0.9861
vn 0.0004 0.4972 0.8677
vn -0.5729 0.5263 0.6283
vn 0.4925 0.3053 -0.8150
vn -0.1215 0.2171 -0.9686
vn 0.2778 0.7987 -0.5339
vn 0.2203 0.0623 0.9734
vn 0.7040 0.2727 0.6557
vn 0.3446 0.7751 0.5296
vn 0.5065 0.0219 -0.8619
vn 0.6543 0.1091 -0.7483
vn -0.2361 -0.4889 -0.8398
vn 0.0021 0.6927 -0.7212
vn 0.3848 -0.6952 0.6072
vn 0.5311 0.0133 0.8472
vn -0.1008 0.5510 0.8284
vn -0.3453 -0.4743 0.8098
vn -0.5480 0.4102 -0.7290
vn -0.0057 -0.0638 -0.9979
vn -0.5163 -0.3328 -0.7891
vn 0.0145 -0.3407 0.9401
vn 0.2789 0.4752 0.8345
vn -0.4802 -0.3538 0.8027
vn -0.7109 0.3338 -0.6191
vn -0.3413 -0.0137 -0.9399
vn -0.9004 -0.2307 -0.3689
vn -0.0403 -0.2226 0.9741
vn -0.4829 0.2301 0.8449
vn -0.7872 -0.2131 0.5786
vn -0.2689 0.0024 -0.9632
vn -0.0001 -0.5478 -0.8366
vn -0.5231 -0.6711 -0.5254
vn -0.0005 -0.5979 0.8016
vn -0.1520 -0.0247 0.9881
vn -0.5774 -0.5923 0.5619
vn 0.7967 0.0008 -0.6044
vn 0.5257 0.0039 0.8507
vn -0.5620 -0.3489 -0.7499
vn -0.5160 -0.0667 -0.8540
vn -0.7623 -0.5901 -0.2659
vn -0.7631 0.5869 -0.2704
vn 0.2318 -0.1003 0.9676
vn -0.1730 0.5698 0.8034
vn -0.7564 0.3354 0.5616
vn -0.4137 -0.5806 0.7012
vn -0.1105 -0.0614 -0.9920
vn 0.4854 -0.2287 -0.8438
vn 0.2388 -0.7422 -0.6262
vn 0.7092 -0.3345 0.6206
vn 0.2203 -0.1751 0.9596
vn 0.3405 -0.8199 0.4601
vn -0.0010 0.6295 -0.7770
vn -0.5898 0.3984 -0.7025
vn -0.2221 0.9268 -0.3029
vn 0.3654 0.1872 0.9119
vn 0.0026 0.6710 0.7415
vn -0.5776 0.5777 0.5767
vn -0.7078 0.2737 -0.6512
vn -0.7095 -0.3245 -0.6255
vn -0.9497 -0.1722 -0.2615
vn 0.1386 0.3551 0.9245
vn -0.4905 0.3068 0.8157
vn -0.6855 -0.2437 0.6861
vn 0.2030 -0.1696 -0.9644
vn -0.0008 -0.7084 -0.7058
vn -0.5750 -0.6256 -0.5272
vn 0.0032 -0.5894 0.8078
vn -0.5619 -0.3186 0.7634
vn -0.5251 -0.6774 0.5151
vn 0.7070 -0.0634 -0.7044
vn 0.7070 0.0634 0.7044
vn 0.2271 0.2574 -0.9392
vn 0.4930 -0.3055 -0.8146
vn 0.1874 -0.7789 -0.5984
vn 0.7068 -0.2745 0.6519
vn 0.2262 -0.6444 0.7304
vn 0.3795 -0.7843 0.4907
vn -0.0014 0.5190 -0.8548
vn 0.2608 -0.0341 -0.9648
vn -0.4952 0.3717 -0.7852
vn -0.5607 0.5162 0.6474
vn 0.0083 0.5495 0.8354
vn -0.3707 0.7711 0.5177
vn -0.8502 0.4181 -0.3198
vn -0.5770 -0.6700 -0.4670
vn -0.7033 -0.6896 -0.1728
vn -0.9366 0.3337 -0.1068
vn 0.1500 0.4922 0.8574
vn 0.2027 -0.3179 0.9262
vn -0.1816 0.5744 0.7982
vn -0.1637 -0.5547 0.8158
vn 0.3400 0.8695 0.3582
vn 0.4787 0.4874 0.7303
vn 0.0576 0.9328 0.3557
vn 0.5401 0.4936 0.6817
vn -0.1299 -0.5288 0.8388
vn -0.1904 -0.9817 -0.0068
vn 0.5275 -0.6925 0.4921
vn 0.4170 -0.6069 0.6766
vn -0.9906 0.0615 0.1220
vn -0.9844 0.0699 -0.1616
vn -0.9082 0.1969 0.3694
vn -0.8730 0.2530 -0.4170
vn -0.6571 -0.6291 0.4154
vn -0.5959 -0.6647 -0.4506
vn -0.0534 -0.9951 -0.0835
vn -0.0584 -0.9908 0.1223
vn 0.6816 0.6381 -0.3582
vn -0.1493 0.9855 -0.0812
vn 0.7087 0.6829 -0.1774
vn 0.1273 0.9918 0.0085
vn 0.4701 -0.8722 -0.1351
vn 0.3232 -0.2531 -0.9119
vn 0.7410 -0.3513 -0.5723
vn 0.7980 -0.5022 -0.3332
vn 0.1674 0.8280 0.5351
vn -0.6313 0.2607 0.7304
vn -0.1539 0.3201 0.9348
vn 0.0115 0.3663 0.9304
vn -0.0846 -0.5697 0.8175
vn -0.1017 -0.9921 -0.0741
vn 0.2046 -0.6735 0.7103
vn 0.1259 -0.9785 0.1634
vn 0.3374 0.4412 -0.8316
vn -0.0000 0.7560 -0.6545
vn 0.1838 0.9530 -0.2410
vn -0.0001 -0.7405 -0.6720
vn -0.1970 -0.3578 -0.9128
vn 0.3165 -0.4081 -0.8563
vn 0.8148 0.5797 0.0003
vn 0.3662 0.9272 -0.0792
vn 0.7535 0.4024 0.5199
vn 0.0697 -0.9179 0.3906
vn 0.4779 -0.8784 -0.0006
vn 0.5939 -0.6379 0.4902
vn 0.3555 0.8137 0.4599
vn 0.0555 0.9985 0.0003
vn -0.3363 0.8706 0.3590
vn -0.9981 -0.0623 -0.0004
vn -0.8045 -0.5919 -0.0488
vn -0.8496 0.0697 0.5228
vn 0.9942 -0.0071 -0.1076
vn 0.8753 0.0175 0.4832
vn 0.8187 -0.5578 0.1366
vn -0.6356 -0.6343 -0.4402
vn -0.1913 -0.9711 -0.1423
vn -0.0630 -0.8970 0.4375
vn 0.4702 0.7234 0.5056
vn 0.7283 0.4769 0.4921
vn -0.0596 0.5764 0.8150
vn 0.6028 -0.3094 0.7354
vn -0.9897 -0.1354 0.0455
vn -0.3563 -0.9080 0.2206
vn -0.2509 -0.6319 0.7333
vn -0.7654 0.0213 0.6432
vn 0.3387 0.8306 -0.4420
vn 0.1864 0.9722 0.1417
vn 0.2050 0.6972 0.6870
vn -0.9942 0.0053 0.1078
vn -0.7522 -0.2625 0.6043
vn -0.7421 -0.0312 0.6695
vn 0.6122 0.3956 -0.6846
vn -0.6112 -0.3966 -0.6849
vn 0.9830 -0.1834 0.0001
vn 0.8290 0.0265 0.5586
vn 0.7858 -0.2106 0.5815
vn -0.4746 -0.6997 -0.5340
vn -0.2955 -0.9553 -0.0012
vn -0.2332 -0.7786 0.5826
vn -0.0000 -0.6447 0.7645
vn -0.0000 -0.7645 -0.6447
vn -0.5282 0.1462 0.8364
vn -0.0169 0.0743 0.9971
vn -0.4674 0.5860 0.6619
vn -0.6093 0.3802 -0.6959
vn -0.7024 -0.1201 -0.7016
vn -0.7548 0.3620 -0.5470
vn -0.4900 0.8150 0.3092
vn 0.3701 0.7076 0.6019
vn 0.4566 0.8727 0.1728
vn -0.4555 0.8808 0.1291
vn 0.0965 -0.3313 -0.9386
vn 0.1443 -0.3357 -0.9309
vn -0.4897 0.1325 -0.8618
vn 0.4577 0.2895 -0.8407
vn 0.0341 0.2874 0.9572
vn 0.5276 0.1463 0.8368
vn 0.6003 0.5380 0.5917
vn 0.7247 -0.1150 -0.6794
vn 0.4231 0.2211 -0.8787
vn 0.7373 0.3726 -0.5636
vn 0.3443 -0.7514 0.5629
vn -0.2323 -0.8739 0.4271
vn -0.1879 -0.9207 -0.3422
vn 0.6701 -0.7293 0.1382
vn -0.0830 0.7677 -0.6354
vn -0.1635 0.6806 -0.7142
vn 0.6939 0.4157 -0.5880
vn -0.2320 0.0869 -0.9688
vn -0.5015 -0.7996 0.3303
vn -0.5802 -0.3595 0.7308
vn -0.8941 0.1355 0.4268
vn -0.8081 -0.4994 -0.3124
vn 0.2140 0.8225 -0.5270
vn 0.1671 0.7036 -0.6906
vn -0.4967 0.3260 -0.8044
vn -0.4308 0.9012 0.0479
vn -0.1018 -0.6552 0.7485
vn -0.2477 -0.5748 0.7799
vn 0.5191 -0.0971 0.8492
vn -0.5060 0.0598 0.8605
vn 0.3397 0.7588 -0.5558
vn -0.4086 0.7508 -0.5189
vn -0.4691 0.8773 0.1019
vn 0.5070 0.8595 -0.0642
vn -0.1031 -0.8220 0.5600
vn -0.0444 -0.7928 0.6078
vn 0.1987 -0.0943 0.9755
vn -0.7269 -0.3665 0.5807
vn 0.3010 0.9062 -0.2968
vn -0.0317 0.7972 -0.6029
vn -0.6865 0.6969 -0.2073
vn 0.1977 0.9448 0.2614
vn 0.4046 -0.5172 0.7542
vn 0.7715 -0.3531 0.5293
vn 0.5348 -0.6947 0.4810
vn 0.7738 -0.0927 0.6266
vn 0.7087 0.5492 -0.4429
vn -0.0252 0.7932 -0.6084
vn 0.5375 0.8426 0.0329
vn 0.6123 0.7642 -0.2028
vn 0.0609 -0.8530 -0.5184
vn -0.0720 -0.9538 0.2918
vn -0.5382 -0.7876 -0.3000
vn -0.2512 -0.8873 -0.3867
vn -0.0679 0.8373 -0.5425
vn -0.2493 0.3024 -0.9200
vn -0.0485 0.6406 -0.7663
vn -0.5370 0.2791 -0.7961
vn -0.4211 0.8555 0.3014
vn -0.9697 0.0843 -0.2295
vn -0.9279 0.1353 0.3475
vn -0.8632 0.2565 0.4348
vn -0.7167 -0.5761 0.3929
vn 0.0536 -0.9780 0.2016
vn -0.5678 -0.6603 0.4916
vn 0.0618 -0.9779 0.1997
vn 0.8615 0.5067 -0.0321
vn 0.0193 0.9996 -0.0215
vn 0.7499 0.6412 0.1627
vn 0.1239 0.9799 0.1564
vn 0.4214 -0.8893 0.1778
vn 0.6894 -0.3015 -0.6587
vn 0.9353 -0.3269 -0.1351
vn 0.8474 -0.5266 0.0683
vn 0.3656 0.7612 0.5357
vn -0.2369 0.8448 0.4799
vn -0.4808 0.2301 0.8461
vn 0.4832 0.2732 0.8318
vn -0.2302 -0.9654 -0.1226
vn -0.0739 -0.9855 -0.1528
vn 0.5114 -0.7475 0.4239
vn -0.4827 -0.6928 0.5358
vn -0.0621 0.8942 0.4433
vn -0.8994 0.3010 0.3169
vn -0.4896 0.3705 0.7893
vn -0.3497 0.5413 0.7647
vn -0.3754 -0.5491 0.7467
vn -0.1624 -0.9736 -0.1603
vn -0.1650 -0.6974 0.6974
vn 0.0584 -0.9887 0.1378
vn 0.4919 0.3871 -0.7799
vn -0.0010 0.6920 -0.7219
vn 0.1256 0.9575 -0.2598
vn -0.0043 -0.8582 -0.5133
vn -0.1878 -0.4747 -0.8599
vn 0.4180 -0.5280 -0.7392
vn 0.7717 0.6360 -0.0000
vn 0.3553 0.9099 -0.2143
vn 0.6840 0.5101 0.5215
vn -0.0089 -0.9401 0.3407
vn 0.4136 -0.9104 -0.0002
vn 0.4681 -0.7242 0.5063
vn 0.5259 0.7354 0.4274
vn 0.2771 0.9609 -0.0000
vn -0.1227 0.9229 0.3649
vn -0.9996 0.0279 0.0002
vn -0.8676 -0.4961 -0.0325
vn -0.8477 0.1484 0.5093
vn 0.9765 -0.1753 -0.1251
vn 0.9110 0.2743 -0.3080
vn 0.8764 -0.2529 0.4099
vn -0.4316 -0.8088 0.3994
vn -0.5561 -0.8229 -0.1170
vn -0.1927 -0.9581 0.2118
vn 0.6339 -0.2699 0.7248
vn 0.8084 0.3908 0.4403
vn 0.0951 0.5981 0.7958
vn 0.2773 -0.2358 0.9314
vn -0.9992 -0.0112 0.0390
vn -0.9981 -0.0508 0.0344
vn -0.5142 -0.7836 0.3487
vn -0.7744 0.1172 0.6218
vn 0.5228 0.6118 0.5936
vn 0.5528 0.8251 0.1165
vn 0.4493 0.6651 0.5964
vn -0.9773 0.1709 0.1256
vn -0.9006 0.2028 -0.3844
vn -0.7980 0.0462 0.6009
vn 0.5854 0.2628 -0.7670
vn -0.7596 -0.3587 -0.5425
vn 0.9119 -0.4103 -0.0003
vn 0.8089 -0.3119 -0.4985
vn 0.7880 -0.3546 0.5033
vn -0.4526 -0.7359 0.5036
vn -0.5243 -0.8515 -0.0028
vn -0.3846 -0.7832 0.4885
vn -0.0016 -0.1390 -0.9903
vn -0.3279 -0.5024 -0.8001
vn -0.4865 -0.0299 -0.8732
vn 0.2140 0.8619 0.4597
vn -0.0007 0.9999 0.0106
vn -0.4998 0.8657 -0.0272
vn 0.1144 -0.9475 -0.2985
vn -0.0293 -0.8793 -0.4753
vn 0.2310 -0.8972 0.3764
vn -0.6882 -0.7212 -0.0792
vn 0.3087 0.5875 0.7480
vn -0.3669 0.7708 0.5208
vn -0.6805 0.3943 0.6177
vn 0.2157 0.0553 0.9749
vn 0.4123 -0.9069 -0.0872
vn 0.7591 -0.5505 -0.3474
vn 0.7708 -0.5814 0.2604
vn 0.5256 0.7294 0.4379
vn -0.0516 0.8922 0.4486
vn 0.5485 0.2798 0.7880
vn -0.5688 -0.8207 0.0532
vn -0.2750 -0.9070 -0.3191
vn 0.5598 -0.8054 0.1949
vn -0.2159 -0.7140 0.6661
vn 0.3899 0.7481 0.5369
vn 0.3477 0.7894 0.5060
vn -0.5680 0.3604 0.7399
vn 0.5489 0.2991 0.7805
vn 0.4191 -0.7832 -0.4592
vn -0.2637 -0.5449 -0.7960
vn -0.0408 -0.0025 -0.9992
vn 0.7343 -0.3590 -0.5761
vn 0.1928 0.8771 0.4399
vn -0.2048 0.9315 0.3005
vn 0.7297 0.6753 0.1070
vn -0.2108 0.9316 -0.2961
vn -0.5889 -0.7427 -0.3187
vn -0.5579 -0.4808 -0.6765
vn -0.7647 -0.5560 0.3258
vn -0.8234 0.0199 -0.5672
vn -0.2086 0.3869 0.8982
vn -0.0388 0.9856 0.1644
vn -0.5828 0.8126 0.0035
vn -0.7280 0.3145 0.6091
vn -0.3619 0.1598 -0.9184
vn -0.2074 -0.2964 -0.9323
vn -0.7231 -0.1754 -0.6681
vn 0.0056 0.1276 0.9918
vn -0.4979 0.2222 0.8383
vn -0.6928 -0.2131 0.6889
vn 0.0767 -0.4227 -0.9030
vn -0.0007 -0.8232 -0.5678
vn -0.4808 -0.7732 -0.4134
vn 0.0046 -0.4237 0.9058
vn -0.3657 -0.0495 0.9294
vn -0.4390 -0.5620 0.7010
vn 0.7732 -0.0009 -0.6342
vn 0.4389 -0.0044 0.8985
vn 0.1449 0.1429 -0.9791
vn 0.5014 -0.2213 -0.8364
vn 0.2807 -0.6555 -0.7011
vn 0.3591 -0.1605 0.9194
vn -0.1378 -0.2732 0.9520
vn 0.1478 -0.6173 0.7727
vn 0.0014 0.5646 -0.8254
vn -0.3274 0.0984 -0.9397
vn -0.4817 0.7441 -0.4628
vn -0.1987 -0.0649 0.9779
vn -0.0014 0.4933 0.8699
vn -0.5466 0.5756 0.6082
vn -0.4650 0.2173 -0.8582
vn -0.5676 -0.3106 -0.7625
vn -0.7845 -0.4955 -0.3728
vn -0.8183 0.5403 -0.1962
vn 0.1202 0.1973 0.9729
vn 0.1738 0.2721 0.9464
vn -0.5505 0.5148 0.6572
vn -0.3561 -0.4943 0.7930
vn 0.1955 -0.1774 0.9645
vn -0.2580 -0.5521 0.7928
vn -0.1873 -0.7070 0.6819
vn 0.3776 -0.6850 0.6230
vn 0.2228 -0.5535 -0.8025
vn 0.2603 -0.3358 -0.9052
vn 0.4043 -0.7179 -0.5668
vn -0.2691 -0.6482 -0.7124
vn -0.3667 0.4870 0.7927
vn -0.6211 -0.1706 0.7649
vn -0.2394 0.7410 0.6274
vn -0.7065 0.1242 0.6967
vn -0.1344 0.6877 -0.7135
vn -0.5979 0.0656 -0.7989
vn -0.6837 0.1979 -0.7024
vn -0.2398 0.7334 -0.6361
vn 0.7259 0.5173 0.4532
vn 0.5850 -0.2508 0.7713
vn 0.8394 -0.4242 0.3399
vn 0.8098 0.4828 0.3333
vn -0.0488 -0.1271 -0.9907
vn 0.1601 -0.4727 -0.8665
vn 0.3272 0.5131 -0.7935
vn 0.5069 -0.3982 -0.7645
vn -0.6600 0.2492 0.7087
vn -0.7370 0.0009 0.6759
vn -0.7105 -0.2659 0.6515
vn -0.6001 0.0015 -0.8000
vn -0.5792 -0.2637 -0.7713
vn -0.6723 -0.2328 -0.7027
vn 0.0001 0.8670 0.4983
vn -0.4459 0.6210 0.6446
vn 0.5094 0.7461 0.4288
vn 0.5129 0.3756 -0.7719
vn -0.0030 0.4376 -0.8992
vn 0.3971 0.6556 -0.6423
vn 0.6801 0.1725 0.7125
vn 0.3157 -0.5109 0.7995
vn 0.4124 -0.5392 0.7343
vn 0.8556 -0.1312 0.5008
vn 0.6474 -0.1205 -0.7526
vn 0.1057 -0.6281 -0.7709
vn 0.7709 0.0989 -0.6292
vn 0.4156 -0.5837 -0.6976
vn -0.3697 -0.7835 -0.4993
vn -0.5343 -0.3362 -0.7756
vn -0.0699 -0.1906 -0.9792
vn -0.6280 -0.3949 0.6706
vn -0.9096 -0.3537 0.2181
vn -0.5272 -0.7907 0.3114
vn 0.6802 0.0003 -0.7330
vn 0.6681 -0.5105 -0.5413
vn 0.2098 -0.0596 -0.9759
vn 0.9474 0.1469 0.2845
vn 0.6795 -0.0009 0.7337
vn 0.7867 -0.4342 0.4388
vn 0.1356 0.9908 0.0056
vn -0.1823 0.9832 -0.0050
vn 0.3913 0.9106 -0.1328
vn -0.4491 0.8711 -0.1988
vn 0.4466 0.6540 0.6106
vn -0.4899 0.5792 0.6516
vn -0.0897 -0.0157 0.9958
vn 0.1361 -0.0092 0.9906
vn 0.6274 0.3953 -0.6709
vn 0.6974 0.6810 -0.2233
vn 0.9418 0.1704 -0.2897
vn 0.8967 0.1268 0.4240
vn 0.5357 0.3353 0.7750
vn 0.2532 -0.0757 0.9645
vn -0.8404 -0.3783 -0.3881
vn -0.6736 0.0004 -0.7391
vn -0.2226 -0.1911 -0.9560
vn -0.6941 -0.0005 0.7199
vn -0.9350 0.2112 0.2850
vn -0.8707 -0.3474 0.3482
vn -0.0000 -0.7071 0.7071
vn -0.7583 0.6519 0.0062
vn -0.9684 0.1729 0.1796
vn -0.5411 0.6928 0.4767
vn 0.8164 0.3808 0.4341
vn 0.7347 0.6783 -0.0090
vn 0.4457 0.7892 0.4225
vn -0.6691 0.6353 0.3857
vn -0.6524 -0.3485 0.6730
vn -0.1021 -0.2098 0.9724
vn -0.1974 0.7377 0.6456
vn 0.9577 -0.2150 -0.1911
vn 0.9911 0.0648 -0.1164
vn 0.7016 0.6534 0.2844
vn 0.6050 -0.3904 0.6940
vn -0.9744 0.1880 0.1236
vn -0.7805 -0.4357 0.4484
vn -0.4774 -0.0169 0.8785
vn 0.7310 -0.4880 0.4771
vn 0.7695 0.2052 0.6048
vn 0.3273 -0.1507 0.9328
vn -0.0004 0.4023 0.9155
vn 0.1057 -0.1422 0.9842
vn -0.4428 0.5303 0.7230
vn -0.3858 -0.5733 0.7228
vn -0.2585 0.3413 -0.9037
vn -0.4145 -0.5397 -0.7327
vn -0.6456 -0.5546 -0.5251
vn -0.6219 0.5371 -0.5698
vn 0.3275 0.6213 0.7119
vn 0.8941 -0.0945 0.4378
vn 0.9845 0.1539 -0.0842
vn 0.3899 0.8854 0.2532
vn -0.2896 -0.0555 -0.9555
vn -0.0843 -0.2503 -0.9645
vn 0.0020 0.6378 -0.7702
vn 0.5976 -0.3065 -0.7409
vn 0.2823 -0.0645 0.9572
vn 0.1622 -0.7417 0.6509
vn 0.3116 -0.8640 0.3955
vn 0.8983 0.0947 0.4291
vn 0.2119 0.3709 -0.9042
vn 0.4743 0.3717 -0.7981
vn 0.8146 -0.0343 -0.5790
vn -0.0124 -0.6696 -0.7426
vn 0.3548 0.4458 0.8219
vn 0.4512 -0.5612 0.6939
vn 0.9072 -0.3048 0.2899
vn 0.8680 0.3603 0.3416
vn -0.0425 0.3443 -0.9379
vn -0.1213 -0.0619 -0.9907
vn 0.4758 0.5201 -0.7093
vn 0.3923 -0.5758 -0.7173
vn -0.3395 -0.1457 0.9293
vn -0.1161 -0.6214 0.7749
vn 0.5024 -0.6387 0.5829
vn -0.1022 -0.5389 -0.8361
vn 0.5055 -0.4118 -0.7582
vn 0.2483 -0.8324 -0.4954
vn -0.0000 0.8716 0.4903
vn -0.0169 0.4732 0.8808
vn 0.5264 0.7987 0.2915
vn 0.4278 0.0191 -0.9037
vn -0.0007 0.3980 -0.9174
vn 0.4284 0.6255 -0.6521
vn -0.5200 -0.6465 0.5582
vn -0.3297 -0.7945 0.5099
vn -0.2645 -0.9457 0.1887
vn 0.5709 -0.7466 0.3415
vn 0.1002 -0.0253 -0.9946
vn 0.5372 -0.1179 -0.8352
vn 0.5646 -0.3747 -0.7354
vn -0.3471 -0.3875 -0.8540
vn -0.4422 0.0121 0.8968
vn -0.7312 -0.0003 0.6822
vn -0.7321 -0.3414 0.5895
vn -0.4807 0.0023 -0.8769
vn -0.3317 -0.3262 -0.8852
vn -0.6263 -0.2818 -0.7269
vn 0.1016 0.5429 0.8336
vn 0.5864 0.1845 0.7887
vn 0.6459 0.4131 0.6419
vn -0.4457 0.4292 -0.7856
vn 0.1165 0.6179 -0.7776
vn 0.6607 0.4017 -0.6341
vn 0.4807 -0.0008 0.8769
vn 0.3213 -0.3233 0.8901
vn 0.5757 -0.3182 0.7532
vn 0.5312 0.2716 -0.8025
vn 0.7312 0.0008 -0.6822
vn 0.6930 -0.3495 -0.6306
vn -0.6397 -0.0963 0.7626
vn -0.6556 -0.4199 0.6276
vn -0.4271 -0.6967 0.5764
vn -0.4621 -0.2791 -0.8418
vn -0.1506 -0.4675 -0.8711
vn -0.3497 -0.5889 -0.7287
vn -0.6532 0.4185 0.6310
vn -0.5018 0.3099 -0.8076
vn -0.1293 0.6952 -0.7071
vn -0.1293 0.6952 0.7071
vn 0.7071 -0.0000 -0.7071
vn 0.7071 -0.0000 0.7071
vn -0.7071 -0.0000 -0.7071
vn -0.7071 -0.0000 0.7071
vn 0.5943 -0.3832 -0.7071
vn 0.5943 -0.3832 0.7071
vn 0.5943 0.3832 -0.7071
vn 0.5943 0.3832 0.7071
vn 0.1293 -0.6952 -0.7071
vn 0.1293 -0.6952 0.7071
vn -0.0000 0.7071 0.7071
vn -0.5943 0.3832 -0.7071
vn -0.5943 0.3832 0.7071
vn -0.5943 -0.3832 -0.7071
vn -0.5943 -0.3832 0.7071
vn -0.0341 0.4260 0.9041
vn 0.0899 -0.1740 0.9806
vn -0.4163 0.5163 0.7484
vn -0.3721 -0.5580 0.7417
vn -0.2508 0.3142 -0.9156
vn -0.3925 -0.5157 -0.7615
vn -0.6213 -0.5429 -0.5650
vn -0.6004 0.5246 -0.6036
vn 0.3652 0.5099 0.7788
vn 0.4839 0.1571 0.8609
vn 0.8956 -0.1384 0.4228
vn 0.4883 0.7922 0.3660
vn 0.4528 -0.3468 -0.8214
vn -0.1041 -0.2488 -0.9629
vn 0.0758 0.6065 -0.7915
vn 0.7247 0.0624 -0.6862
vn 0.8731 0.1160 0.4736
vn 0.3163 -0.7157 0.6227
vn 0.4652 -0.8061 0.3658
vn 0.9845 -0.1654 0.0576
vn 0.1352 0.4132 -0.9005
vn -0.2282 -0.0732 -0.9709
vn 0.4654 0.3273 -0.8223
vn 0.0277 -0.6300 -0.7761
vn 0.3510 0.4124 0.8406
vn 0.4123 -0.5381 0.7352
vn 0.7986 -0.4373 0.4135
vn 0.8453 0.3772 0.3784
vn -0.0049 0.3826 -0.9239
vn -0.1194 -0.0388 -0.9921
vn 0.4732 0.5002 -0.7251
vn 0.3767 -0.5611 -0.7371
vn -0.3879 0.0696 0.9191
vn -0.1463 0.0437 0.9883
vn -0.7594 -0.2017 0.6186
vn 0.1834 -0.7420 0.6448
vn -0.0235 0.0732 -0.9970
vn 0.2958 -0.5040 -0.8114
vn 0.0156 -0.7963 -0.6047
vn -0.7069 -0.0621 -0.7046
vn -0.0662 0.4780 0.8759
vn 0.0186 0.4847 0.8745
vn 0.4992 0.8161 0.2913
vn -0.5311 0.7691 0.3556
vn 0.3993 -0.0276 -0.9164
vn -0.1233 -0.2011 -0.9718
vn -0.5206 0.4034 -0.7525
vn 0.4304 0.5680 -0.7015
vn -0.4566 -0.6322 0.6259
vn -0.0541 -0.5868 0.8079
vn -0.4641 -0.8575 0.2220
vn 0.5573 -0.7641 0.3249
vn -0.3438 0.0287 -0.9386
vn 0.5239 -0.1138 -0.8441
vn 0.4987 -0.5159 -0.6965
vn -0.4131 -0.5576 -0.7201
vn -0.4098 -0.3805 0.8290
vn -0.2564 0.1563 0.9539
vn -0.7181 0.5113 0.4722
vn -0.8673 -0.3517 0.3523
vn 0.1261 0.1408 -0.9820
vn 0.0937 -0.0148 -0.9955
vn -0.4734 -0.4777 -0.7401
vn -0.4742 0.5144 -0.7145
vn -0.1376 0.0859 0.9868
vn 0.5726 -0.1163 0.8116
vn 0.7580 0.2393 0.6067
vn -0.1071 0.7585 0.6428
vn -0.2320 0.4567 -0.8588
vn -0.0792 0.1150 -0.9902
vn -0.0656 0.7777 -0.6252
vn 0.7426 0.0651 -0.6665
vn -0.1350 0.0986 0.9859
vn -0.0845 0.1034 0.9910
vn 0.4143 -0.4898 0.7671
vn 0.4353 0.5249 0.7315
vn 0.3289 -0.2393 -0.9135
vn 0.2412 0.0425 -0.9695
vn 0.6392 0.5329 -0.5545
vn 0.6641 -0.4907 -0.5641
vn -0.4505 -0.4699 0.7591
vn -0.8831 0.2031 0.4230
vn -0.9963 -0.0463 -0.0729
vn -0.5388 -0.7804 0.3174
vn 0.2719 0.0444 -0.9613
vn 0.1000 0.1688 -0.9806
vn -0.1091 -0.5914 -0.7990
vn -0.5281 0.3794 -0.7597
vn -0.4029 0.0029 0.9152
vn -0.3582 0.2102 0.9097
vn -0.4436 0.7869 0.4289
vn -0.8916 -0.2081 0.4022
vn 0.2150 0.0004 -0.9766
vn -0.4267 -0.4277 -0.7968
vn -0.7963 -0.0111 -0.6048
vn -0.1308 0.6371 -0.7596
vn -0.3960 0.5596 -0.7280
vn -0.3333 0.4646 0.8204
vn -0.0006 -0.7594 -0.6506
vn 0.4900 -0.4999 -0.7141
vn 0.4165 -0.8796 -0.2296
vn -0.1653 0.0533 0.9848
vn -0.0058 -0.5181 0.8553
vn 0.5220 -0.5149 0.6800
vn 0.2542 0.0310 -0.9667
vn 0.7459 0.0002 -0.6660
vn 0.6978 -0.5474 -0.4620
vn 0.3815 0.0003 0.9244
vn 0.0923 -0.5014 0.8603
vn 0.6201 -0.4488 0.6435
vn -0.3815 -0.0001 -0.9244
vn -0.0577 -0.4814 -0.8746
vn -0.4733 -0.5299 -0.7037
vn -0.3760 0.4175 0.8272
vn -0.7460 -0.0005 0.6659
vn -0.6296 -0.5574 0.5412
vn 0.6333 0.1692 -0.7552
vn 0.8653 0.2565 -0.4307
vn 0.9718 0.1093 -0.2091
vn 0.4165 -0.8014 -0.4293
vn -0.2554 0.1837 0.9492
vn -0.2145 -0.4303 0.8768
vn 0.1402 -0.6543 0.7431
vn 0.4593 0.4204 0.7825
vn 0.1170 -0.1931 -0.9742
vn 0.5608 0.2490 -0.7896
vn 0.6932 -0.2829 -0.6629
vn 0.3507 0.1549 0.9236
vn 0.5173 -0.3976 0.7578
vn 0.7761 -0.1604 0.6099
vn 0.3316 -0.4662 -0.8202
vn 0.3958 -0.5601 0.7278
vn -0.0008 0.7701 -0.6379
vn -0.0060 0.5190 0.8548
vn -0.6442 0.2915 -0.7071
vn -0.6442 0.2915 0.7071
vn -0.6442 -0.2915 -0.7071
vn -0.6442 -0.2915 0.7071
vn -0.0153 0.2899 0.9569
vn -0.2957 0.6295 0.7185
vn 0.2709 0.8696 0.4128
vn -0.7797 0.5200 0.3489
vn 0.2566 0.3759 -0.8904
vn -0.0362 -0.4255 -0.9042
vn -0.7793 0.1782 -0.6008
vn 0.1367 0.6234 -0.7698
vn 0.6219 0.6150 0.4848
vn 0.6735 0.2831 0.6829
vn 0.8124 0.4559 0.3636
vn 0.6882 -0.2763 -0.6708
vn 0.4021 -0.5262 -0.7493
vn 0.6351 0.0988 -0.7661
vn -0.0002 -0.1725 0.9850
vn -0.0443 0.5771 0.8155
vn -0.7081 -0.1648 0.6866
vn -0.0318 -0.5082 -0.8606
vn 0.0008 -0.9696 -0.2447
vn -0.7078 -0.6921 -0.1415
vn 0.4778 -0.2533 0.8411
vn -0.2522 0.3691 0.8945
vn -0.5295 -0.5617 0.6357
vn 0.4853 -0.2848 0.8267
vn -0.3425 -0.4141 -0.8434
vn -0.2836 -0.8452 -0.4530
vn 0.4730 -0.7545 -0.4550
vn -0.5022 -0.8638 0.0400
vn 0.2691 0.0848 0.9594
vn 0.3235 0.3545 0.8773
vn -0.4762 0.8365 0.2712
vn -0.5689 -0.4094 0.7133
vn -0.4207 0.2384 -0.8753
vn -0.2856 -0.6153 -0.7347
vn -0.7592 -0.6330 0.1514
vn -0.8168 0.5330 -0.2208
vn -0.5503 0.3232 0.7699
vn -0.3778 0.7225 0.5790
vn 0.3824 0.7523 0.5365
vn -0.5963 0.7913 0.1351
vn 0.3821 0.4323 -0.8168
vn -0.1306 -0.2890 -0.9484
vn -0.6434 0.5434 -0.5392
vn 0.3820 0.4639 -0.7993
vn 0.1129 0.4172 0.9018
vn -0.2514 0.8916 0.3765
vn -0.5284 0.0479 0.8477
vn -0.3429 -0.8862 -0.3115
vn 0.1038 -0.9544 0.2801
vn -0.5045 -0.5868 0.6333
vn 0.2426 0.7433 0.6234
vn 0.2351 0.9698 0.0653
vn -0.6040 0.6853 -0.4069
vn -0.5870 0.2013 0.7841
vn -0.2662 -0.7136 -0.6480
vn -0.2567 -0.9624 -0.0887
vn -0.7494 -0.3662 0.5516
vn -0.7703 0.1542 -0.6188
vn -0.2784 0.8026 0.5276
vn -0.0002 0.9853 -0.1709
vn -0.6506 0.6503 -0.3922
vn 0.0007 -0.2495 -0.9684
vn -0.3826 -0.7620 -0.5226
vn -0.5930 0.1844 -0.7838
vn -0.0134 0.8764 0.4814
vn -0.1043 0.9557 -0.2752
vn -0.7788 0.6169 -0.1133
vn -0.1118 -0.4092 -0.9056
vn -0.0374 -0.9379 -0.3450
vn -0.7797 -0.2941 -0.5528
vn 0.6786 0.6786 0.2811
vn 0.6786 -0.6786 -0.2811
vn -0.0002 0.5745 0.8185
vn -0.0444 0.9847 0.1685
vn -0.7081 0.3689 0.6021
vn -0.0318 -0.9679 -0.2492
vn 0.0008 -0.8586 0.5126
vn -0.7078 -0.5895 0.3894
vn 0.1129 0.9327 0.3426
vn -0.2514 0.8967 -0.3642
vn -0.5284 0.6333 0.5655
vn -0.3429 -0.8469 0.4064
vn 0.1038 -0.4768 0.8729
vn -0.5045 0.0329 0.8628
vn 0.2427 0.9664 -0.0848
vn 0.2351 0.7319 -0.6396
vn -0.6040 0.1968 -0.7723
vn -0.5870 0.6968 0.4121
vn -0.2661 -0.9628 0.0464
vn -0.2566 -0.7433 0.6178
vn -0.7494 0.1309 0.6491
vn -0.7702 -0.3287 -0.5466
vn -0.2783 0.9406 -0.1945
vn -0.0002 0.5758 -0.8176
vn -0.6507 0.1825 -0.7371
vn 0.0007 -0.8612 -0.5083
vn -0.3826 -0.9083 0.1693
vn -0.5930 -0.4238 -0.6846
vn -0.0134 0.9601 -0.2793
vn -0.1043 0.4812 -0.8704
vn -0.7788 0.3561 -0.5164
vn -0.1118 -0.9297 -0.3509
vn -0.0374 -0.9071 0.4192
vn -0.7797 -0.5988 -0.1829
vn -0.0002 0.9850 0.1725
vn -0.0444 0.8155 -0.5771
vn -0.7081 0.6866 0.1648
vn -0.0318 -0.8606 0.5082
vn 0.0008 -0.2447 0.9696
vn -0.7078 -0.1415 0.6921
vn 0.1129 0.9018 -0.4172
vn -0.2514 0.3765 -0.8916
vn -0.5284 0.8477 -0.0479
vn -0.3429 -0.3114 0.8863
vn 0.1038 0.2801 0.9543
vn -0.5045 0.6333 0.5868
vn 0.2427 0.6233 -0.7433
vn 0.2351 0.0652 -0.9698
vn -0.6040 -0.4070 -0.6853
vn -0.5870 0.7841 -0.2013
vn -0.2662 -0.6480 0.7137
vn -0.2567 -0.0887 0.9624
vn -0.7494 0.5516 0.3663
vn -0.7703 -0.6188 -0.1541
vn -0.2783 0.5276 -0.8026
vn -0.0002 -0.1709 -0.9853
vn -0.6507 -0.3922 -0.6503
vn 0.0007 -0.9684 0.2496
vn -0.3826 -0.5226 0.7619
vn -0.5930 -0.7838 -0.1844
vn -0.0134 0.4814 -0.8764
vn -0.1043 -0.2752 -0.9557
vn -0.7788 -0.1133 -0.6169
vn -0.1118 -0.9055 0.4093
vn -0.0374 -0.3450 0.9379
vn -0.7797 -0.5528 0.2941
vn 0.6786 0.2810 -0.6786
vn 0.6786 -0.2811 0.6786
vn -0.0002 0.8185 -0.5745
vn -0.0444 0.1685 -0.9847
vn -0.7081 0.6021 -0.3689
vn -0.0318 -0.2492 0.9679
vn 0.0008 0.5126 0.8586
vn -0.7078 0.3894 0.5895
vn 0.1129 0.3426 -0.9327
vn -0.2514 -0.3642 -0.8967
vn -0.5284 0.5655 -0.6333
vn -0.3429 0.4064 0.8469
vn 0.1038 0.8729 0.4768
vn -0.5045 0.8628 -0.0329
vn 0.2427 -0.0848 -0.9664
vn 0.2351 -0.6396 -0.7319
vn -0.6040 -0.7723 -0.1968
vn -0.5870 0.4121 -0.6968
vn -0.2662 0.0464 0.9628
vn -0.2567 0.6178 0.7433
vn -0.7494 0.6490 -0.1310
vn -0.7702 -0.5466 0.3286
vn -0.2783 -0.1945 -0.9406
vn -0.0002 -0.8176 -0.5758
vn -0.6507 -0.7371 -0.1825
vn 0.0007 -0.5083 0.8612
vn -0.3826 0.1693 0.9083
vn -0.5930 -0.6846 0.4238
vn -0.0134 -0.2793 -0.9601
vn -0.1043 -0.8704 -0.4812
vn -0.7788 -0.5164 -0.3561
vn -0.1118 -0.3509 0.9297
vn -0.0374 0.4193 0.9071
vn -0.7797 -0.1829 0.5988
vn 0.6786 -0.2811 -0.6786
vn 0.6786 0.2811 0.6786
vn -0.0002 0.1725 -0.9850
vn -0.0444 -0.5771 -0.8155
vn -0.7081 0.1648 -0.6866
vn -0.0318 0.5082 0.8606
vn 0.0008 0.9696 0.2447
vn -0.7078 0.6921 0.1415
vn -0.2783 -0.8026 -0.5276
vn -0.0002 -0.9853 0.1709
vn -0.6507 -0.6503 0.3922
vn 0.0007 0.2495 0.9684
vn -0.3826 0.7619 0.5226
vn -0.5930 -0.1844 0.7838
vn 0.1129 -0.4172 -0.9018
vn -0.2514 -0.8916 -0.3765
vn -0.5284 -0.0479 -0.8477
vn -0.3429 0.8862 0.3114
vn 0.1038 0.9543 -0.2801
vn -0.5045 0.5868 -0.6333
vn 0.2426 -0.7433 -0.6234
vn 0.2351 -0.9698 -0.0653
vn -0.6040 -0.6853 0.4069
vn -0.5870 -0.2013 -0.7841
vn -0.2662 0.7136 0.6480
vn -0.2567 0.9624 0.0887
vn -0.7494 0.3663 -0.5516
vn -0.7703 -0.1542 0.6188
vn -0.0002 -0.5745 -0.8185
vn -0.0444 -0.9847 -0.1685
vn -0.7081 -0.3689 -0.6021
vn -0.0318 0.9679 0.2492
vn 0.0008 0.8586 -0.5126
vn -0.7078 0.5895 -0.3894
vn -0.0134 -0.8764 -0.4814
vn -0.1043 -0.9557 0.2752
vn -0.7788 -0.6169 0.1133
vn -0.1118 0.4093 0.9055
vn -0.0374 0.9379 0.3450
vn -0.7797 0.2941 0.5528
vn -0.2783 -0.9406 0.1945
vn -0.0002 -0.5758 0.8176
vn -0.6507 -0.1825 0.7371
vn 0.0007 0.8612 0.5083
vn -0.3826 0.9083 -0.1693
vn -0.5930 0.4238 0.6846
vn 0.1129 -0.9327 -0.3426
vn -0.2514 -0.8967 0.3642
vn -0.5284 -0.6333 -0.5655
vn -0.3429 0.8469 -0.4065
vn 0.1038 0.4768 -0.8729
vn -0.5045 -0.0329 -0.8628
vn 0.2427 -0.9664 0.0848
vn 0.2351 -0.7319 0.6396
vn -0.6040 -0.1968 0.7723
vn -0.5870 -0.6968 -0.4121
vn -0.2661 0.9628 -0.0464
vn -0.2566 0.7433 -0.6178
vn -0.7494 -0.1309 -0.6491
vn -0.7702 0.3287 0.5466
vn -0.0002 -0.9850 -0.1725
vn -0.0444 -0.8155 0.5771
vn -0.7081 -0.6866 -0.1648
vn -0.0318 0.8606 -0.5082
vn 0.0008 0.2447 -0.9696
vn -0.7078 0.1415 -0.6921
vn -0.0134 -0.9601 0.2793
vn -0.1043 -0.4812 0.8704
vn -0.7788 -0.3561 0.5164
vn -0.1118 0.9297 0.3509
vn -0.0374 0.9071 -0.4192
vn -0.7797 0.5988 0.1829
vn 0.6786 -0.6787 0.2810
vn 0.1102 -0.8929 0.4365
vn -0.5230 -0.5084 0.6841
vn -0.4751 -0.8799 0.0099
vn -0.0856 0.4498 -0.8890
vn 0.1009 -0.2560 -0.9614
vn -0.5703 -0.4891 -0.6600
vn 0.3176 -0.3169 0.8937
vn 0.2590 -0.0658 0.9636
vn -0.5878 0.4045 0.7007
vn -0.4640 -0.8426 0.2734
vn -0.2844 0.6468 -0.7076
vn -0.4027 -0.2233 -0.8877
vn -0.8004 -0.5360 -0.2684
vn -0.7764 0.6076 0.1675
vn -0.2783 -0.5276 0.8026
vn -0.0002 0.1709 0.9853
vn -0.6507 0.3922 0.6503
vn 0.0007 0.9684 -0.2495
vn -0.3826 0.5226 -0.7619
vn -0.5930 0.7838 0.1844
vn 0.4045 -0.2940 0.8660
vn -0.1013 0.2523 0.9623
vn -0.7637 0.0884 0.6395
vn -0.1090 0.8973 -0.4278
vn -0.4711 0.3511 -0.8092
vn -0.7673 0.5681 -0.2976
vn 0.6272 -0.6126 0.4810
vn 0.8241 -0.4414 0.3549
vn 0.3719 0.4959 -0.7847
vn 0.6273 -0.0930 -0.7732
vn -0.1949 -0.5538 0.8096
vn -0.4621 -0.2649 0.8463
vn -0.6939 -0.6134 0.3771
vn 0.3862 -0.7425 0.5473
vn 0.4102 0.1345 -0.9020
vn 0.3771 -0.4617 -0.8029
vn 0.2604 -0.7088 -0.6556
vn -0.6953 -0.3722 -0.6148
vn 0.0003 0.4757 0.8796
vn -0.0153 -0.1348 0.9907
vn 0.5443 0.4921 0.6794
vn 0.5372 0.5050 -0.6756
vn -0.0011 0.7873 -0.6166
vn 0.4627 0.8485 -0.2569
vn 0.6477 0.2860 0.7062
vn 0.5403 -0.0332 0.8408
vn 0.7644 -0.6393 0.0834
vn 0.8977 0.3962 0.1930
vn 0.1824 -0.1937 -0.9639
vn -0.2297 0.2155 -0.9491
vn 0.3646 0.8057 -0.4667
vn 0.6837 -0.0995 -0.7230
vn 0.5693 -0.7504 0.3358
vn 0.0003 -0.9557 0.2943
vn 0.2268 -0.9483 -0.2221
vn -0.0009 -0.1299 -0.9915
vn -0.3368 0.3461 -0.8757
vn 0.5500 -0.1439 -0.8227
vn 0.1217 0.4806 0.8685
vn 0.0038 -0.1301 0.9915
vn 0.6049 0.2897 0.7417
vn 0.6723 0.3785 -0.6362
vn 0.1452 0.6260 -0.7662
vn 0.6511 0.5667 -0.5049
vn 0.5750 0.5496 0.6061
vn 0.1168 0.0462 0.9921
vn 0.5753 -0.5484 0.6068
vn 0.6912 0.5404 0.4798
vn 0.1487 -0.5752 -0.8044
vn -0.3912 -0.0658 -0.9180
vn 0.1532 0.5623 -0.8126
vn 0.5587 -0.3922 -0.7308
vn 0.7343 -0.5893 0.3369
vn -0.2774 -0.6845 0.6742
vn -0.2945 -0.9477 0.1232
vn 0.6456 -0.7635 0.0190
vn -0.0525 0.2960 -0.9538
vn -0.3802 0.1786 -0.9075
vn 0.5853 -0.0919 -0.8056
vn -0.4717 -0.4785 -0.7406
vn -0.0970 -0.0671 0.9930
vn -0.6502 -0.0009 0.7598
vn -0.6709 -0.5245 0.5243
vn -0.6568 0.0025 -0.7540
vn -0.2599 -0.4291 -0.8651
vn -0.7109 -0.5100 -0.4842
vn -0.1024 -0.9614 -0.2553
vn -0.0008 -0.6890 -0.7248
vn 0.5714 -0.4837 -0.6629
vn -0.0042 0.8710 -0.4913
vn 0.5159 0.8345 -0.1935
vn 0.4130 0.5654 -0.7140
vn -0.8147 -0.5799 0.0004
vn -0.4193 -0.8938 0.1592
vn -0.8301 -0.3495 0.4345
vn -0.0644 0.9434 0.3253
vn -0.4576 0.8892 -0.0004
vn -0.6016 0.6704 0.4344
vn -0.3439 -0.7138 0.6101
vn 0.5268 -0.5289 0.6654
vn 0.4355 -0.0673 0.8977
vn -0.4130 -0.1602 0.8965
vn -0.1541 0.9764 -0.1510
vn -0.0661 0.9925 -0.1026
vn -0.4644 0.7360 0.4927
vn 0.5547 0.7298 0.3996
vn 0.1906 -0.9810 -0.0368
vn 0.4543 -0.7356 -0.5025
vn 0.8987 -0.2589 -0.3540
vn 0.6592 -0.5252 0.5381
vn -0.0864 0.9787 0.1865
vn 0.2415 0.8202 0.5186
vn 0.6704 0.5769 0.4667
vn 0.4659 0.7015 -0.5393
vn 0.6967 -0.2265 0.6807
vn 0.5646 -0.5453 0.6195
vn 0.7524 -0.5446 -0.3704
vn 0.9005 0.1341 0.4137
vn 0.3001 0.5045 -0.8096
vn -0.1820 0.8069 -0.5619
vn 0.3470 0.9095 0.2289
vn 0.7076 0.4428 -0.5506
vn 0.5693 -0.7174 -0.4015
vn 0.0002 -0.8729 -0.4880
vn 0.1903 -0.4886 -0.8515
vn -0.0011 0.6200 -0.7846
vn -0.4178 0.8094 -0.4128
vn 0.5443 0.5205 -0.6579
vn 0.0004 -0.3181 0.9481
vn -0.0655 -0.8055 0.5890
vn 0.5352 -0.2073 0.8189
vn 0.5489 0.8359 0.0057
vn -0.0005 0.9873 0.1591
vn 0.4502 0.7697 0.4526
vn -0.0007 0.8814 -0.4724
vn -0.0029 0.4235 0.9059
vn -0.7046 0.1197 -0.6994
vn -0.7046 -0.1196 0.6995
vn -0.0000 -0.6447 -0.7645
vn -0.0000 -0.7645 0.6447
vn 0.6667 0.1264 -0.7345
vn 0.6668 -0.1277 0.7342
vn 0.1012 0.7589 0.6433
vn 0.0002 0.2604 0.9655
vn 0.5136 0.0419 0.8570
vn -0.0016 -0.9967 0.0809
vn 0.4374 -0.8483 -0.2985
vn 0.4710 -0.8121 0.3445
vn -0.0917 0.9730 -0.2118
vn 0.0027 0.9319 0.3628
vn 0.4495 0.8046 -0.3880
vn 0.4233 -0.5312 -0.7340
vn -0.1179 -0.3532 -0.9281
vn 0.3585 -0.0304 -0.9331
vn 0.6054 0.7687 -0.2063
vn 0.5731 0.4622 0.6768
vn 0.8879 -0.0834 0.4525
vn 0.8619 0.3092 -0.4019
vn -0.2137 -0.8924 -0.3974
vn -0.1931 -0.9324 -0.3056
vn 0.4163 -0.4431 -0.7940
vn 0.4449 -0.8701 0.2122
vn -0.7457 0.0012 -0.6662
vn -0.4725 -0.4914 -0.7317
vn -0.8840 -0.4017 -0.2392
vn 0.0596 0.1665 0.9842
vn -0.5183 0.0153 0.8550
vn -0.5225 -0.5154 0.6793
vn 0.0406 -0.3258 -0.9446
vn -0.0394 -0.3207 -0.9464
vn 0.5541 -0.7337 -0.3933
vn -0.5442 -0.7375 -0.3999
vn 0.4992 -0.0904 0.8617
vn -0.4961 -0.0856 0.8640
vn -0.4411 -0.6340 0.6352
vn 0.4589 -0.6466 0.6094
vn 0.4787 -0.4980 -0.7231
vn 0.7562 0.0015 -0.6544
vn 0.8907 -0.4013 -0.2137
vn 0.5748 0.0110 0.8182
vn 0.0017 0.1490 0.9888
vn 0.5656 -0.5312 0.6308
vn 0.0005 0.9076 -0.4199
vn -0.4172 0.9088 -0.0013
vn 0.5605 0.7465 -0.3586
vn 0.4519 -0.7261 -0.5182
vn 0.0003 -0.5366 -0.8438
vn 0.5616 -0.4062 -0.7208
vn 0.5091 0.6296 0.5868
vn 0.1174 0.3491 0.9297
vn 0.6534 0.2806 0.7030
vn 0.0918 -0.9732 0.2110
vn -0.3844 -0.9141 -0.1291
vn 0.6330 -0.7674 0.1021
vn -0.6786 0.6786 0.2811
vn -0.6786 -0.6786 -0.2811
vn 0.6122 -0.3956 -0.6846
vn -0.6113 0.3967 -0.6848
vn 0.0489 -0.9988 0.0003
vn 0.1728 -0.8016 0.5723
vn -0.4306 -0.8548 0.2897
vn -0.7472 0.5945 -0.2972
vn -0.9926 0.1214 -0.0014
vn -0.8287 0.0521 0.5573
vn 0.8762 -0.3006 0.3767
vn 0.7951 0.1836 0.5780
vn 0.2782 0.2367 0.9309
vn 0.0424 -0.7141 0.6988
vn -0.9366 0.2440 -0.2514
vn -0.9952 -0.0125 0.0973
vn -0.7861 0.0127 0.6180
vn -0.3309 0.9012 0.2797
vn 0.9228 -0.3242 -0.2083
vn 0.9707 0.2401 -0.0001
vn 0.7656 0.2507 0.5925
vn -0.4801 0.8772 -0.0038
vn -0.5080 0.6254 0.5923
vn -0.0793 0.9048 0.4185
vn 0.1041 0.6994 -0.7071
vn 0.1041 0.6994 0.7071
vn -0.1041 -0.6994 -0.7071
vn -0.1041 -0.6994 0.7071
vn -0.5639 0.2935 0.7719
vn 0.3266 0.1661 0.9305
vn 0.3348 0.7297 0.5962
vn -0.5607 0.3544 0.7483
vn -0.0239 -0.0029 -0.9997
vn 0.4391 0.5001 -0.7464
vn -0.5717 0.3639 -0.7353
vn 0.4007 0.6164 -0.6779
vn 0.4217 0.0302 0.9062
vn 0.5192 -0.3917 0.7596
vn 0.8932 -0.3893 0.2250
vn 0.7905 0.4910 0.3662
vn -0.1525 -0.0093 -0.9883
vn -0.0068 0.3617 -0.9323
vn 0.5647 0.4428 -0.6964
vn 0.4498 -0.4854 -0.7497
vn 0.0849 -0.3963 0.9142
vn 0.5098 -0.6811 0.5255
vn -0.5101 -0.6927 0.5099
vn 0.4789 -0.7955 0.3713
vn -0.5108 -0.2455 -0.8239
vn 0.3590 0.0901 -0.9290
vn 0.4412 -0.5001 -0.7451
vn -0.5048 -0.3058 -0.8072
vn -0.2098 -0.0842 0.9741
vn 0.3382 -0.0985 0.9359
vn -0.4668 -0.5130 0.7204
vn 0.5712 -0.3851 0.7248
vn -0.4691 -0.4409 -0.7652
vn 0.2572 0.0574 -0.9646
vn 0.5660 -0.3085 -0.7645
vn -0.2640 -0.7155 -0.6468
vn -0.6016 -0.5116 0.6135
vn -0.3110 -0.2200 0.9246
vn -0.6135 0.4816 0.6258
vn -0.8874 -0.3160 0.3356
vn -0.2176 0.4799 -0.8499
vn 0.1128 0.3844 -0.9163
vn -0.2134 -0.5093 -0.8337
vn -0.5412 0.3460 -0.7664
vn -0.4787 0.7020 0.5273
vn 0.2647 0.4255 0.8654
vn 0.5095 0.7012 0.4987
vn -0.3020 0.9260 0.2265
vn -0.2194 -0.1517 -0.9638
vn 0.3304 -0.0571 -0.9421
vn -0.4701 0.2886 -0.8341
vn 0.5119 0.2991 -0.8053
vn 0.1295 -0.8676 0.4802
vn 0.1492 -0.8685 0.4726
vn 0.3945 -0.7421 -0.5419
vn 0.7660 -0.5435 0.3434
vn 0.5357 0.6619 -0.5244
vn 0.2559 0.9616 -0.0989
vn 0.6930 0.4735 0.5436
vn 0.7112 0.4659 -0.5264
vn -0.3719 -0.6659 -0.6467
vn -0.8498 -0.4336 0.2997
vn -0.9933 -0.1051 -0.0476
vn -0.5140 -0.4472 -0.7319
vn 0.1343 0.8219 -0.5535
vn -0.2557 0.9174 0.3048
vn -0.0931 0.6956 -0.7124
vn -0.5006 0.8124 0.2990
vn 0.2461 -0.7746 0.5825
vn -0.3072 -0.8232 0.4775
vn 0.4430 -0.4246 0.7896
vn -0.6385 -0.2243 0.7362
vn 0.6890 0.7188 0.0926
vn -0.3174 0.8696 0.3782
vn -0.2144 0.6426 0.7356
vn 0.5624 0.4440 0.6975
vn 0.3588 -0.8780 -0.3170
vn -0.2291 -0.9389 0.2570
vn 0.5343 -0.8054 -0.2567
vn 0.0726 -0.6891 0.7210
vn 0.7814 0.5396 -0.3136
vn 0.4255 0.5577 0.7127
vn 0.5050 0.4444 0.7400
vn 0.9546 0.2517 -0.1590
vn 0.3508 -0.6569 -0.6674
vn -0.6384 -0.4861 -0.5967
vn -0.6079 -0.2003 -0.7683
vn 0.4014 -0.3103 -0.8617
vn 0.2488 0.9133 0.3225
vn 0.0006 0.9799 0.1995
vn 0.7659 0.5917 -0.2515
vn -0.2428 0.9101 -0.3359
vn -0.0894 -0.9908 -0.1016
vn -0.5461 -0.6452 0.5343
vn -0.6450 -0.5346 0.5460
vn -0.6531 -0.5870 -0.4784
vn -0.1062 0.8417 -0.5294
vn 0.0038 0.8783 -0.4781
vn -0.3568 0.7803 -0.5136
vn -0.2447 0.7941 0.5564
vn 0.2463 -0.8755 0.4157
vn 0.7727 -0.5707 -0.2778
vn 0.9722 -0.2290 0.0479
vn 0.4666 -0.5019 0.7283
vn -0.2337 0.8799 0.4137
vn -0.1254 0.9636 -0.2361
vn 0.0126 0.7141 0.7000
vn 0.4112 0.8762 -0.2515
vn -0.1417 -0.7675 -0.6252
vn 0.4901 -0.6822 -0.5426
vn -0.4214 -0.4797 -0.7696
vn 0.5757 -0.2147 -0.7890
vn -0.7379 0.6358 -0.2265
vn 0.2237 0.9470 -0.2306
vn 0.1637 0.7679 -0.6193
vn -0.5082 0.4883 -0.7095
vn -0.3096 -0.7872 -0.5334
vn 0.0431 -0.9616 -0.2711
vn -0.4202 -0.7194 0.5530
vn -0.8223 -0.5181 -0.2354
vn -0.3442 0.8570 0.3836
vn -0.3268 0.8897 0.3189
vn -0.6437 0.5407 -0.5415
vn -0.6841 0.4854 0.5444
vn 0.8747 -0.4847 -0.0000
vn 0.6980 -0.5363 -0.4746
vn 0.8070 -0.3403 -0.4827
vn 0.0300 0.9004 0.4340
vn 0.3114 0.9503 0.0045
vn 0.2846 0.8291 -0.4812
vn -0.1303 -0.9498 0.2844
vn 0.2902 -0.9569 0.0128
vn -0.5376 -0.8008 0.2641
vn -0.0281 -0.7669 -0.6412
vn -0.5660 0.7669 0.3027
vn -0.3859 0.7072 -0.5924
vn -0.5061 0.5401 -0.6724
vn -0.9221 0.3170 0.2217
vn -0.1604 -0.8805 0.4462
vn 0.1761 -0.5919 0.7866
vn -0.4106 -0.4672 0.7831
vn -0.2244 0.8036 0.5513
vn -0.2046 0.9786 -0.0216
vn -0.6739 0.4710 0.5692
vn 0.6435 0.2301 0.7300
vn 0.8962 0.4380 -0.0703
vn 0.1836 0.9519 -0.2454
vn 0.0774 0.5499 0.8316
vn -0.9128 0.0537 -0.4049
vn -0.9599 -0.2800 0.0121
vn -0.5958 0.2125 0.7745
vn -0.5218 0.8311 -0.1922
vn 0.8754 0.4341 0.2125
vn 0.7500 0.4714 -0.4641
vn 0.3008 0.9121 -0.2786
vn -0.7452 0.4626 -0.4803
vn -0.9717 0.2095 0.1089
vn -0.4336 0.8971 -0.0848
vn 0.6180 -0.7254 -0.3031
vn 0.9252 -0.2748 -0.2618
vn 0.4402 -0.8651 0.2405
vn -0.8905 -0.3088 0.3342
vn -0.8388 -0.4981 -0.2200
vn -0.5639 -0.8152 0.1322
vn 0.8723 -0.4408 0.2116
vn 0.9750 0.1955 -0.1056
vn 0.5118 0.6267 0.5877
vn 0.4938 -0.4141 0.7646
vn -0.7768 0.5857 0.2315
vn -0.9790 0.1674 0.1165
vn -0.6066 -0.5287 0.5937
vn -0.3546 0.5657 0.7445
vn -0.0000 0.9808 -0.1951
vn -0.0000 0.1951 0.9808
vn -0.0000 -0.5556 -0.8315
vn -0.0000 -0.8315 0.5556
vn 0.8483 0.3934 0.3544
vn 0.7794 0.6266 0.0001
vn 0.5315 0.7920 0.3003
vn -0.6985 0.7156 0.0009
vn -0.9238 0.3736 -0.0842
vn -0.5751 0.7036 0.4173
vn 0.6410 -0.1157 -0.7587
vn 0.9422 -0.2394 -0.2345
vn 0.3827 -0.6010 -0.7017
vn -0.8952 -0.4455 -0.0116
vn -0.8821 -0.0700 -0.4659
vn -0.6040 -0.5719 -0.5551
vn 0.7674 -0.4899 -0.4136
vn 0.8719 -0.3885 -0.2982
vn 0.4852 -0.6974 0.5275
vn 0.2404 -0.8262 -0.5095
vn -0.7689 -0.3828 0.5121
vn -0.9933 0.1077 -0.0426
vn -0.6596 -0.5544 -0.5075
vn -0.4623 -0.8419 0.2784
vn 0.6180 -0.6323 0.4671
vn 0.9248 -0.1384 0.3543
vn 0.5776 0.3085 0.7558
vn 0.2669 -0.3996 0.8770
vn -0.8231 0.2888 0.4891
vn -0.9322 0.2323 0.2775
vn -0.5969 -0.6405 0.4832
vn -0.4892 0.1689 0.8556
vn -0.5740 -0.0039 -0.8189
vn -0.0915 0.3412 -0.9355
vn -0.5082 -0.5596 -0.6547
vn -0.4039 -0.4600 0.7907
vn -0.7557 -0.0049 0.6549
vn -0.6656 -0.5689 0.4830
vn 0.2530 -0.5981 -0.7605
vn 0.7336 -0.2984 -0.6106
vn 0.4284 -0.7884 -0.4414
vn 0.5502 -0.2004 0.8106
vn 0.2388 0.3026 0.9227
vn 0.2847 -0.6990 0.6560
vn 0.6533 0.2706 -0.7071
vn 0.6533 0.2706 0.7071
vn 0.8165 -0.0000 -0.5774
vn -0.8165 -0.0000 -0.5774
vn 0.4865 -0.8737 0.0003
vn 0.7102 -0.5790 0.4005
vn 0.1493 -0.9125 0.3807
vn -0.9866 0.1627 0.0102
vn -0.9313 -0.3643 -0.0004
vn -0.7538 -0.4406 0.4875
vn 0.8938 -0.0861 0.4402
vn 0.7608 0.3661 0.5359
vn 0.2288 0.4312 0.8728
vn 0.3298 -0.4724 0.8173
vn -0.9787 0.0310 -0.2030
vn -0.9304 -0.3626 -0.0543
vn -0.7262 -0.4377 0.5301
vn -0.7666 0.4857 0.4201
vn 0.8944 0.4254 0.1381
vn 0.5459 0.8379 0.0005
vn 0.3223 0.8338 0.4482
vn -0.9301 0.3674 -0.0003
vn -0.9337 -0.0252 0.3572
vn -0.7118 0.5428 0.4458
vn 0.2706 0.6533 -0.7071
vn 0.2706 0.6533 0.7071
vn -0.2706 0.6533 -0.7071
vn -0.2706 0.6533 0.7071
vn 0.4680 0.0446 -0.8826
vn -0.4718 0.0446 -0.8806
vn -0.5348 0.4738 -0.6997
vn 0.5485 0.4687 -0.6925
vn 0.4073 0.4318 0.8048
vn -0.3987 0.4173 0.8166
vn 0.5671 0.6719 0.4764
vn -0.5589 0.6704 0.4881
vn 0.1607 -0.6691 -0.7256
vn -0.1702 -0.5869 -0.7916
vn 0.0613 -0.9194 -0.3884
vn -0.8011 -0.4704 -0.3701
vn 0.2829 -0.4038 0.8700
vn -0.4255 0.1833 0.8862
vn -0.6556 -0.1846 0.7322
vn -0.0475 -0.6846 0.7274
vn -0.0634 -0.9037 -0.4234
vn -0.1461 -0.6850 -0.7138
vn 0.8125 -0.4829 -0.3266
vn 0.1887 -0.9813 -0.0388
vn 0.4426 0.1706 0.8803
vn 0.0503 0.0743 0.9960
vn -0.2333 -0.4968 0.8359
vn 0.6810 -0.1899 0.7073
vn 0.0293 0.3337 -0.9422
vn 0.5168 -0.0055 -0.8561
vn 0.4662 -0.5497 -0.6932
vn 0.7453 -0.0038 0.6668
vn 0.3946 -0.4499 0.8012
vn 0.6497 -0.5621 0.5118
vn -0.6932 0.2903 -0.6598
vn -0.4086 -0.1008 -0.9071
vn -0.9218 -0.1557 -0.3551
vn -0.3506 -0.3358 0.8743
vn -0.4941 0.2283 0.8389
vn -0.8529 -0.0349 0.5209
vn -0.7788 0.1657 -0.6050
vn -0.4157 -0.6624 -0.6232
vn -0.5131 -0.8152 -0.2686
vn -0.9996 -0.0030 0.0287
vn -0.0215 0.3651 0.9307
vn 0.1001 0.2143 0.9716
vn -0.6528 0.2859 0.7015
vn -0.1027 -0.6370 0.7640
vn 0.0500 0.2122 0.9760
vn -0.4455 -0.0519 0.8938
vn -0.3568 -0.6880 0.6319
vn 0.5297 -0.4429 0.7234
vn 0.0667 -0.3573 -0.9316
vn 0.4827 -0.5040 -0.7162
vn 0.4741 -0.8398 -0.2646
vn -0.5191 -0.7477 -0.4142
vn -0.5139 0.3453 0.7853
vn -0.6244 0.7050 0.3364
vn -0.8727 0.4737 -0.1185
vn -0.8181 -0.3753 0.4357
vn 0.1793 -0.4567 -0.8714
vn -0.0639 -0.7403 -0.6692
vn -0.6528 -0.6303 -0.4202
vn -0.4394 0.2587 -0.8602
vn -0.0290 0.4303 0.9022
vn 0.0801 0.4416 0.8936
vn 0.5457 0.7948 0.2655
vn -0.5648 0.7755 0.2821
vn 0.4951 -0.1422 -0.8571
vn -0.5213 -0.1033 -0.8471
vn -0.5020 0.4365 -0.7466
vn 0.4877 0.4144 -0.7684
vn 0.6464 0.6782 0.3494
vn 0.6554 -0.2338 0.7182
vn 0.8923 -0.4002 0.2089
vn 0.8715 0.4706 -0.1378
vn -0.1926 -0.3101 -0.9310
vn -0.2194 -0.4342 -0.8737
vn 0.4208 0.2325 -0.8768
vn 0.4170 -0.7839 -0.4600
vn 0.5708 -0.0040 0.8211
vn 0.0303 0.1897 0.9814
vn 0.5244 -0.5502 0.6498
vn 0.3238 -0.3299 -0.8867
vn 0.7508 -0.0044 -0.6605
vn 0.6579 -0.5622 -0.5010
vn -0.4073 -0.5285 0.7448
vn -0.7725 0.1485 0.6175
vn -0.9994 0.0339 -0.0040
vn -0.5142 -0.8138 0.2707
vn 0.1202 0.2165 -0.9688
vn 0.1074 0.2502 -0.9622
vn -0.0998 -0.6529 -0.7509
vn -0.6419 0.2636 -0.7201
vn -0.4293 -0.1351 0.8930
vn -0.6869 0.2872 0.6676
vn -0.9254 -0.1442 0.3504
vn -0.4490 0.2156 -0.8671
vn -0.2994 -0.3518 -0.8869
vn -0.8187 -0.0508 -0.5720
vn -0.3569 -0.0241 0.9338
vn -0.1878 -0.1104 0.9760
vn 0.5562 0.4185 0.7180
vn -0.5436 0.4827 0.6867
vn 0.3305 0.4158 -0.8473
vn 0.2544 0.3888 -0.8855
vn -0.5589 0.6927 -0.4557
vn 0.5561 0.7119 -0.4288
vn 0.4935 -0.3295 0.8049
vn -0.0519 -0.5470 0.8355
vn -0.1044 -0.9694 0.2222
vn 0.8008 -0.4788 0.3599
vn -0.3750 -0.2471 -0.8935
vn -0.2314 0.0420 -0.9720
vn 0.6662 -0.1610 -0.7282
vn -0.0898 -0.7885 -0.6085
vn 0.1599 -0.7645 0.6245
vn 0.0265 -0.5930 0.8047
vn -0.8080 -0.4915 0.3248
vn -0.0098 -0.9999 0.0086
vn -0.3013 0.1972 -0.9329
vn 0.1885 0.0647 -0.9799
vn 0.2547 -0.6713 -0.6961
vn -0.6750 -0.2010 -0.7099
vn 0.0241 -0.3569 0.9338
vn 0.1104 -0.1878 0.9760
vn -0.4185 0.5562 0.7180
vn -0.4826 -0.5436 0.6867
vn -0.4157 0.3305 -0.8473
vn -0.3888 0.2544 -0.8855
vn -0.6927 -0.5589 -0.4557
vn -0.7119 0.5561 -0.4288
vn 0.4150 0.5313 0.7385
vn 0.8400 -0.1674 0.5161
vn 0.9995 -0.0068 -0.0310
vn 0.5173 0.8149 0.2613
vn -0.1978 -0.1347 -0.9709
vn -0.1328 -0.2574 -0.9571
vn 0.0766 0.6478 -0.7580
vn 0.5643 -0.3063 -0.7667
vn 0.5421 0.0589 0.8382
vn 0.5257 0.0558 0.8488
vn 0.4598 -0.7962 0.3932
vn 0.9488 0.1386 0.2839
vn -0.2419 -0.2888 -0.9263
vn 0.2854 0.4135 -0.8646
vn 0.7502 0.0606 -0.6585
vn 0.1637 -0.6671 -0.7267
vn 0.3645 -0.1069 0.9251
vn 0.0040 -0.5703 0.8214
vn 0.5381 -0.5811 0.6106
vn 0.0044 -0.7515 -0.6597
vn -0.2516 -0.2979 -0.9209
vn 0.5649 -0.6345 -0.5276
vn -0.2903 0.6931 0.6598
vn 0.1008 0.4086 0.9072
vn 0.1557 0.9218 0.3551
vn 0.3358 0.3506 -0.8742
vn -0.2283 0.4941 -0.8389
vn 0.0349 0.8529 -0.5209
vn -0.1691 0.7592 0.6285
vn -0.0267 0.5924 0.8052
vn 0.8080 0.4912 0.3254
vn -0.0005 1.0000 0.0043
vn 0.3017 -0.1959 -0.9331
vn -0.1963 -0.0699 -0.9781
vn -0.2611 0.6769 -0.6881
vn 0.6752 0.2022 -0.7094
vn -0.3693 -0.7825 0.5012
vn 0.6097 -0.7926 -0.0062
vn 0.4745 -0.3339 0.8145
vn -0.3565 -0.8170 0.4532
vn -0.3885 0.6264 -0.6758
vn 0.3686 0.9215 -0.1223
vn -0.3766 0.9250 -0.0507
vn -0.3341 0.7591 0.5587
vn -0.4454 -0.8861 0.1282
vn 0.0022 -0.9991 0.0418
vn 0.5409 -0.7828 -0.3077
vn 0.3357 -0.3527 0.8734
vn -0.4139 0.8251 -0.3846
vn -0.3011 0.8944 0.3307
vn 0.6641 0.7460 0.0499
vn 0.2939 0.4687 -0.8330
vn 0.1339 -0.9207 0.3665
vn 0.3582 -0.9279 -0.1030
vn -0.3882 -0.9084 -0.1553
vn 0.5424 -0.7523 -0.3740
vn -0.3842 0.5062 -0.7721
vn 0.4255 0.7423 -0.5177
vn 0.4701 0.1757 -0.8649
vn -0.3695 0.5563 -0.7443
vn -0.3335 -0.4808 0.8109
vn 0.3288 -0.8064 0.4915
vn 0.5853 -0.3863 0.7128
vn -0.3220 -0.2452 0.9144
vn -0.3165 0.8924 -0.3215
vn 0.1244 0.9705 -0.2066
vn -0.3519 0.9166 0.1899
vn -0.1948 0.7190 0.6671
vn -0.3177 -0.9451 0.0762
vn -0.0000 -0.9021 -0.4315
vn -0.2176 -0.5111 -0.8315
vn -0.0003 0.5605 -0.8282
vn 0.3244 0.8504 -0.4142
vn 0.5720 0.4537 -0.6833
vn -0.6168 -0.7277 0.3002
vn -0.2695 -0.9174 0.2927
vn -0.5931 -0.5259 0.6097
vn -0.6215 0.7788 0.0848
vn -0.7113 0.6516 -0.2637
vn -0.8002 0.5905 0.1051
vn 0.0001 -0.7311 0.6823
vn 0.5013 -0.8052 0.3170
vn 0.3383 -0.3125 0.8876
vn -0.0947 0.9933 0.0665
vn -0.0000 0.7824 0.6228
vn 0.5602 0.5741 0.5972
vn 0.5170 -0.8521 -0.0816
vn 0.6099 -0.6104 -0.5054
vn 0.8696 -0.0342 -0.4926
vn 0.7952 -0.2292 0.5614
vn -0.2252 0.9722 0.0637
vn 0.0095 0.8879 0.4600
vn 0.6812 0.5992 0.4206
vn 0.4361 0.6928 -0.5743
vn 0.0654 -0.9949 -0.0763
vn -0.0234 -0.7650 -0.6436
vn 0.5449 -0.5075 -0.6675
vn -0.0235 0.7724 -0.6347
vn 0.5021 0.8210 -0.2717
vn 0.4717 0.4523 -0.7569
vn 0.0234 -0.7688 0.6390
vn 0.4544 -0.8678 0.2011
vn 0.6087 -0.6134 0.5032
vn -0.4299 0.8726 0.2320
vn 0.0234 0.7653 0.6433
vn 0.6093 0.6160 0.4993
vn -0.4382 -0.8424 -0.3136
vn 0.0001 -0.6872 -0.7265
vn 0.5905 -0.5527 -0.5881
vn -0.0002 0.8188 -0.5740
vn 0.4462 0.8830 -0.1458
vn 0.5901 0.6545 -0.4728
vn -0.7004 -0.7137 -0.0000
vn -0.7004 0.7137 -0.0000
vn 0.0001 -0.9250 0.3799
vn 0.5561 -0.8281 0.0712
vn 0.3053 -0.5750 0.7591
vn -0.2029 0.8914 0.4052
vn -0.0001 0.5109 0.8596
vn 0.5799 0.3389 0.7409
vn 0.3109 -0.7961 -0.5191
vn 0.7797 -0.5781 -0.2406
vn 0.6751 -0.6164 0.4053
vn 0.5199 0.7976 0.3059
vn 0.1803 0.5690 0.8023
vn 0.7833 0.3117 0.5379
vn -0.0186 -0.3627 -0.9317
vn -0.0167 0.9529 -0.3027
vn 0.0165 -0.9508 0.3093
vn 0.0187 0.3691 0.9292
vn -0.0001 -0.2990 -0.9543
vn -0.0003 0.9583 -0.2857
vn -0.7038 -0.6581 -0.2677
vn -0.7038 0.6581 0.2674
vn 0.0002 0.1772 0.9842
vn -0.5215 0.3757 0.7661
vn 0.5708 0.1455 0.8081
vn 0.5186 0.8269 -0.2177
vn -0.0002 0.8570 -0.5153
vn 0.5708 0.7055 -0.4201
vn 0.5314 -0.8260 0.1879
vn 0.2379 -0.6761 0.6974
vn -0.3755 -0.8220 0.4281
vn 0.5806 -0.7116 0.3955
vn -0.3494 -0.1072 -0.9308
vn -0.5117 -0.3627 -0.7789
vn 0.5769 -0.1134 -0.8089
vn -0.1852 -0.4776 -0.8588
vn -0.5685 -0.5978 0.5652
vn -0.6524 -0.2472 0.7164
vn -0.8472 -0.3388 0.4093
vn -0.7433 0.2080 -0.6359
vn -0.4979 0.4829 -0.7204
vn -0.6922 -0.1710 -0.7011
vn -0.1751 0.5183 0.8371
vn 0.3697 -0.3305 0.8684
vn -0.3554 -0.5021 0.7884
vn 0.5614 -0.4267 0.7090
vn -0.3713 0.3898 -0.8427
vn 0.5784 0.7167 -0.3895
vn 0.5267 -0.0702 -0.8472
vn -0.3585 0.4436 -0.8214
vn -0.3764 0.0577 0.9247
vn -0.4107 -0.3390 0.8464
vn 0.4206 -0.2055 0.8837
vn -0.3620 0.0017 0.9322
vn 0.5041 0.8482 -0.1625
vn 0.3596 0.7801 -0.5120
vn -0.3676 0.8616 -0.3500
vn 0.2033 0.9783 0.0404
vn -0.1885 0.1550 0.9698
vn -0.7272 -0.6761 0.1183
vn 0.0605 -0.7411 0.6686
vn -0.3813 0.3481 0.8564
vn -0.8553 0.2506 -0.4534
vn -0.4280 -0.0844 -0.8998
vn -0.4940 0.7281 -0.4752
vn 0.0174 -0.3075 -0.9514
vn -0.0135 -0.9327 -0.3604
vn -0.0110 -0.3247 0.9457
vn 0.7762 -0.2093 -0.5948
vn 0.5401 0.2497 0.8037
vn -0.0000 0.3920 -0.9200
vn -0.0001 0.8673 0.4979
vn 0.0109 0.3315 -0.9434
vn 0.0136 0.9302 0.3669
vn -0.7071 -0.2275 -0.6695
vn -0.7071 0.2275 0.6695
vn -0.0001 -0.9353 -0.3538
vn -0.0003 -0.3451 0.9386
vn 0.0344 0.7063 -0.7071
vn 0.0344 0.7063 0.7071
vn -0.0344 -0.7063 -0.7071
vn -0.0344 -0.7063 0.7071
vn -0.0273 0.5571 0.8300
vn 0.3530 0.2506 0.9014
vn 0.3941 0.7770 0.4910
vn -0.0050 0.0097 -0.9999
vn -0.0271 0.5450 -0.8380
vn 0.4544 0.6026 -0.6560
vn 0.3188 0.0627 0.9458
vn 0.7511 -0.0012 0.6602
vn 0.7477 0.5051 0.4311
vn 0.5389 -0.0116 -0.8423
vn 0.1394 0.3747 -0.9166
vn 0.6865 0.4179 -0.5950
vn 0.0001 -0.7536 0.6574
vn 0.0005 -0.5679 -0.8231
vn -0.2434 -0.1009 0.9647
vn 0.0270 -0.5501 0.8347
vn 0.5405 -0.4510 0.7102
vn 0.0274 -0.5529 -0.8328
vn 0.2666 -0.0881 -0.9598
vn 0.5428 -0.4521 -0.7078
vn -0.8014 0.0002 0.5981
vn -0.9934 -0.1041 -0.0477
vn -0.5892 -0.6336 0.5014
vn -0.7520 -0.4401 -0.4908
vn -0.4398 0.0008 -0.8981
vn 0.1128 -0.3962 -0.9112
vn 0.4857 0.8677 0.1059
vn 0.2625 0.4473 0.8550
vn 0.5188 0.7064 0.4815
vn 0.3594 0.3259 0.8744
vn -0.2477 -0.0683 -0.9664
vn 0.0441 0.8934 -0.4471
vn 0.6403 0.3468 -0.6853
vn 0.5187 0.3547 -0.7779
vn -0.1248 -0.0933 0.9878
vn 0.1679 -0.0443 0.9848
vn 0.3623 0.4869 0.7948
vn -0.4926 0.4924 0.7176
vn 0.3090 0.1520 -0.9388
vn -0.3861 0.1141 -0.9154
vn -0.4637 0.5799 -0.6699
vn 0.3903 0.5120 -0.7652
vn 0.7133 0.2902 0.6380
vn 0.5646 0.0272 0.8249
vn 0.8348 -0.4980 0.2345
vn 0.8531 0.4164 0.3144
vn -0.0551 -0.3982 -0.9156
vn -0.1665 0.0605 -0.9842
vn 0.3727 0.3749 -0.8489
vn 0.5563 -0.4226 -0.7155
vn 0.4336 -0.3760 0.8189
vn -0.4604 -0.3564 0.8130
vn -0.3434 -0.8792 0.3304
vn 0.3391 -0.8706 0.3565
vn 0.0727 0.0213 -0.9971
vn -0.0599 -0.0117 -0.9981
vn 0.5095 -0.5434 -0.6672
vn -0.5286 -0.5379 -0.6567
vn -0.5599 0.0401 0.8276
vn -0.6791 0.3870 0.6238
vn -0.8808 0.4546 0.1327
vn -0.8254 -0.5243 0.2092
vn 0.1485 0.0292 -0.9885
vn -0.0055 -0.4296 -0.9030
vn -0.6302 -0.4242 -0.6503
vn -0.4522 0.4768 -0.7538
vn -0.1455 -0.5916 0.7930
vn 0.2255 -0.8532 0.4704
vn 0.4373 -0.3773 0.8164
vn 0.2310 0.9696 -0.0813
vn 0.1858 0.8352 0.5177
vn 0.6437 0.5119 0.5688
vn -0.0403 -0.9888 0.1436
vn 0.5362 -0.8441 0.0016
vn 0.6119 -0.6044 0.5101
vn 0.7388 0.6739 -0.0040
vn 0.3652 0.8209 0.4390
vn 0.7885 0.3723 0.4896
vn -0.6816 -0.5991 -0.4202
vn -0.3972 0.7933 -0.4615
vn 0.3982 -0.7932 0.4608
vn 0.6806 0.5995 0.4211
vn -0.1667 -0.6923 -0.7021
vn 0.1664 0.6922 -0.7023
vn -0.8531 -0.5217 -0.0000
vn -0.5217 0.8531 -0.0000
vn 0.3784 -0.9112 -0.1631
vn 0.6015 -0.7276 0.3299
vn 0.1742 -0.6366 0.7513
vn 0.2541 0.8981 0.3591
vn -0.3392 0.8399 0.4237
vn 0.0104 0.6060 0.7954
vn 0.1390 -0.5898 -0.7955
vn -0.2158 0.8313 -0.5122
vn -0.5274 -0.8496 0.0017
vn -0.1066 -0.8980 0.4269
vn -0.5965 -0.6089 0.5229
vn -0.2764 0.9281 -0.2495
vn -0.7478 0.6640 -0.0035
vn -0.6561 0.5127 0.5539
vn 0.4389 -0.7900 0.4281
vn -0.0582 -0.9186 0.3910
vn 0.6481 -0.3087 0.6961
vn -0.4600 -0.5223 0.7180
vn 0.3797 0.8450 0.3767
vn -0.6392 0.7665 0.0627
vn -0.6095 0.4916 0.6219
vn 0.2738 0.5973 0.7538
vn 0.7073 -0.4526 0.5429
vn 0.8417 -0.5400 -0.0027
vn 0.9378 -0.0187 0.3467
vn 0.3216 0.9469 -0.0007
vn -0.1696 0.9212 -0.3501
vn 0.2697 0.7747 0.5720
vn -0.2503 -0.8981 -0.3616
vn -0.2214 -0.9436 0.2461
vn -0.7125 -0.6944 -0.1011
vn -0.0975 0.9729 -0.2099
vn -0.6046 0.7262 -0.3273
vn -0.8650 0.4771 0.1555
vn -0.0000 0.9896 -0.1438
vn -0.0000 0.1438 0.9896
vn -0.7071 -0.4229 0.5667
vn 0.0768 -0.1405 -0.9871
vn 0.0768 -0.9862 0.1463
vn -0.0768 0.9863 -0.1463
vn -0.0768 0.1405 0.9871
vn -0.0000 -0.1438 -0.9896
vn -0.0000 -0.9896 0.1438
vn 0.7071 -0.4229 0.5667
vn -0.0000 -0.1438 0.9896
vn -0.0000 -0.9896 -0.1438
vn -0.7071 -0.4229 -0.5667
vn 0.0768 0.9863 0.1463
vn 0.0768 0.1405 -0.9871
vn -0.0768 -0.1405 0.9871
vn -0.0768 -0.9862 -0.1463
vn -0.0000 0.9896 0.1438
vn -0.0000 0.1438 -0.9896
vn 0.7071 -0.4229 -0.5667
vn 0.1942 0.2602 0.9458
vn -0.2702 -0.1475 0.9514
vn 0.0912 0.7655 0.6369
vn -0.7073 -0.0211 0.7066
vn 0.2921 0.3844 -0.8757
vn -0.6533 -0.1111 -0.7489
vn -0.7527 0.0095 -0.6583
vn -0.0326 0.7759 -0.6300
vn 0.1565 0.4828 0.8617
vn -0.0337 -0.0676 0.9971
vn 0.5810 -0.5285 0.6189
vn 0.6677 0.5005 0.5512
vn 0.1580 -0.4111 -0.8978
vn 0.0600 -0.3096 -0.9490
vn 0.4969 0.5755 -0.6495
vn 0.6320 -0.5159 -0.5784
vn 0.2140 -0.7505 0.6253
vn -0.7490 -0.6026 0.2754
vn -0.7434 -0.6593 0.1131
vn 0.2472 -0.9658 0.0776
vn 0.4090 0.0178 -0.9124
vn 0.0478 0.2673 -0.9624
vn 0.4164 -0.5180 -0.7472
vn -0.5946 -0.0908 -0.7989
vn 0.3926 0.2842 0.8747
vn -0.1160 -0.6465 0.7540
vn 0.1937 -0.8053 0.5604
vn 0.7777 -0.0652 0.6253
vn 0.5198 0.1888 -0.8332
vn -0.1846 -0.3142 -0.9312
vn 0.7489 0.0812 -0.6577
vn -0.0504 -0.7089 -0.7035
vn -0.3521 0.3727 0.8585
vn -0.6806 0.4022 0.6123
vn -0.9154 -0.1137 0.3861
vn -0.3098 -0.6698 0.6748
vn -0.1838 -0.5239 -0.8317
vn -0.3094 -0.6562 -0.6882
vn -0.5850 -0.5935 -0.5528
vn -0.4328 0.4899 -0.7567
vn 0.4283 0.6408 0.6371
vn -0.4164 0.4025 0.8152
vn 0.4727 0.7809 0.4083
vn -0.6110 0.5472 0.5720
vn 0.4600 0.1303 -0.8783
vn -0.5964 0.3874 -0.7030
vn -0.2232 0.8463 -0.4837
vn 0.4264 0.6386 -0.6406
vn -0.0505 0.6147 0.7871
vn 0.5303 0.5501 0.6451
vn 0.1257 0.9160 0.3809
vn 0.3243 0.3320 -0.8858
vn 0.1244 -0.2389 -0.9631
vn -0.0993 0.7095 -0.6977
vn 0.2362 -0.7982 0.5542
vn 0.2672 -0.3548 0.8959
vn -0.3331 -0.8618 0.3824
vn -0.4169 -0.1756 -0.8919
vn 0.1264 -0.4080 -0.9042
vn -0.2363 -0.7439 -0.6251
vn -0.2193 -0.4707 0.8546
vn -0.0177 -0.2058 0.9784
vn -0.5272 0.5715 0.6288
vn -0.7982 -0.3819 0.4658
vn -0.1309 0.4602 -0.8781
vn 0.0143 0.1728 -0.9849
vn -0.5017 -0.5500 -0.6677
vn -0.5703 0.5495 -0.6105
vn -0.3702 0.5005 0.7826
vn 0.1176 0.7857 0.6073
vn -0.4666 0.7826 0.4121
vn 0.0873 0.5158 -0.8523
vn 0.2581 -0.0697 -0.9636
vn -0.4699 0.5700 -0.6740
vn 0.7646 -0.1970 0.6137
vn 0.5567 -0.1326 -0.8201
vn -0.3221 -0.3327 0.8863
vn 0.2307 -0.0858 0.9692
vn -0.7174 0.0700 0.6931
vn -0.5910 0.0282 -0.8062
vn -0.5304 -0.5495 -0.6455
vn -0.8856 -0.0991 -0.4537
vn -0.1616 -0.1409 -0.9767
vn 0.0675 0.4222 -0.9040
vn 0.5466 0.2945 -0.7839
vn 0.0976 0.6748 0.7315
vn 0.6181 0.4841 0.6193
vn 0.6114 0.5800 0.5383
vn -0.4463 -0.4649 -0.7647
vn 0.0241 -0.6862 -0.7270
vn -0.3372 -0.8291 -0.4460
vn -0.4955 0.0338 0.8680
vn -0.4544 -0.4672 0.7584
vn -0.0575 -0.7566 0.6513
vn 0.6318 0.1990 -0.7492
vn 0.8267 0.3475 -0.4424
vn 0.8772 0.3124 -0.3645
vn 0.5975 -0.6693 -0.4416
vn -0.3308 -0.0897 0.9394
vn 0.0008 -0.4942 0.8693
vn 0.3974 -0.5307 0.7486
vn 0.3482 0.4356 0.8301
vn -0.6295 -0.0016 -0.7770
vn -0.1018 0.1441 -0.9843
vn -0.5762 -0.5221 -0.6288
vn -0.4260 -0.5315 0.7321
vn -0.6278 0.0048 0.7784
vn -0.7158 -0.4738 0.5130
vn -0.3008 -0.8260 -0.4766
vn 0.6683 -0.5636 -0.4855
vn 0.6632 -0.7278 -0.1748
vn -0.2195 -0.9665 -0.1332
vn -0.2932 -0.0395 0.9552
vn 0.2124 0.2097 0.9544
vn -0.4142 -0.4837 0.7711
vn 0.5736 -0.1907 0.7966
vn -0.0101 0.3282 -0.9446
vn 0.4537 0.4694 -0.7575
vn 0.7637 0.0989 -0.6380
vn 0.4441 0.4660 0.7652
vn 0.6682 0.0024 0.7440
vn 0.8140 0.2116 0.5409
vn -0.4071 0.4193 -0.8114
vn -0.5811 -0.1282 -0.8036
vn -0.8236 0.2472 -0.5104
vn -0.0674 0.4943 0.8667
vn -0.5477 0.5616 0.6202
vn -0.8693 0.1084 0.4822
vn 0.1951 -0.4961 -0.8461
vn -0.5020 -0.3526 -0.7897
vn 0.3435 -0.8150 -0.4666
vn -0.7051 -0.5348 -0.4656
vn 0.4388 -0.4133 0.7979
vn -0.5235 -0.0536 0.8503
vn -0.6006 -0.5478 0.5824
vn 0.1465 -0.7875 0.5986
vn 0.4451 -0.5526 -0.7046
vn 0.6290 -0.0016 -0.7774
vn 0.8849 -0.2698 -0.3797
vn 0.6283 0.0048 0.7780
vn 0.2366 0.4131 0.8794
vn 0.5497 -0.5282 0.6472
vn 0.5069 -0.0745 -0.8588
vn 0.5444 -0.5627 -0.6221
vn 0.0810 -0.8704 -0.4857
vn 0.4083 -0.4141 0.8135
vn -0.1419 -0.5773 0.8041
vn 0.2439 -0.8285 0.5041
vn -0.1028 0.6996 -0.7071
vn -0.1028 0.6996 0.7071
vn -0.5948 -0.1586 -0.7881
vn -0.2099 -0.5840 -0.7841
vn -0.6771 -0.5788 -0.4544
vn -0.4164 0.2240 0.8812
vn -0.7162 -0.1911 0.6712
vn -0.4887 -0.6883 0.5361
vn 0.0510 -0.9390 -0.3402
vn 0.0514 0.4308 -0.9010
vn -0.0000 -0.1951 0.9808
vn -0.0000 0.9808 0.1951
vn -0.0510 -0.4234 0.9045
vn -0.0514 0.9417 0.3324
vn 0.6787 0.6785 -0.2811
vn -0.0000 -0.8315 -0.5556
vn -0.0000 0.5556 -0.8315
vn -0.0000 -0.9808 0.1951
vn -0.0000 -0.1951 -0.9808
vn -0.0510 0.3402 0.9390
vn -0.0514 0.9010 -0.4308
vn 0.0510 -0.4234 -0.9045
vn 0.0514 0.9417 -0.3324
vn -0.0000 0.5556 0.8315
vn -0.0000 0.8315 -0.5556
vn 0.0510 -0.9045 0.4234
vn 0.0514 -0.3324 -0.9417
vn -0.0510 -0.9390 0.3402
vn -0.0514 0.4308 0.9010
vn 0.6786 0.6787 0.2811
vn -0.0000 -0.5556 0.8315
vn -0.0510 0.9045 0.4234
vn -0.0514 0.3324 -0.9417
vn -0.0000 -0.9808 -0.1951
vn 0.0510 0.3402 -0.9390
vn 0.0514 0.9010 0.4308
vn -0.6786 0.2811 0.6786
vn -0.0000 0.1951 -0.9808
vn 0.0510 -0.3402 0.9390
vn 0.0514 -0.9010 -0.4308
vn -0.0000 0.8315 0.5556
vn -0.0510 -0.9045 -0.4234
vn -0.0514 -0.3324 0.9417
vn -0.0510 0.9390 -0.3402
vn -0.0514 -0.4308 -0.9010
vn 0.6786 -0.6787 -0.2810
vn 0.0510 0.9045 -0.4234
vn 0.0514 0.3324 0.9417
vn 0.0510 0.4234 0.9045
vn 0.0514 -0.9417 0.3324
vn -0.0510 -0.3402 -0.9390
vn -0.0514 -0.9010 0.4308
vn -0.0510 0.4234 -0.9045
vn -0.0514 -0.9417 -0.3324
vn 0.6787 -0.6785 0.2811
vn 0.0510 0.9390 0.3402
vn 0.0514 -0.4308 0.9010
vn 0.4846 0.5398 0.6883
vn -0.0651 0.7790 0.6236
vn -0.6282 0.5702 0.5295
vn -0.0805 0.3198 -0.9441
vn -0.5764 -0.0036 -0.8172
vn -0.6406 0.2305 -0.7324
vn 0.6498 0.2580 0.7150
vn 0.2902 0.1719 0.9414
vn 0.7312 -0.1145 0.6725
vn 0.1687 -0.5504 -0.8177
vn 0.4824 -0.3308 -0.8111
vn 0.5499 -0.6500 -0.5246
vn 0.2219 -0.1433 0.9645
vn -0.5375 -0.1863 0.8224
vn -0.5743 -0.4146 0.7059
vn 0.3834 -0.5519 0.7406
vn 0.5143 -0.4847 -0.7075
vn 0.1474 -0.4835 -0.8628
vn 0.3502 -0.8314 -0.4315
vn -0.5792 -0.6441 -0.4997
vn 0.0805 -0.3197 0.9441
vn -0.5035 -0.1949 0.8417
vn -0.1862 -0.7586 0.6244
vn 0.3284 -0.3275 -0.8859
vn 0.0646 -0.7830 -0.6186
vn -0.5260 -0.7299 -0.4364
vn -0.5236 0.5642 0.6384
vn -0.4633 0.4479 0.7647
vn -0.7767 0.6294 -0.0230
vn -0.7618 -0.4289 0.4856
vn 0.1613 -0.0044 -0.9869
vn -0.1869 -0.8026 -0.5665
vn -0.7256 -0.5656 -0.3918
vn -0.6286 0.2549 -0.7348
vn -0.3900 0.2508 0.8860
vn 0.0001 0.7257 0.6881
vn -0.4746 0.8421 0.2560
vn -0.0003 0.2996 -0.9541
vn -0.1569 -0.3268 -0.9320
vn -0.5960 0.3866 -0.7038
vn 0.1170 -0.5588 0.8210
vn -0.1171 -0.5588 0.8210
vn -0.4675 -0.8303 0.3034
vn 0.4675 -0.8303 0.3034
vn -0.2934 0.1549 -0.9433
vn 0.2935 0.1549 -0.9433
vn 0.3823 -0.5000 -0.7771
vn -0.3823 -0.5000 -0.7771
vn -0.1253 -0.4579 0.8801
vn -0.5414 -0.1446 0.8283
vn -0.7103 -0.4662 0.5274
vn -0.7537 0.1080 -0.6483
vn -0.3615 0.0428 -0.9314
vn -0.7313 -0.3907 -0.5591
vn -0.0000 0.6447 0.7645
vn -0.0000 0.7645 -0.6447
vn 0.5414 -0.1446 0.8283
vn 0.1254 -0.4580 0.8801
vn 0.7103 -0.4662 0.5274
vn 0.3615 0.0428 -0.9314
vn 0.7537 0.1079 -0.6483
vn 0.7313 -0.3907 -0.5590
vn -0.0005 -0.5112 -0.8594
vn -0.0018 -0.8486 0.5291
vn 0.0689 0.7959 -0.6016
vn 0.1067 0.5876 0.8021
vn -0.6957 0.2509 -0.6731
vn -0.6957 -0.2520 0.6727
vn 0.0004 0.7770 -0.6295
vn -0.0017 0.4267 0.9044
vn -0.1066 -0.5889 -0.8011
vn -0.0690 -0.7949 0.6028
vn 0.7693 0.2179 -0.6005
vn 0.4543 -0.3322 0.8266
vn 0.0004 -0.7746 -0.6325
vn -0.0017 -0.4477 0.8942
vn 0.0865 0.3764 -0.9224
vn 0.0703 0.8186 0.5700
vn -0.6957 -0.2509 -0.6731
vn -0.6955 0.2520 0.6728
vn -0.0000 0.4163 -0.9092
vn -0.0000 0.9092 0.4163
vn -0.0710 -0.8133 -0.5775
vn -0.0867 -0.3746 0.9231
vn 0.7935 -0.2079 -0.5720
vn 0.4888 0.3305 0.8074
vn 0.5099 -0.8489 -0.1394
vn -0.4585 -0.8855 -0.0753
vn -0.3591 -0.6007 -0.7143
vn 0.3208 -0.5767 -0.7514
vn 0.0652 0.9512 -0.3016
vn -0.1802 0.9383 -0.2951
vn 0.5415 0.4718 -0.6958
vn -0.5367 0.4462 -0.7161
vn -0.4920 -0.7966 0.3512
vn -0.5063 -0.6832 0.5262
vn -0.8417 0.0253 0.5394
vn -0.8085 -0.4474 -0.3822
vn 0.1132 0.9845 -0.1342
vn -0.0470 0.6643 -0.7460
vn -0.6488 0.4151 -0.6378
vn -0.5702 0.7965 0.2011
vn -0.3145 -0.7691 0.5564
vn 0.0474 -0.8717 0.4877
vn 0.5366 -0.2513 0.8055
vn -0.4594 -0.0723 0.8853
vn 0.5059 0.8495 -0.1500
vn -0.1978 0.8833 -0.4251
vn -0.5175 0.8061 0.2871
vn 0.4815 0.7921 0.3751
vn 0.6573 -0.3265 0.6792
vn 0.5222 -0.7317 0.4380
vn 0.8006 -0.4474 -0.3985
vn 0.8775 0.1198 0.4644
vn 0.0630 0.6118 -0.7885
vn -0.2218 0.8566 -0.4658
vn 0.3893 0.8932 0.2248
vn 0.6377 0.4374 -0.6340
vn -0.6522 0.4116 0.6365
vn -0.4733 0.3053 -0.8263
vn 0.6570 -0.0008 0.7539
vn 0.3097 -0.4897 0.8150
vn 0.8506 -0.3785 0.3649
vn 0.1178 0.1690 -0.9785
vn 0.6488 0.0028 -0.7609
vn 0.6050 -0.5471 -0.5784
vn -0.2138 -0.2904 0.9327
vn -0.1861 -0.7595 0.6233
vn 0.3958 -0.8121 0.4287
vn -0.1145 -0.4496 -0.8859
vn 0.4286 -0.1967 -0.8818
vn 0.2625 -0.7688 -0.5831
vn 0.4777 -0.3031 0.8246
vn 0.6506 -0.4133 -0.6372
vn -0.7955 0.0022 0.6060
vn -0.5582 0.0100 -0.8297
vn -0.1657 0.6874 0.7071
vn -0.1657 0.6874 -0.7071
vn 0.2979 0.7820 0.5475
vn 0.6104 0.6378 -0.4696
vn -0.0180 0.8838 -0.4675
vn -0.0615 0.9123 0.4049
vn -0.9633 -0.2618 -0.0587
vn -0.9477 -0.1947 -0.2528
vn -0.7907 0.2792 0.5448
vn -0.7061 0.4360 -0.5580
vn 0.9630 0.2331 -0.1352
vn 0.7103 0.1688 -0.6833
vn 0.4234 0.6918 -0.5850
vn -0.8029 0.1399 -0.5794
vn -0.8609 0.5032 -0.0749
vn -0.4848 0.6327 -0.6039
vn 0.7739 -0.6334 0.0004
vn 0.8806 -0.3321 0.3380
vn 0.5201 -0.7918 0.3202
vn -0.9567 -0.2884 -0.0399
vn -0.7319 -0.6814 -0.0004
vn -0.6014 -0.6744 0.4283
vn 0.8809 0.1420 0.4516
vn 0.9541 0.0518 0.2948
vn 0.5119 0.6678 0.5405
vn 0.4585 -0.2479 0.8534
vn -0.7666 0.6157 0.1819
vn -0.9497 -0.2828 0.1347
vn -0.7277 -0.2135 0.6518
vn -0.6203 0.5476 0.5616
vn -0.5985 0.3765 -0.7071
vn -0.5985 0.3765 0.7071
vn -0.1657 -0.6874 -0.7071
vn -0.1657 -0.6874 0.7071
vn 0.5985 -0.3765 -0.7071
vn 0.5985 -0.3765 0.7071
vn -0.6795 0.0715 -0.7302
vn -0.6795 0.3139 0.6631
vn -0.0000 -0.8179 -0.5754
vn -0.0000 -0.5754 0.8179
vn 0.6969 -0.2389 -0.6762
vn 0.6969 0.0035 0.7171
vn 0.6795 -0.3140 -0.6631
vn 0.6795 -0.0715 0.7302
vn -0.0000 0.5754 -0.8179
vn -0.0000 0.8179 0.5754
vn -0.6969 -0.2389 -0.6762
vn -0.6969 0.0035 0.7171
vn 0.6795 0.0715 0.7302
vn 0.6795 0.3139 -0.6631
vn -0.0000 -0.8178 0.5754
vn -0.0000 -0.5754 -0.8179
vn -0.6969 -0.2389 0.6762
vn -0.6969 0.0035 -0.7171
vn -0.6795 -0.3139 0.6631
vn -0.6795 -0.0715 -0.7302
vn -0.0000 0.5754 0.8179
vn -0.0000 0.8179 -0.5754
vn 0.6969 -0.2389 0.6762
vn 0.6969 0.0035 -0.7171
vn -0.0005 0.2495 -0.9684
vn -0.0018 0.9635 0.2676
vn -0.6961 -0.4299 -0.5751
vn -0.7382 -0.1231 -0.6633
vn -0.4380 -0.4933 -0.7516
vn -0.8823 0.2104 0.4211
vn -0.7001 0.4280 0.5715
vn -0.7796 0.5554 0.2892
vn 0.0168 -0.9979 0.0623
vn 0.0705 -0.9698 -0.2336
vn 0.3697 -0.9256 -0.0808
vn 0.0777 -0.1224 0.9894
vn 0.3820 -0.2187 0.8979
vn 0.1118 0.1844 0.9765
vn -0.0770 0.1327 -0.9882
vn 0.0799 0.4033 -0.9116
vn 0.0970 -0.1347 -0.9861
vn -0.2422 0.9699 -0.0255
vn -0.0714 0.9672 0.2439
vn 0.0784 0.9961 -0.0396
vn -0.1521 -0.9552 0.2541
vn 0.0472 -0.9547 0.2939
vn -0.2987 -0.9519 0.0680
vn 0.1699 -0.9547 0.2443
vn -0.2776 -0.1127 0.9541
vn 0.1735 -0.2202 0.9599
vn 0.1496 0.3220 0.9349
vn -0.0803 0.3473 0.9343
vn 0.7933 -0.0985 -0.6009
vn 0.7472 -0.3937 -0.5354
vn 0.4904 -0.4601 -0.7401
vn 0.5638 0.5046 0.6539
vn 0.7950 0.3173 0.5170
vn 0.6403 0.6602 0.3927
vn -0.3356 -0.7588 0.5582
vn -0.1120 -0.7520 0.6496
vn -0.5161 -0.8534 -0.0728
vn 0.5612 -0.8211 0.1041
vn -0.4266 0.4721 -0.7714
vn 0.3628 0.5495 -0.7526
vn 0.5603 0.0952 -0.8228
vn -0.4777 -0.1437 -0.8667
vn -0.5316 -0.7781 0.3346
vn -0.5889 0.1210 0.7991
vn -0.9197 0.2433 0.3081
vn -0.8670 -0.4804 -0.1326
vn 0.1906 0.3239 -0.9267
vn 0.2207 0.5807 -0.7836
vn -0.4283 0.0002 -0.9036
vn -0.3330 0.9044 -0.2668
vn 0.2022 -0.5417 0.8159
vn 0.3757 -0.4787 0.7936
vn 0.6110 -0.0356 0.7908
vn -0.5452 0.1044 0.8318
vn -0.3350 0.5678 -0.7519
vn -0.5402 0.6896 -0.4824
vn -0.3653 0.9299 -0.0426
vn 0.6025 0.6879 -0.4046
vn 0.0787 -0.5456 0.8344
vn -0.5551 -0.5876 0.5887
vn -0.6147 -0.7026 0.3586
vn 0.5077 -0.8490 0.1465
vn 0.4912 0.2133 -0.8445
vn 0.4153 0.3524 -0.8387
vn 0.4084 -0.2726 -0.8711
vn -0.6270 0.0758 -0.7753
vn 0.5266 0.0202 0.8499
vn 0.0062 -0.1070 0.9942
vn 0.3877 0.3671 0.8455
vn -0.5771 0.2475 0.7783
vn 0.2899 0.6844 -0.6690
vn -0.5360 0.6134 -0.5801
vn -0.5720 0.7401 -0.3537
vn 0.3042 0.9334 -0.1902
vn 0.3855 -0.2645 0.8840
vn 0.3316 -0.8328 0.4432
vn 0.7632 -0.6460 0.0115
vn 0.8051 -0.0830 0.5873
vn -0.0216 0.6368 -0.7707
vn 0.2121 0.6023 -0.7696
vn 0.5772 0.7637 -0.2892
vn 0.6068 -0.0228 -0.7945
vn 0.1869 0.6846 0.7045
vn 0.0305 0.1246 0.9917
vn 0.0597 0.8513 0.5213
vn -0.7663 0.1564 0.6231
vn 0.2237 0.1782 -0.9582
vn -0.7016 0.0723 -0.7089
vn -0.7486 0.3061 -0.5881
vn 0.1952 0.7552 -0.6258
vn 0.4307 0.2872 0.8556
vn 0.5054 0.4701 0.7236
vn 0.6793 -0.5439 0.4928
vn 0.7590 0.5562 0.3385
vn 0.4022 -0.5486 -0.7330
vn -0.1273 0.0436 -0.9909
vn 0.5303 0.5233 -0.6670
vn 0.8657 -0.1597 -0.4745
vn 0.5480 -0.3871 0.7415
vn -0.5532 -0.3651 0.7487
vn -0.4751 -0.6101 0.6341
vn 0.1959 -0.8362 0.5123
vn 0.5347 -0.6733 -0.5108
vn -0.4580 -0.5662 -0.6853
vn 0.5514 -0.7139 -0.4316
vn -0.5511 -0.7267 -0.4100
vn 0.2456 0.1230 0.9615
vn -0.2506 -0.6619 0.7065
vn 0.0769 -0.8432 0.5321
vn 0.7576 -0.1372 0.6382
vn 0.6272 -0.0997 -0.7724
vn -0.0297 -0.1590 -0.9868
vn 0.7839 -0.2288 -0.5772
vn -0.2053 -0.7627 -0.6133
vn -0.5561 0.5160 0.6515
vn -0.3724 0.1740 0.9116
vn -0.7633 0.5670 0.3096
vn -0.6858 -0.5414 0.4864
vn 0.0988 0.2993 -0.9490
vn -0.3592 -0.5466 -0.7564
vn -0.7490 -0.3536 -0.5603
vn -0.6254 0.4842 -0.6119
vn -0.3587 0.1068 0.9273
vn -0.0795 0.0333 0.9963
vn 0.5580 0.5539 0.6179
vn -0.4537 0.7674 0.4531
vn 0.2755 0.0754 -0.9583
vn -0.1769 0.0238 -0.9839
vn -0.5536 0.6149 -0.5616
vn 0.5524 0.5636 -0.6142
vn 0.3120 -0.0907 0.9458
vn -0.3533 -0.1014 0.9300
vn -0.4591 -0.7614 0.4578
vn 0.5357 -0.6175 0.5760
vn -0.1813 -0.0309 -0.9829
vn -0.1157 -0.0375 -0.9926
vn 0.5614 -0.5350 -0.6313
vn -0.5478 -0.6254 -0.5557
vn -0.3742 -0.1805 0.9096
vn -0.5618 -0.5222 0.6416
vn -0.6847 0.5435 0.4856
vn -0.7669 -0.5655 0.3033
vn -0.3579 0.5483 -0.7558
vn 0.1033 -0.2943 -0.9501
vn -0.6191 -0.4886 -0.6148
vn -0.7299 0.3780 -0.5695
vn -0.2017 0.6901 0.6951
vn -0.0863 0.0635 0.9942
vn 0.7585 0.0591 0.6490
vn 0.1135 0.8427 0.5262
vn 0.3232 -0.0631 -0.9442
vn 0.6249 0.0373 -0.7798
vn -0.1725 0.7546 -0.6331
vn 0.8020 0.2105 -0.5590
vn 0.2178 -0.3546 0.9093
vn 0.1592 -0.6677 0.7272
vn -0.7633 -0.0828 0.6407
vn -0.0602 -0.8715 0.4867
vn -0.7161 -0.0346 -0.6972
vn -0.0817 0.0601 -0.9948
vn 0.1819 -0.7400 -0.6476
vn -0.7737 -0.2938 -0.5614
vn -0.5390 0.2493 0.8046
vn -0.0969 -0.2938 0.9509
vn 0.5358 0.2507 0.8062
vn -0.4693 0.5364 0.7015
vn 0.5589 0.6698 -0.4890
vn 0.5275 0.6063 -0.5950
vn -0.5598 0.6733 -0.4831
vn 0.5210 0.7635 -0.3815
vn 0.7155 0.5639 0.4124
vn 0.4427 0.0987 0.8912
vn 0.7485 -0.5650 0.3471
vn 0.7906 0.5285 0.3093
vn -0.1789 -0.3576 -0.9166
vn -0.3056 -0.1259 -0.9438
vn 0.2357 0.5271 -0.8164
vn 0.4812 -0.5192 -0.7063
vn 0.3904 -0.6120 -0.6878
vn -0.1229 -0.3689 -0.9213
vn 0.8278 -0.2062 -0.5217
vn 0.4709 0.1020 0.8763
vn 0.3107 -0.4996 0.8086
vn 0.7922 -0.2164 0.5706
vn 0.4629 0.2397 -0.8534
vn 0.0014 0.6495 -0.7604
vn 0.5526 0.6658 -0.5013
vn -0.0040 0.6537 0.7568
vn -0.3220 0.1504 0.9347
vn 0.5781 0.5630 0.5907
vn 0.3243 0.4478 -0.8333
vn -0.3132 0.4947 -0.8107
vn -0.0370 0.8868 -0.4606
vn -0.3899 0.6126 0.6875
vn -0.3669 0.0484 0.9290
vn 0.1609 0.8398 0.5185
vn 0.0057 -0.4467 -0.8946
vn -0.0998 0.1640 -0.9814
vn 0.5105 -0.3841 -0.7693
vn 0.5525 -0.5686 0.6094
vn -0.0014 -0.6880 0.7257
vn 0.5273 -0.6809 0.5083
vn 0.7176 -0.5621 -0.4112
vn 0.4499 -0.2735 -0.8502
vn 0.7257 0.5909 -0.3525
vn 0.7913 -0.5271 -0.3100
vn -0.0795 0.4879 0.8692
vn -0.3048 0.1276 0.9438
vn 0.2349 -0.5235 0.8190
vn 0.5417 0.5068 0.6706
vn -0.4189 0.5697 -0.7071
vn -0.4189 0.5697 0.7071
vn 0.0014 -0.6511 -0.7590
vn 0.1291 -0.0744 -0.9888
vn 0.5417 -0.6756 -0.5002
vn 0.4766 -0.2555 0.8412
vn -0.0041 -0.6486 0.7612
vn 0.5138 -0.7280 0.4538
vn 0.4643 -0.4545 -0.7601
vn 0.7960 0.0033 -0.6052
vn 0.8022 -0.5403 -0.2542
vn 0.5307 0.0157 0.8474
vn -0.0954 0.0024 0.9954
vn 0.5739 -0.5290 0.6252
vn 0.4189 -0.5697 -0.7071
vn 0.4189 -0.5697 0.7071
vn -0.0000 -0.5774 0.8165
vn -0.0000 -0.5774 -0.8165
vn -0.7961 0.0039 0.6052
vn -0.5283 0.0187 -0.8489
vn 0.4434 0.5868 0.6776
vn 0.3426 0.4669 -0.8153
vn -0.3457 -0.4614 0.8170
vn -0.4424 -0.5877 -0.6774
vn 0.7983 0.0039 0.6023
vn 0.5383 0.0189 -0.8425
vn -0.6004 0.5502 -0.5804
vn -0.4584 0.5159 -0.7237
vn -0.5951 -0.5513 -0.5848
vn -0.6896 0.5341 -0.4891
vn -0.2590 -0.5451 0.7973
vn 0.2768 -0.1335 0.9516
vn -0.2734 0.5138 0.8132
vn -0.6481 -0.4063 0.6441
vn -0.1915 -0.6952 -0.6929
vn 0.3218 -0.4312 -0.8429
vn 0.1197 -0.8410 -0.5277
vn 0.4748 -0.6383 0.6059
vn 0.7255 -0.1417 0.6734
vn -0.0632 -0.8611 0.5046
vn -0.0069 0.4468 -0.8946
vn 0.0985 -0.1639 -0.9815
vn -0.5110 0.3841 -0.7690
vn -0.5520 0.5676 0.6108
vn 0.0017 0.6878 0.7259
vn -0.5268 0.6809 0.5088
vn -0.4776 0.6345 -0.6077
vn 0.0657 0.7888 -0.6112
vn -0.8432 0.1875 -0.5039
vn -0.7152 0.0244 0.6985
vn -0.3168 0.4369 0.8419
vn -0.7773 0.2906 0.5580
vn -0.5702 -0.4428 -0.6919
vn -0.0045 -0.5424 -0.8401
vn -0.4517 -0.7042 -0.5478
vn -0.0071 -0.7776 0.6288
vn 0.5237 -0.5756 0.6280
vn -0.5640 -0.6357 0.5271
vn -0.3522 -0.8003 0.4853
vn 0.4824 -0.6794 0.5529
vn 0.3489 -0.0625 0.9351
vn -0.5505 -0.4228 0.7198
vn -0.0980 0.9496 -0.2976
vn 0.3268 0.9254 -0.1921
vn -0.5507 0.7985 0.2432
vn 0.5507 0.7628 0.3387
vn 0.5003 -0.8471 0.1791
vn 0.5210 -0.7631 0.3825
vn 0.7921 -0.4241 -0.4390
vn 0.7984 -0.0872 0.5958
vn 0.0893 0.7020 -0.7066
vn 0.0329 0.9803 0.1950
vn 0.6638 0.7075 0.2424
vn 0.6549 0.4932 -0.5725
vn 0.4548 -0.8809 -0.1310
vn 0.3118 -0.9455 0.0936
vn -0.5947 -0.7630 -0.2532
vn 0.2556 -0.6242 -0.7383
vn -0.3590 0.8781 -0.3162
vn -0.1954 0.9448 -0.2631
vn 0.4836 0.4828 -0.7301
vn -0.5926 0.5499 -0.5886
vn -0.4328 -0.7524 0.4966
vn -0.3893 -0.8184 0.4227
vn 0.5873 -0.5567 0.5876
vn -0.2909 -0.2029 0.9350
vn 0.4440 0.8932 -0.0710
vn 0.1247 0.9651 -0.2304
vn -0.4804 0.7639 0.4309
vn 0.5938 0.7621 0.2581
vn 0.4256 -0.9016 -0.0767
vn -0.4850 -0.8651 -0.1276
vn -0.3455 -0.5372 -0.7695
vn 0.5480 -0.7344 -0.4004
vn 0.0995 0.9722 -0.2120
vn -0.4046 0.8500 -0.3373
vn 0.5472 0.5799 -0.6036
vn -0.5533 0.4984 -0.6674
vn -0.5084 -0.8060 0.3031
vn -0.5202 -0.8403 0.1527
vn -0.8013 -0.0958 0.5905
vn -0.8018 -0.3878 -0.4546
vn -0.0491 0.9824 0.1803
vn -0.0490 0.7215 -0.6907
vn -0.6710 0.4633 -0.5789
vn -0.6602 0.7136 0.2344
vn 0.3410 -0.9384 -0.0554
vn 0.0752 -0.9857 -0.1507
vn 0.5198 -0.6991 0.4909
vn -0.5598 -0.7492 0.3541
vn 0.4665 0.7653 0.4436
vn -0.3645 0.8654 0.3437
vn -0.5584 0.5269 0.6408
vn 0.4795 0.3453 0.8067
vn 0.6143 -0.7425 0.2670
vn 0.9072 -0.1505 0.3928
vn 0.5128 -0.8538 0.0893
vn 0.8725 -0.2592 0.4141
vn 0.8716 0.4627 0.1620
vn -0.1267 0.9641 0.2335
vn 0.4875 0.5275 0.6957
vn 0.4011 0.5302 0.7470
vn -0.1637 -0.0405 -0.9857
vn -0.3808 -0.8351 -0.3970
vn -0.6048 -0.4728 -0.6409
vn -0.6327 -0.5044 -0.5875
vn 0.3258 0.9412 0.0896
vn -0.4654 0.6020 -0.6489
vn -0.3624 0.9192 0.1543
vn -0.6045 0.7565 -0.2495
vn -0.0843 -0.9768 -0.1971
vn -0.1059 -0.5760 0.8106
vn -0.4377 -0.8989 0.0208
vn -0.4769 -0.7128 0.5143
vn 0.2446 0.0406 0.9688
vn -0.4151 0.7649 0.4926
vn -0.4191 0.2716 0.8664
vn -0.4091 0.2165 0.8865
vn 0.1581 0.1955 -0.9679
vn -0.0730 -0.0808 -0.9941
vn 0.2852 -0.2262 -0.9314
vn -0.4799 -0.0274 -0.8769
vn 0.2935 0.8643 -0.4085
vn -0.1916 0.6075 -0.7709
vn -0.4618 0.8850 0.0584
vn 0.0577 0.9983 -0.0045
vn -0.8003 -0.5806 0.1498
vn -0.4552 -0.8719 0.1802
vn -0.8211 -0.4077 0.3995
vn -0.5526 -0.8105 -0.1942
vn 0.0482 0.9676 0.2479
vn -0.7573 0.6482 0.0792
vn -0.6500 0.6131 0.4491
vn -0.5843 0.4746 0.6583
vn 0.7592 -0.5267 0.3824
vn 0.6391 -0.3482 -0.6858
vn 0.8813 0.1420 -0.4507
vn 0.9155 -0.1471 0.3745
vn -0.2066 0.8718 0.4441
vn -0.1089 0.9901 0.0889
vn 0.3199 0.4953 0.8077
vn 0.4248 0.8729 -0.2398
vn 0.0615 -0.8148 -0.5764
vn 0.0004 -0.3198 -0.9475
vn 0.5294 -0.1289 -0.8385
vn -0.0005 0.9867 -0.1624
vn 0.4993 0.8541 0.1458
vn 0.4844 0.7662 -0.4222
vn 0.0004 -0.8985 0.4390
vn -0.1640 -0.9772 -0.1352
vn 0.5342 -0.7595 0.3711
vn 0.5560 0.4729 0.6835
vn -0.0002 0.5685 0.8227
vn 0.4275 0.1861 0.8847
vn 0.0003 -0.9567 -0.2911
vn 0.5429 -0.7076 -0.4523
vn 0.3040 -0.9319 0.1979
vn -0.1976 0.4352 0.8784
vn -0.0010 -0.1273 0.9919
vn 0.5550 -0.1881 0.8103
vn 0.3119 -0.2191 -0.9245
vn 0.7669 -0.2427 -0.5940
vn 0.6794 -0.7114 -0.1799
vn 0.4999 0.3459 0.7940
vn 0.1819 -0.1575 0.9706
vn 0.7403 -0.1556 0.6540
vn 0.2717 -0.6138 0.7413
vn 0.5470 -0.5010 0.6707
vn 0.4418 -0.0343 0.8965
vn -0.3503 -0.4028 0.8456
vn -0.1879 0.9659 -0.1782
vn -0.3176 0.9216 0.2231
vn -0.3308 0.8189 0.4691
vn 0.5682 0.7315 0.3769
vn 0.2447 -0.9682 -0.0513
vn 0.7710 -0.6369 0.0005
vn 0.6957 -0.4709 0.5425
vn 0.5109 0.8597 -0.0000
vn 0.2824 0.7875 0.5478
vn 0.7036 0.5371 0.4652
vn -0.2492 -0.8611 -0.4432
vn -0.4507 -0.8809 -0.1444
vn -0.5690 -0.7425 -0.3534
vn -0.0328 0.7854 -0.6182
vn -0.3666 0.6632 -0.6525
vn -0.6526 0.6127 -0.4457
vn 0.3828 -0.8546 0.3509
vn 0.3666 -0.6633 0.6525
vn 0.0526 -0.5917 0.8044
vn 0.2495 0.8612 0.4428
vn -0.1113 0.8776 0.4664
vn 0.0361 0.7255 0.6873
vn -0.0000 -0.7514 -0.6598
vn -0.0000 0.7514 -0.6598
vn -0.7994 -0.6008 0.0003
vn -0.6635 -0.6701 0.3327
vn -0.8674 -0.4094 0.2828
vn -0.1908 0.9619 -0.1958
vn -0.4802 0.8772 -0.0006
vn -0.4779 0.8071 0.3468
vn -0.4250 0.7245 -0.5427
vn 0.0658 0.9913 -0.1143
vn -0.3219 0.7615 -0.5626
vn -0.3611 0.7533 -0.5496
vn 0.7880 0.3187 -0.5267
vn 0.9339 0.0977 0.3438
vn 0.8269 -0.0045 -0.5623
vn 0.9032 -0.3822 -0.1955
vn -0.6343 0.0147 0.7729
vn -0.9323 0.2868 0.2204
vn -0.6751 0.0197 0.7374
vn -0.9209 0.3679 0.1285
vn 0.7562 -0.6492 0.0817
vn 0.4954 -0.2099 0.8429
vn 0.3410 -0.7290 0.5935
vn 0.3414 -0.7860 0.5154
vn -0.9862 0.0889 0.1397
vn -0.8517 -0.2558 0.4574
vn -0.8353 -0.3022 -0.4593
vn -0.7986 -0.4217 0.4295
vn 0.4035 -0.7914 -0.4591
vn 0.7390 -0.6242 0.2535
vn 0.1869 -0.9153 0.3568
vn 0.3389 -0.8226 -0.4567
vn -0.8536 -0.5103 -0.1050
vn -0.8772 0.2276 0.4228
vn -0.9179 -0.1542 -0.3656
vn -0.9379 0.3011 -0.1725
vn 0.3271 -0.8750 -0.3569
vn 0.0155 -0.9238 0.3825
vn -0.0155 -0.9946 -0.1025
vn -0.0104 -0.9978 -0.0657
vn -0.8501 -0.0099 -0.5265
vn -0.7836 -0.0362 -0.6202
vn -0.8651 0.4837 -0.1327
vn -0.5268 0.0695 -0.8471
vn 0.2791 -0.0276 -0.9599
vn 0.8684 -0.1330 -0.4777
vn 0.2472 -0.7246 -0.6434
vn 0.1306 -0.5647 -0.8149
vn 0.3031 0.9456 -0.1183
vn 0.2855 0.9308 0.2283
vn 0.2577 0.9300 -0.2620
vn 0.1131 0.8950 0.4315
vn 0.9116 0.3063 -0.2743
vn 0.8942 0.0746 0.4414
vn 0.8228 -0.5621 0.0834
vn 0.8328 -0.5068 -0.2228
vn -0.2997 0.7933 0.5299
vn -0.6131 0.7900 0.0004
vn -0.8724 0.3666 0.3232
vn -0.7024 -0.7118 -0.0020
vn -0.1723 -0.9699 -0.1719
vn -0.6451 -0.5220 0.5580
vn 0.7549 0.5598 -0.3416
vn 0.3547 -0.9002 -0.2525
vn 0.1037 0.6862 0.7200
vn 0.2719 0.9307 0.2445
vn -0.5250 0.5535 0.6465
vn -0.6276 -0.7673 0.1316
vn -0.1247 -0.8757 0.4664
vn -0.4845 -0.4832 0.7292
vn -0.3584 0.8994 0.2504
vn -0.7528 -0.5620 0.3426
vn 0.1031 0.7015 -0.7052
vn -0.1030 -0.7014 -0.7053
vn 0.8787 0.4774 -0.0011
vn 0.3945 -0.9189 -0.0057
vn -0.2122 0.8044 0.5549
vn -0.7310 0.5998 0.3254
vn -0.4082 0.4273 0.8067
vn -0.4274 -0.8604 0.2774
vn -0.1209 -0.9631 -0.2403
vn -0.1273 -0.6501 0.7491
vn -0.1031 0.7015 -0.7052
vn 0.1030 -0.7015 -0.7052
vn 0.5777 0.8163 0.0007
vn 0.0722 0.9461 -0.3157
vn 0.5112 0.6442 0.5688
vn 0.3560 -0.8193 0.4495
vn 0.7354 -0.6776 -0.0008
vn 0.6791 -0.4721 0.5621
vn -0.0189 0.9807 -0.1948
vn -0.5946 0.8040 0.0023
vn -0.4150 0.7609 0.4987
vn -0.5209 -0.8536 -0.0021
vn -0.5090 -0.6563 0.5570
vn -0.7045 -0.5520 0.4460
vn 0.4251 0.8613 -0.2784
vn -0.1472 0.9868 -0.0678
vn 0.6953 0.6872 0.2104
vn 0.6326 -0.7315 0.2545
vn 0.7312 -0.5996 -0.3254
vn 0.9403 -0.3017 0.1577
vn 0.3640 0.7192 0.5918
vn -0.5842 0.1915 0.7887
vn -0.4922 0.0390 0.8696
vn 0.5083 0.2436 0.8260
vn 0.4176 -0.8740 -0.2484
vn 0.0337 -0.9576 -0.2862
vn 0.6880 -0.6418 0.3388
vn -0.3850 -0.9150 0.1205
vn -0.3234 0.6706 -0.6676
vn 0.0012 0.9594 -0.2822
vn 0.5412 0.8184 -0.1933
vn -0.0012 0.1767 0.9843
vn 0.4855 -0.1056 0.8678
vn 0.5140 0.3312 0.7913
vn -0.6719 0.2833 -0.6843
vn -0.7838 0.4942 -0.3760
vn -0.3520 0.4615 -0.8143
vn -0.8951 -0.2883 0.3402
vn -0.6889 -0.2782 0.6693
vn -0.8208 0.0742 0.5664
vn 0.5123 -0.5908 -0.6233
vn 0.6720 0.2669 -0.6908
vn 0.8819 -0.0824 -0.4642
vn 0.7850 -0.2520 -0.5660
vn -0.1852 -0.6464 0.7402
vn 0.6944 -0.5571 0.4555
vn 0.2362 -0.4505 0.8610
vn 0.7417 -0.2773 0.6107
vn -0.1994 0.2757 -0.9403
vn -0.2430 0.9218 -0.3020
vn -0.0501 0.6002 -0.7983
vn 0.0609 0.9477 -0.3132
vn -0.7178 0.4196 0.5556
vn 0.0713 0.3210 0.9444
vn -0.0944 0.6617 0.7438
vn -0.3696 0.6150 0.6966
vn -0.1435 -0.7375 -0.6600
vn 0.3279 0.0217 -0.9445
vn 0.4316 -0.6653 -0.6092
vn 0.2744 -0.6685 -0.6912
vn 0.1909 -0.3807 0.9048
vn 0.2939 -0.8912 0.3456
vn 0.1236 -0.5405 0.8322
vn 0.5041 -0.7957 0.3359
vn 0.5203 0.1157 -0.8461
vn 0.6258 0.6829 -0.3769
vn 0.8292 0.5590 -0.0025
vn 0.8443 -0.3921 -0.3653
vn -0.0923 -0.6079 0.7886
vn -0.0980 -0.6002 0.7938
vn 0.5746 -0.6972 0.4287
vn 0.3991 0.2263 0.8885
vn 0.1247 0.9652 -0.2298
vn -0.3559 0.9327 0.0582
vn -0.0374 0.8658 0.4990
vn -0.4792 -0.4253 0.7678
vn -0.0951 -0.7965 0.5971
vn -0.0566 -0.1528 0.9866
vn 0.0009 0.2556 -0.9668
vn 0.5264 0.3974 -0.7517
vn 0.3095 -0.2109 -0.9272
vn -0.2077 -0.8981 0.3876
vn -0.0030 -0.9892 -0.1464
vn 0.5362 -0.8212 -0.1952
vn 0.4839 0.8520 -0.1997
vn 0.5017 0.8327 -0.2346
vn 0.7939 0.4851 0.3666
vn 0.7807 0.0864 -0.6190
vn -0.1311 -0.8415 0.5241
vn 0.1376 -0.9805 -0.1407
vn 0.6748 -0.7248 -0.1388
vn 0.4860 -0.4660 0.7394
vn 0.1172 0.9753 -0.1874
vn -0.1402 0.9690 -0.2036
vn -0.5013 0.7199 0.4801
vn 0.5215 0.7498 0.4071
vn -0.4109 -0.8125 0.4136
vn 0.1109 -0.9435 0.3122
vn 0.5211 -0.4596 0.7192
vn -0.4801 -0.3451 0.8065
vn -0.4578 0.8871 0.0586
vn -0.7740 0.5839 -0.2448
vn -0.8178 0.4632 0.3416
vn -0.4972 -0.8063 0.3204
vn 0.0769 -0.9190 0.3868
vn -0.5566 -0.4309 0.7103
vn 0.4776 0.4247 -0.7691
vn 0.2644 0.8468 -0.4616
vn 0.8478 0.3785 -0.3715
vn 0.0875 -0.8990 0.4290
vn 0.3551 -0.9329 -0.0594
vn 0.7496 -0.6355 0.1850
vn 0.1540 0.3985 0.9041
vn 0.1346 0.8679 0.4781
vn -0.7324 0.6273 0.2646
vn -0.2066 0.1842 0.9609
vn -0.3661 -0.7861 -0.4980
vn -0.6026 -0.6956 -0.3911
vn 0.1320 -0.9164 0.3778
vn -0.7683 -0.6225 -0.1489
vn -0.3874 0.9192 0.0703
vn 0.3099 0.9442 0.1116
vn 0.4340 0.6850 -0.5852
vn -0.5143 0.7291 -0.4515
vn 0.1870 -0.9228 -0.3369
vn 0.2002 -0.9248 -0.3235
vn -0.5374 -0.4871 -0.6884
vn 0.5022 -0.3929 -0.7703
vn 0.5771 0.8098 0.1055
vn 0.7030 0.6461 -0.2972
vn 0.7655 0.0957 0.6362
vn 0.8619 0.3207 -0.3928
vn 0.2935 -0.9328 0.2091
vn -0.1405 -0.7916 -0.5947
vn 0.5276 -0.4635 -0.7120
vn 0.6071 -0.7823 0.1394
vn 0.5524 0.3962 0.7334
vn -0.1324 0.8528 0.5051
vn -0.5012 0.2276 0.8349
vn 0.4868 0.1799 0.8548
vn -0.4032 -0.8689 -0.2871
vn -0.5131 -0.8465 -0.1422
vn 0.5471 -0.8351 0.0575
vn -0.4724 -0.8250 0.3103
vn -0.6360 0.4464 0.6295
vn -0.5650 0.6531 0.5042
vn -0.7898 0.4746 -0.3885
vn -0.8852 -0.0906 0.4562
vn 0.0415 -0.6883 -0.7242
vn 0.1982 -0.9117 -0.3599
vn -0.4380 -0.8784 0.1911
vn -0.5189 -0.4614 -0.7196
vn -0.2249 0.9742 -0.0201
vn -0.1970 0.9659 -0.1680
vn 0.7138 0.6351 0.2951
vn 0.1042 0.8357 -0.5392
vn 0.6944 -0.6799 -0.2358
vn 0.1715 -0.9541 -0.2455
vn -0.1155 -0.3683 -0.9225
vn 0.7728 -0.5213 -0.3620
vn 0.1537 -0.3583 0.9209
vn 0.1234 0.2696 0.9550
vn -0.7266 0.2502 0.6400
vn -0.2069 -0.5498 0.8093
vn -0.3688 -0.2175 -0.9037
vn -0.6041 -0.2163 -0.7670
vn 0.1305 -0.9160 -0.3793
vn -0.7627 -0.3449 -0.5471
vn -0.3761 0.5753 0.7263
vn -0.1243 0.4820 0.8673
vn 0.5430 0.7423 0.3926
vn -0.5076 0.8262 0.2444
vn 0.5500 0.0445 -0.8340
vn 0.1930 -0.4491 -0.8724
vn -0.5311 0.1080 -0.8404
vn 0.4329 0.3784 -0.8182
vn 0.7818 0.6205 0.0623
vn 0.7239 0.6557 0.2146
vn 0.7818 -0.3944 0.4828
vn 0.9043 0.3828 -0.1893
vn 0.2562 -0.8117 -0.5249
vn -0.1789 -0.6399 -0.7474
vn 0.2562 0.2023 -0.9452
vn 0.5763 -0.6662 -0.4733
vn 0.5524 -0.2384 0.7987
vn -0.1324 0.2459 0.9602
vn -0.5012 -0.4294 0.7513
vn 0.4868 -0.4773 0.7316
vn -0.4032 -0.4115 -0.8174
vn -0.5131 -0.4980 -0.6991
vn 0.5471 -0.6311 -0.5498
vn -0.4724 -0.8028 -0.3639
vn -0.6350 -0.1290 0.7617
vn -0.5734 0.1083 0.8121
vn -0.7952 0.6023 0.0692
vn -0.8850 -0.3863 0.2599
vn 0.0310 0.0165 -0.9994
vn 0.1968 -0.3902 -0.8994
vn -0.4393 -0.7558 -0.4856
vn -0.5178 0.1716 -0.8381
vn -0.2106 0.7071 0.6750
vn -0.1957 0.8031 0.5628
vn 0.7150 0.2416 0.6560
vn 0.1108 0.9697 0.2176
vn 0.6949 -0.3134 -0.6473
vn 0.1755 -0.4898 -0.8540
vn -0.1051 0.3859 -0.9165
vn 0.7731 -0.1120 -0.6243
vn 0.2450 -0.7905 0.5613
vn 0.1094 -0.4993 0.8595
vn -0.7363 -0.2839 0.6142
vn -0.1325 -0.9741 0.1834
vn -0.3544 0.5013 -0.7894
vn -0.3431 0.5218 -0.7810
vn 0.1318 -0.3942 -0.9095
vn -0.7537 0.1604 -0.6374
vn -0.3761 -0.1068 0.9204
vn -0.1243 -0.2725 0.9541
vn 0.5430 0.2473 0.8025
vn -0.5076 0.4114 0.7570
vn 0.5500 0.6212 -0.5583
vn 0.1930 0.2993 -0.9344
vn -0.5311 0.6706 -0.5179
vn 0.4329 0.8461 -0.3109
vn 0.7745 0.3824 0.5039
vn 0.6069 0.0828 0.7905
vn 0.7788 -0.6252 0.0504
vn 0.9037 0.3969 0.1606
vn 0.0257 -0.1363 -0.9903
vn -0.1761 0.0757 -0.9814
vn 0.2596 0.8106 -0.5250
vn 0.5196 -0.1827 -0.8346
vn 0.4989 -0.6440 0.5800
vn -0.3167 -0.5744 0.7548
vn -0.4562 -0.8885 0.0497
vn 0.5241 -0.8348 0.1685
vn -0.1982 0.4600 -0.8655
vn -0.3563 0.3843 -0.8517
vn 0.5544 -0.0924 -0.8271
vn -0.5240 -0.2513 -0.8138
vn -0.5314 -0.5217 0.6674
vn -0.5547 -0.5023 0.6633
vn -0.7870 0.3706 0.4932
vn -0.8493 -0.5255 -0.0494
vn 0.0145 0.7186 -0.6953
vn 0.1448 0.1328 -0.9805
vn -0.5448 -0.2012 -0.8141
vn -0.5313 0.7083 -0.4647
vn -0.2217 0.0065 0.9751
vn -0.2128 -0.1299 0.9684
vn 0.7335 -0.2763 0.6210
vn 0.1005 0.5179 0.8495
vn 0.5109 0.1667 -0.8433
vn 0.1899 0.2719 -0.9434
vn -0.0924 0.9281 -0.3608
vn 0.7778 0.3259 -0.5374
vn -0.0014 0.7519 0.6592
vn 0.0724 0.2747 0.9588
vn 0.5423 0.7383 0.4010
vn 0.4227 0.1556 -0.8928
vn -0.0113 0.5712 -0.8207
vn 0.4460 0.7241 -0.5261
vn 0.4784 0.4426 0.7584
vn 0.3565 -0.0750 0.9313
vn 0.7810 -0.5297 0.3309
vn 0.8893 0.4211 0.1782
vn 0.0299 -0.4189 -0.9075
vn -0.1395 -0.0043 -0.9902
vn 0.4944 0.5403 -0.6809
vn 0.6369 -0.4694 -0.6115
vn 0.4426 -0.4784 0.7584
vn -0.0750 -0.3565 0.9313
vn -0.5297 -0.7809 0.3310
vn 0.4211 -0.8893 0.1782
vn -0.4189 -0.0299 -0.9075
vn -0.0043 0.1395 -0.9902
vn 0.5403 -0.4944 -0.6809
vn -0.4694 -0.6369 -0.6115
vn -0.4114 -0.4314 0.8029
vn -0.7513 0.0014 0.6600
vn -0.8646 -0.4314 0.2576
vn -0.5717 0.0113 -0.8204
vn 0.0062 0.0157 -0.9999
vn -0.6009 -0.5135 -0.6126
vn 0.6451 -0.7298 0.2262
vn 0.5662 -0.8239 0.0250
vn 0.7685 -0.0729 -0.6357
vn 0.8906 -0.2253 0.3951
vn 0.0357 0.9929 -0.1137
vn -0.2039 0.9285 0.3103
vn 0.4068 0.4626 0.7877
vn 0.5483 0.8146 -0.1895
vn 0.2450 -0.5874 -0.7713
vn -0.3835 -0.8974 -0.2182
vn -0.7922 -0.5062 -0.3409
vn -0.1252 -0.1795 -0.9758
vn 0.1160 0.9707 0.2103
vn -0.3302 0.8071 0.4895
vn 0.0993 0.8956 -0.4336
vn -0.7523 0.6253 0.2077
vn 0.1800 -0.9710 -0.1575
vn 0.0500 -0.9768 -0.2084
vn 0.5289 -0.7220 0.4461
vn -0.5416 -0.7501 0.3795
vn 0.4822 0.7192 0.5003
vn -0.3838 0.8142 0.4357
vn -0.5159 0.3773 0.7691
vn 0.4746 0.2692 0.8380
vn 0.0768 -0.9094 -0.4088
vn -0.1659 -0.9764 -0.1386
vn 0.7602 -0.6075 -0.2301
vn -0.0248 -0.8787 0.4768
vn 0.4757 0.8625 0.1724
vn -0.1992 0.7179 0.6671
vn -0.0323 0.2785 0.9599
vn 0.7808 0.5332 0.3256
vn 0.4822 -0.5425 -0.6879
vn 0.0016 -0.3060 -0.9520
vn 0.5212 -0.0827 -0.8494
vn -0.0050 0.9930 -0.1177
vn -0.3214 0.8723 0.3685
vn 0.5489 0.8237 -0.1425
vn -0.7647 -0.5944 -0.2488
vn -0.4069 -0.9131 0.0245
vn -0.7399 -0.5850 0.3323
vn 0.0050 0.9666 0.2564
vn -0.5414 0.7806 0.3123
vn -0.5431 0.4165 0.7291
vn 0.1366 -0.2356 -0.9622
vn -0.3566 0.0591 -0.9324
vn -0.0288 0.5101 -0.8597
vn -0.4803 0.7683 0.4231
vn -0.0857 0.5912 0.8020
vn -0.0455 0.9888 0.1423
vn 0.0021 -0.9409 -0.3386
vn 0.0791 -0.5664 -0.8203
vn 0.5164 -0.8434 -0.1481
vn 0.4871 0.1475 0.8608
vn -0.0022 -0.1584 0.9874
vn 0.4811 -0.4042 0.7779
vn 0.6453 -0.6740 -0.3596
vn 0.5400 -0.2224 -0.8118
vn 0.8077 0.3963 -0.4364
vn 0.8754 -0.4682 0.1201
vn -0.1733 0.5261 0.8326
vn -0.2158 0.4348 0.8743
vn 0.4143 -0.2241 0.8821
vn 0.4624 0.7564 0.4625
vn 0.1245 -0.0771 -0.9892
vn -0.0900 0.7602 -0.6434
vn 0.3452 0.5996 -0.7220
vn 0.5256 0.5059 -0.6840
vn 0.3502 0.8248 0.4439
vn 0.1102 0.3538 0.9288
vn 0.5279 0.7433 0.4109
vn 0.0653 0.5160 0.8541
vn -0.7057 -0.5707 -0.4198
vn -0.3495 -0.4077 -0.8436
vn -0.6787 0.2811 0.6785
vn -0.8979 0.2563 0.3578
vn -0.7688 -0.0948 0.6324
vn 0.4787 -0.7696 -0.4226
vn 0.2585 -0.4529 -0.8532
vn 0.8553 -0.3588 -0.3738
vn 0.0814 0.4402 0.8942
vn 0.3558 -0.0603 0.9326
vn 0.7581 0.1897 0.6239
vn -0.1202 0.9465 0.2996
vn -0.8197 0.5320 0.2123
vn -0.1034 0.9709 0.2162
vn -0.9248 0.2750 -0.2628
vn 0.9347 0.0643 0.3497
vn 0.4708 0.5738 -0.6701
vn 0.3576 0.8836 -0.3022
vn 0.5473 0.7948 0.2620
vn -0.7878 0.6111 -0.0776
vn -0.1957 0.9805 -0.0194
vn -0.8870 0.2714 0.3736
vn -0.0648 0.9947 0.0798
vn 0.5298 0.4039 0.7458
vn 0.9466 0.1066 -0.3043
vn 0.5665 0.8212 -0.0686
vn 0.4383 0.7941 0.4210
vn -0.4493 -0.7870 0.4228
vn -0.4047 -0.7758 -0.4841
vn -0.2802 -0.9591 -0.0407
vn -0.3520 -0.9335 -0.0685
vn 0.1846 -0.8155 0.5485
vn 0.2757 -0.8042 -0.5265
vn 0.9266 -0.3328 0.1749
vn 0.9488 -0.2620 -0.1763
vn -0.5318 -0.8466 -0.0225
vn -0.9887 0.1474 0.0259
vn -0.6719 -0.0821 -0.7361
vn -0.4351 -0.7462 -0.5038
vn 0.9125 -0.3060 -0.2716
vn 0.1796 -0.4383 -0.8807
vn 0.8886 -0.4522 -0.0764
vn 0.3703 -0.3001 -0.8791
vn -0.9111 0.4115 0.0249
vn -0.8492 0.3367 0.4069
vn -0.1712 0.7018 0.6915
vn -0.3678 0.8344 -0.4105
vn 0.8724 -0.0883 0.4808
vn 0.9785 -0.1820 -0.0974
vn 0.6987 0.5343 -0.4758
vn 0.5615 0.5822 0.5880
vn -0.6787 0.6966 0.2326
vn -0.1529 0.8807 0.4484
vn -0.8755 0.0884 0.4750
vn -0.0150 0.8488 0.5285
vn 0.5596 -0.0062 0.8287
vn 0.9698 0.0568 -0.2371
vn 0.6369 0.7428 0.2064
vn 0.4724 0.4813 0.7383
vn -0.9875 0.1409 0.0704
vn -0.4690 -0.8446 -0.2581
vn -0.3531 -0.9102 0.2164
vn -0.6662 -0.2836 0.6898
vn 0.1156 -0.6439 0.7563
vn 0.9244 -0.3660 0.1074
vn 0.3914 -0.5121 0.7646
vn 0.9246 -0.3734 -0.0751
vn -0.0696 0.9971 0.0304
vn -0.4177 0.9036 0.0954
vn 0.1134 0.9491 -0.2940
vn -0.9046 0.2393 -0.3529
vn 0.9743 -0.2209 0.0449
vn 0.5299 0.3343 -0.7794
vn 0.4304 0.7396 -0.5175
vn 0.7453 0.6033 0.2839
vn -0.8676 0.4829 -0.1184
vn -0.8822 0.4709 0.0016
vn -0.3183 0.7412 0.5910
vn -0.3277 0.7466 -0.5790
vn 0.9643 -0.2425 0.1064
vn 0.7647 0.2696 -0.5853
vn 0.5641 0.7964 -0.2178
vn 0.7184 0.3667 0.5912
vn -0.8239 -0.4147 -0.3863
vn -0.5219 -0.8529 -0.0168
vn -0.4108 -0.7572 0.5078
vn -0.7359 0.0021 0.6771
vn 0.1119 -0.3839 0.9166
vn 0.4304 -0.2848 0.8565
vn 0.3341 -0.3234 0.8853
vn 0.8992 -0.4353 0.0433
vn -0.1915 0.9034 -0.3836
vn -0.8940 0.2871 -0.3439
vn -0.4756 0.8087 -0.3460
vn -0.9357 -0.0071 -0.3527
vn 0.7833 0.6196 -0.0502
vn 0.5110 -0.0399 -0.8586
vn 0.4131 0.4924 -0.7661
vn 0.6066 0.5828 -0.5407
vn -0.2950 0.6762 -0.6750
vn -0.3179 0.8629 0.3928
vn -0.2194 0.8973 0.3831
vn 0.1377 0.8823 -0.4502
vn 0.8409 -0.0826 -0.5348
vn 0.9702 -0.1672 0.1752
vn 0.8218 0.1452 -0.5510
vn 0.7718 0.3794 0.5102
vn 0.7381 0.6226 -0.2601
vn 0.2598 0.8585 -0.4422
vn 0.6792 0.6448 0.3504
vn 0.1804 -0.5872 0.7891
vn 0.5014 -0.8052 0.3166
vn 0.7141 -0.3631 0.5985
vn 0.5194 0.8231 0.2298
vn 0.0001 0.8516 0.5241
vn 0.3573 0.4859 0.7977
vn -0.0015 -0.6422 0.7665
vn -0.1660 -0.9475 0.2734
vn 0.5415 -0.4677 0.6986
vn -0.7115 -0.4549 -0.5356
vn -0.7836 -0.6167 -0.0749
vn -0.8765 -0.0372 -0.4800
vn 0.3035 0.7418 -0.5980
vn 0.6188 0.4006 -0.6757
vn 0.2053 0.6202 -0.7571
vn -0.8033 0.3858 -0.4538
vn -0.9948 -0.0083 0.1020
vn -0.7595 0.4931 0.4243
vn -0.7073 0.5722 -0.4152
vn 0.7856 0.5563 0.2707
vn 0.8577 0.4899 0.1561
vn 0.4958 0.7418 -0.4516
vn 0.2671 0.8939 0.3599
vn -0.9347 -0.2577 0.2446
vn -0.5319 -0.6886 0.4929
vn -0.3292 -0.5596 0.7606
vn -0.6553 -0.0197 0.7551
vn 0.7470 0.6304 0.2111
vn 0.7729 0.6171 0.1479
vn 0.3125 0.7611 0.5684
vn 0.8134 0.1492 0.5622
vn -0.4243 -0.9053 -0.0201
vn -0.0675 -0.9977 0.0003
vn 0.0017 -0.9428 0.3333
vn 0.9970 0.0768 -0.0006
vn 0.9223 0.2052 0.3275
vn 0.9506 -0.1310 0.2814
vn -0.4108 -0.4313 0.8032
vn -0.7507 0.0014 0.6606
vn -0.8643 -0.4315 0.2582
vn -0.5674 0.0114 -0.8234
vn 0.0107 0.0156 -0.9998
vn -0.5977 -0.5140 -0.6153
vn 0.4817 0.4809 0.7326
vn -0.0450 0.3085 0.9502
vn 0.8270 0.0400 0.5608
vn 0.5360 -0.1370 -0.8331
vn 0.4444 0.4508 -0.7741
vn 0.8411 0.0988 -0.5317
vn 0.4817 -0.4660 0.7422
vn -0.0738 -0.3220 0.9439
vn -0.5350 -0.7637 0.3613
vn 0.5217 -0.7810 0.3433
vn -0.4196 -0.0445 -0.9066
vn -0.2839 0.0570 -0.9572
vn 0.5639 -0.4239 -0.7087
vn -0.4665 -0.6478 -0.6023
vn -0.3575 -0.0087 0.9339
vn -0.3397 -0.0246 0.9402
vn 0.5636 0.4105 0.7169
vn -0.5429 0.4949 0.6785
vn 0.4581 0.4512 -0.7659
vn 0.2528 0.3510 -0.9016
vn -0.5614 0.6703 -0.4853
vn 0.5566 0.7004 -0.4468
vn 0.6238 -0.3138 0.7159
vn 0.7597 -0.2635 0.5946
vn -0.0212 -0.3750 0.9268
vn 0.8010 -0.4739 0.3658
vn 0.1267 -0.8506 -0.5103
vn -0.3615 -0.0130 -0.9323
vn 0.6522 -0.0717 -0.7547
vn 0.7218 -0.3253 -0.6108
vn -0.1655 -0.9584 -0.2327
vn 0.0147 -0.6248 0.7807
vn -0.8128 -0.5044 0.2913
vn -0.8212 -0.5683 -0.0516
vn -0.2758 0.2757 -0.9208
vn -0.6925 0.0406 -0.7203
vn 0.1959 0.2911 -0.9364
vn -0.6607 -0.1326 -0.7389
vn 0.7706 0.0020 0.6373
vn 0.3492 0.3142 0.8828
vn 0.6620 -0.5705 0.4861
vn 0.2231 -0.4847 -0.8457
vn 0.5672 0.0121 -0.8235
vn 0.6679 -0.4904 -0.5599
vn 0.1445 -0.5626 0.8140
vn -0.4461 -0.4483 0.7746
vn -0.1807 -0.8631 0.4716
vn -0.4826 -0.4802 -0.7324
vn -0.3980 0.0782 -0.9141
vn -0.0236 -0.8143 -0.5799
vn -0.1954 -0.4810 0.8547
vn -0.5619 -0.0043 0.8272
vn -0.5922 -0.5367 0.6011
vn -0.7693 -0.0063 -0.6389
vn -0.3869 0.3942 -0.8336
vn -0.6379 -0.5723 -0.5153
vn 0.6932 0.2903 0.6598
vn 0.4086 -0.1008 0.9071
vn 0.9218 -0.1557 0.3551
vn 0.3506 -0.3358 -0.8743
vn 0.4941 0.2283 -0.8389
vn 0.8529 -0.0349 -0.5210
vn 0.7686 0.1679 0.6172
vn 0.6978 0.1419 0.7021
vn 0.4880 -0.8123 0.3193
vn 0.9999 -0.0012 -0.0104
vn -0.1388 -0.4513 -0.8815
vn -0.0698 0.1961 -0.9781
vn 0.6767 0.2614 -0.6883
vn 0.2233 -0.6823 -0.6961
vn -0.0338 0.4674 -0.8834
vn -0.0347 -0.4703 -0.8818
vn -0.4681 -0.5300 -0.7071
vn -0.4590 0.5490 -0.6985
vn -0.4816 0.4049 0.7773
vn -0.4593 -0.4015 0.7924
vn -0.6991 0.5640 0.4396
vn -0.6950 -0.5588 0.4524
vn 0.6773 0.1574 -0.7187
vn 0.5785 0.0429 -0.8146
vn 0.9782 0.0945 -0.1850
vn 0.4740 -0.7998 -0.3684
vn 0.2084 0.3927 0.8958
vn -0.1491 -0.4347 0.8881
vn 0.2200 -0.6570 0.7211
vn 0.7648 0.1137 0.6342
vn 0.7580 -0.1609 -0.6321
vn 0.6727 -0.1508 -0.7244
vn 0.4769 0.8103 -0.3405
vn 0.9998 0.0086 -0.0190
vn -0.1395 0.4529 0.8806
vn -0.0601 -0.1857 0.9808
vn 0.6750 -0.2508 0.6939
vn 0.2171 0.6865 0.6939
vn 0.4493 0.3378 -0.8271
vn 0.3636 -0.0397 -0.9307
vn 0.7573 0.5471 -0.3565
vn 0.7105 -0.5579 -0.4289
vn 0.0806 0.4986 0.8631
vn 0.0553 -0.4767 0.8773
vn 0.5381 -0.4953 0.6820
vn 0.6393 0.4611 0.6154
vn 0.5020 0.5017 -0.7045
vn -0.4807 0.4524 -0.7512
vn -0.5296 0.7612 -0.3743
vn 0.3972 0.8997 -0.1811
vn 0.2953 -0.1128 0.9487
vn -0.1294 -0.1646 0.9778
vn 0.5660 0.4247 0.7066
vn -0.5551 0.3849 0.7373
vn 0.1965 -0.1573 -0.9678
vn 0.2297 -0.4607 -0.8573
vn -0.1246 -0.7979 -0.5898
vn -0.7270 0.0726 -0.6828
vn -0.2620 0.2212 0.9394
vn -0.4288 0.2409 0.8707
vn -0.7660 -0.0098 0.6428
vn 0.0893 -0.7029 0.7056
vn 0.3368 0.0855 -0.9377
vn -0.3367 0.0826 -0.9380
vn 0.5674 -0.3692 -0.7360
vn -0.5606 -0.3703 -0.7406
vn 0.4622 -0.4408 0.7695
vn -0.4540 -0.4402 0.7747
vn -0.5573 -0.6857 0.4682
vn 0.5662 -0.6891 0.4523
vn 0.5981 0.2530 -0.7605
vn 0.2984 0.7336 -0.6106
vn 0.7885 0.4283 -0.4414
vn 0.2004 0.5502 0.8106
vn -0.3026 0.2388 0.9227
vn 0.6990 0.2847 0.6560
vn -0.2922 0.7155 -0.6346
vn -0.5884 0.2318 -0.7746
vn -0.7788 0.4086 -0.4759
vn 0.3287 0.2056 0.9218
vn -0.1785 0.5166 0.8374
vn -0.6775 0.2608 0.6878
vn -0.4585 -0.3444 -0.8192
vn -0.5634 -0.5104 -0.6497
vn -0.9149 -0.3871 -0.1142
vn -0.7153 0.5650 -0.4112
vn 0.2408 0.1428 0.9600
vn 0.0071 0.4834 0.8754
vn -0.4933 0.5104 0.7044
vn -0.3595 -0.5529 0.7517
vn 0.0410 -0.2788 -0.9595
vn 0.4708 -0.4366 -0.7667
vn 0.5244 -0.7504 -0.4024
vn -0.5517 -0.7097 -0.4381
vn -0.2847 0.1577 0.9456
vn -0.4944 -0.0420 0.8682
vn -0.4488 -0.6001 0.6621
vn 0.5548 -0.3398 0.7595
vn -0.1893 0.1577 -0.9692
vn -0.2410 0.4596 -0.8548
vn 0.1202 0.8020 -0.5851
vn 0.7215 -0.0672 -0.6891
vn 0.2629 -0.2286 0.9373
vn 0.4305 -0.2297 0.8729
vn 0.7624 0.0164 0.6469
vn -0.0949 0.7082 0.6996
vn -0.3309 -0.1292 -0.9348
vn -0.4676 -0.0007 -0.8840
vn -0.5368 0.4357 -0.7225
vn 0.5552 0.3275 -0.7645
vn 0.4048 0.3851 0.8294
vn 0.4492 0.4224 0.7873
vn 0.5512 0.6731 0.4930
vn -0.5614 0.6405 0.5240
vn 0.1723 -0.6412 -0.7478
vn -0.0735 -0.4616 -0.8840
vn 0.1964 -0.8824 -0.4275
vn -0.7952 -0.4550 -0.4009
vn 0.3839 -0.4678 0.7961
vn -0.4254 0.1853 0.8858
vn -0.6552 -0.1828 0.7330
vn -0.0229 -0.7723 0.6349
vn -0.1816 -0.9216 -0.3429
vn 0.6585 -0.4061 -0.6336
vn 0.8109 -0.5146 -0.2786
vn 0.0912 -0.9926 0.0807
vn -0.3746 0.0075 0.9272
vn 0.0185 0.2490 0.9683
vn -0.3890 -0.4564 0.8003
vn 0.6265 -0.0632 0.7769
vn -0.1592 0.3274 -0.9314
vn -0.0252 0.4723 -0.8811
vn 0.4223 0.5398 -0.7282
vn 0.3095 -0.5583 -0.7697
vn 0.4901 -0.4112 0.7686
vn 0.5207 -0.4511 0.7249
vn 0.7289 -0.5550 0.4008
vn 0.7018 0.5660 0.4326
vn -0.6741 -0.1652 -0.7199
vn -0.5793 -0.0427 -0.8140
vn -0.9784 -0.0942 -0.1839
vn -0.4671 0.8055 -0.3648
vn -0.2075 -0.3931 0.8958
vn 0.1580 0.4382 0.8849
vn -0.2168 0.6635 0.7160
vn -0.7642 -0.1143 0.6348
vn -0.7842 0.1565 -0.6004
vn -0.4163 -0.6626 -0.6226
vn -0.5133 -0.8153 -0.2678
vn -0.9996 -0.0133 0.0247
vn -0.0202 0.3654 0.9306
vn 0.0951 0.2066 0.9738
vn -0.6469 0.2796 0.7095
vn -0.1015 -0.6368 0.7644
vn 0.8849 0.4517 0.1141
vn 0.5133 0.8582 0.0006
vn 0.2913 0.8359 0.4652
vn -0.9308 0.3655 -0.0005
vn -0.9295 -0.0313 0.3675
vn -0.7028 0.5529 0.4476
vn 0.8180 -0.5306 -0.2221
vn -0.8210 -0.5252 -0.2238
vn 0.7322 -0.0021 0.6811
vn 0.8606 0.3631 0.3572
vn 0.3921 0.4415 0.8070
vn -0.9937 0.0151 -0.1111
vn -0.9011 -0.0075 0.4335
vn -0.7177 0.4790 0.5055
vn 0.0279 0.9733 0.2277
vn -0.4469 0.0926 0.8898
vn 0.2718 0.1123 0.9558
vn 0.4234 0.5054 0.7519
vn 0.2818 -0.3913 0.8760
vn 0.3659 -0.9289 0.0578
vn 0.3740 -0.6780 0.6328
vn 0.3684 -0.9019 -0.2254
vn 0.3844 0.2343 -0.8929
vn -0.0000 0.8168 -0.5769
vn 0.3382 0.9357 0.1003
vn -0.0000 -0.8119 -0.5838
vn -0.3398 -0.2113 -0.9164
vn 0.3814 -0.2254 -0.8965
vn 0.8618 0.5072 0.0006
vn 0.5439 0.7375 0.4003
vn 0.8953 0.1859 0.4048
vn -0.1873 -0.9822 -0.0118
vn 0.3535 -0.9354 -0.0009
vn 0.4224 -0.7570 0.4986
vn -0.2479 0.8327 0.4951
vn 0.0295 -0.1364 0.9902
vn 0.6441 0.3445 0.6830
vn 0.5186 0.4368 0.7351
vn 0.4658 -0.6021 0.6484
vn 0.2738 -0.9477 -0.1640
vn 0.5180 -0.8053 0.2883
vn 0.3768 -0.8893 -0.2592
vn -0.8131 0.1294 -0.5675
vn -0.9682 -0.1190 -0.2202
vn -0.8154 0.0268 0.5783
vn -0.3520 0.8904 -0.2884
vn -0.4933 -0.5680 0.6588
vn -0.8795 -0.4758 -0.0072
vn -0.3698 -0.6835 -0.6294
vn 0.3900 -0.9122 0.1255
vn 0.7148 0.5992 -0.3606
vn 0.2688 0.9606 0.0706
vn 0.5586 0.7607 -0.3306
vn 0.0350 0.9259 0.3760
vn -0.2168 -0.9364 -0.2760
vn -0.1203 -0.0527 -0.9913
vn 0.6390 -0.2263 -0.7351
vn 0.5846 -0.6213 -0.5217
vn 0.8180 0.5306 0.2221
vn -0.8210 0.5252 0.2238
vn 0.8165 -0.0000 -0.5773
vn -0.8165 -0.0000 -0.5773
vn 0.3827 -0.9239 -0.0000
vn -0.9239 -0.3827 -0.0000
vn 0.3668 -0.1022 0.9247
vn 0.0001 -0.7281 0.6855
vn 0.3479 -0.9370 0.0327
vn 0.0004 0.9113 0.4118
vn -0.3339 0.3838 0.8609
vn 0.3930 0.4045 0.8258
vn 0.9238 -0.3828 -0.0000
vn 0.3827 0.9239 -0.0000
vn -0.0475 -0.9136 -0.4037
vn -0.4317 -0.3887 -0.8140
vn 0.2951 -0.4096 -0.8632
vn 0.2566 0.0970 -0.9616
vn -0.0806 0.7247 -0.6843
vn 0.3406 0.9369 -0.0785
vn 0.6824 -0.3080 0.6629
vn 0.0805 -0.7238 0.6853
vn 0.1720 -0.9829 -0.0663
vn 0.0476 0.9142 0.4024
vn -0.0773 0.3494 0.9338
vn 0.6680 0.5193 0.5330
vn -0.0000 -0.8166 -0.5772
vn 0.6992 -0.5133 -0.4976
vn 0.0552 -0.9842 0.1684
vn -0.2201 0.1887 -0.9570
vn -0.0000 0.8166 -0.5772
vn 0.5708 0.3354 -0.7495
vn -0.9669 0.1471 -0.2084
vn -0.9628 0.2361 0.1315
vn -0.7460 -0.2080 -0.6327
vn -0.8042 -0.0243 0.5939
vn -0.6105 0.5191 -0.5983
vn -0.4658 0.5842 0.6646
vn 0.4077 0.9058 0.1153
vn 0.3785 0.9035 -0.2009
vn -0.6749 0.2823 -0.6817
vn -0.7256 0.5545 -0.4074
vn -0.3473 0.4225 -0.8372
vn -0.8985 -0.2642 0.3507
vn -0.6835 -0.2798 0.6742
vn -0.7851 0.0915 0.6126
vn 0.0859 -0.6494 -0.7555
vn 0.1388 -0.3300 -0.9337
vn 0.4928 -0.4312 -0.7558
vn 0.1400 -0.8916 0.4307
vn 0.5033 -0.8205 0.2711
vn 0.1542 -0.6656 0.7302
vn -0.1390 0.8942 -0.4256
vn 0.0487 0.9942 -0.0956
vn 0.0891 0.7227 -0.6854
vn -0.3537 0.5769 0.7363
vn -0.1397 0.3245 0.9355
vn 0.0344 0.6354 0.7714
vn -0.1782 -0.7928 -0.5828
vn 0.0923 -0.8200 -0.5648
vn -0.3374 -0.6608 -0.6705
vn 0.2155 -0.7741 -0.5953
vn -0.3574 -0.8442 0.3994
vn 0.2270 -0.9396 0.2561
vn 0.1719 -0.5808 0.7957
vn -0.0685 -0.5617 0.8245
vn 0.7059 0.5706 -0.4197
vn 0.6787 -0.2810 0.6785
vn 0.8980 -0.2562 0.3578
vn 0.7687 0.0949 0.6325
vn 0.0543 0.9522 -0.3008
vn -0.1209 0.9664 0.2268
vn 0.3822 0.8040 0.4555
vn -0.1408 -0.4253 0.8940
vn 0.3441 -0.6589 0.6689
vn 0.3164 -0.1255 0.9403
vn 0.7705 0.5877 -0.2468
vn 0.4443 0.8942 0.0548
vn 0.8059 0.4876 0.3358
vn -0.0328 -0.9355 0.3517
vn 0.5311 -0.7877 0.3122
vn 0.5708 -0.4129 0.7097
vn -0.2965 0.9500 -0.0975
vn -0.1000 0.9814 -0.1637
vn -0.5081 0.7066 0.4924
vn 0.5425 0.7685 0.3391
vn -0.4181 -0.8271 0.3755
vn 0.3489 -0.8756 0.3340
vn 0.5432 -0.5306 0.6507
vn -0.4576 -0.3808 0.8035
vn -0.4342 0.8984 0.0656
vn -0.7472 0.6131 -0.2565
vn -0.8309 0.4630 0.3086
vn -0.4769 -0.8185 0.3205
vn 0.0968 -0.9325 0.3479
vn -0.5305 -0.4567 0.7141
vn 0.1399 0.4200 -0.8967
vn 0.3995 0.7575 -0.5162
vn 0.6506 0.3453 -0.6764
vn -0.2641 -0.9461 0.1875
vn 0.1211 -0.9668 -0.2252
vn 0.6365 -0.7646 -0.1015
vn -0.0761 0.8969 0.4357
vn 0.2512 0.7907 0.5583
vn -0.6358 0.4462 0.6298
vn 0.4126 0.2869 0.8645
vn -0.3689 -0.8864 -0.2795
vn 0.4320 -0.8996 0.0642
vn 0.3382 -0.7796 0.5272
vn -0.6324 -0.7640 0.1277
vn -0.3463 0.9296 0.1260
vn 0.4487 0.8937 -0.0022
vn 0.3628 0.6548 -0.6630
vn -0.5353 0.7836 -0.3152
vn -0.0724 -0.9362 -0.3440
vn 0.2903 -0.8675 -0.4039
vn -0.5403 -0.4895 -0.6844
vn 0.5247 -0.4130 -0.7444
vn 0.5044 0.7883 0.3525
vn 0.6463 0.3307 0.6877
vn 0.8737 -0.0762 0.4805
vn 0.8114 0.4391 -0.3858
vn -0.1386 -0.8451 -0.5163
vn 0.0485 -0.6643 -0.7459
vn 0.6494 -0.4194 -0.6343
vn 0.4185 -0.8775 0.2342
vn -0.4529 0.6413 0.6194
vn -0.5020 0.5441 0.6723
vn -0.3069 -0.0665 0.9494
vn 0.5541 0.3400 0.7599
vn 0.1872 -0.8969 -0.4006
vn 0.4895 -0.8607 -0.1401
vn 0.5535 -0.8139 0.1766
vn -0.5356 -0.8207 0.1991
vn -0.5384 0.8216 0.1871
vn -0.5526 0.7107 0.4352
vn -0.8034 0.4489 -0.3911
vn -0.8016 0.0357 0.5968
vn -0.0267 -0.6656 -0.7458
vn -0.0919 -0.9882 0.1229
vn -0.6617 -0.7385 0.1294
vn -0.6355 -0.4385 -0.6355
vn -0.3982 0.9172 0.0144
vn 0.5350 0.8295 0.1605
vn 0.6495 0.7480 -0.1366
vn -0.1834 0.7554 -0.6290
vn -0.3920 -0.6553 -0.6457
vn 0.1643 -0.8798 -0.4461
vn -0.4028 -0.3068 -0.8623
vn 0.6486 -0.4496 -0.6142
vn -0.0640 0.3579 0.9316
vn -0.4784 0.2282 0.8480
vn -0.6402 -0.1240 0.7581
vn 0.4181 -0.3658 0.8315
vn 0.3544 -0.5982 -0.7187
vn 0.4250 -0.6926 -0.5828
vn 0.3240 -0.9289 -0.1794
vn -0.6410 -0.6091 -0.4669
vn 0.4034 0.6396 0.6544
vn 0.5170 0.7157 0.4695
vn 0.3244 0.9377 -0.1247
vn -0.5478 0.7826 0.2958
vn -0.2244 -0.4631 -0.8574
vn -0.4434 -0.2727 -0.8539
vn -0.5472 0.1083 -0.8299
vn 0.5447 0.1184 -0.8302
vn 0.4783 0.1911 0.8571
vn 0.6440 -0.2366 0.7276
vn 0.8733 -0.3800 0.3049
vn 0.7777 0.6226 0.0865
vn -0.1546 -0.2268 -0.9616
vn 0.1349 0.1555 -0.9786
vn 0.6613 0.1376 -0.7374
vn 0.3970 -0.7855 -0.4747
vn -0.4470 0.0113 0.8944
vn -0.1262 0.1998 0.9717
vn -0.4978 -0.4662 0.7313
vn 0.5453 -0.2933 0.7853
vn -0.4059 -0.4653 -0.7866
vn 0.4818 -0.5156 -0.7085
vn 0.5429 -0.7054 -0.4557
vn -0.4650 -0.8302 -0.3076
vn -0.6241 -0.1278 0.7709
vn -0.6415 0.6705 0.3726
vn -0.8743 0.4779 -0.0846
vn -0.8869 -0.3774 0.2665
vn 0.1748 -0.4818 -0.8587
vn 0.1673 -0.3918 -0.9047
vn -0.4612 -0.7500 -0.4742
vn -0.4136 0.2177 -0.8840
vn 0.0193 0.4363 0.8996
vn 0.5324 0.4905 0.6899
vn 0.6422 0.6392 0.4230
vn -0.4029 0.8715 0.2798
vn -0.3929 -0.0484 -0.9183
vn -0.4161 -0.0158 -0.9092
vn -0.3367 0.4945 -0.8013
vn 0.6338 0.0720 -0.7702
vn -0.0600 -0.3883 0.9196
vn 0.2570 -0.4945 0.8303
vn -0.6183 -0.6040 0.5028
vn 0.4244 -0.8372 0.3449
vn -0.3666 0.2570 -0.8942
vn 0.4246 -0.0816 -0.9017
vn 0.3231 -0.5333 -0.7818
vn -0.6303 -0.1348 -0.7646
vn -0.3385 -0.0483 0.9397
vn 0.5153 0.1739 0.8392
vn 0.2952 0.7527 0.5885
vn -0.5308 0.3673 0.7638
vn -0.2302 0.2944 -0.9276
vn 0.2814 0.3314 -0.9005
vn -0.5327 0.6459 -0.5469
vn 0.5397 0.6704 -0.5093
vn 0.5135 -0.4823 0.7098
vn 0.6548 -0.6784 0.3332
vn 0.8767 -0.4760 -0.0688
vn 0.7853 0.3782 0.4901
vn -0.1538 0.5197 -0.8404
vn 0.1439 0.7962 -0.5877
vn 0.6689 0.6042 -0.4331
vn 0.3973 -0.2197 -0.8910
vn -0.4476 -0.6504 0.6137
vn -0.4956 -0.6916 0.5255
vn -0.3320 -0.9390 -0.0892
vn 0.5446 -0.7770 0.3156
vn 0.1680 0.4077 -0.8975
vn 0.4817 0.1397 -0.8651
vn 0.5430 -0.1734 -0.8216
vn -0.5387 -0.1998 -0.8185
vn -0.4875 -0.2302 0.8422
vn -0.5091 -0.4126 0.7553
vn -0.7971 0.3704 0.4770
vn -0.7897 -0.6094 0.0705
vn -0.0306 0.7353 -0.6770
vn -0.1046 -0.1208 -0.9872
vn -0.6652 -0.1456 -0.7324
vn -0.6141 0.6514 -0.4455
vn -0.3745 0.0055 0.9272
vn 0.5333 -0.1370 0.8348
vn 0.6427 0.1567 0.7499
vn -0.2002 0.6369 0.7445
vn -0.3965 0.5985 -0.6961
vn 0.1256 0.3769 -0.9177
vn -0.3968 0.8411 -0.3674
vn 0.6310 0.5843 -0.5104
vn 0.3859 -0.9224 0.0182
vn -0.4814 -0.8499 0.2144
vn -0.6424 -0.7536 -0.1390
vn 0.2105 -0.7478 -0.6296
vn 0.3574 0.7338 -0.5778
vn -0.1325 0.9121 -0.3880
vn 0.4003 0.3415 -0.8504
vn -0.6392 0.4872 -0.5951
vn 0.4024 -0.6457 0.6490
vn 0.5182 -0.4554 0.7239
vn 0.2936 0.1328 0.9467
vn -0.5485 -0.2847 0.7862
vn -0.2322 0.8754 -0.4240
vn -0.4439 0.8614 -0.2470
vn -0.5469 0.8262 0.1352
vn 0.5361 0.8326 0.1392
vn 0.5087 -0.8456 0.1621
vn 0.5069 -0.7551 0.4157
vn 0.7954 -0.4689 -0.3840
vn 0.7829 -0.0834 0.6165
vn -0.0036 0.6711 -0.7414
vn 0.1261 0.9813 0.1456
vn 0.6555 0.7457 0.1197
vn 0.5972 0.4466 -0.6663
vn 0.0396 -0.9056 0.4222
vn -0.2593 -0.8203 0.5098
vn 0.6314 -0.4783 0.6104
vn -0.4209 -0.2977 0.8569
vn 0.3664 0.8846 -0.2884
vn -0.4151 0.9098 0.0026
vn -0.3238 0.7900 0.5207
vn 0.6370 0.7625 0.1130
vn 0.3443 -0.9300 0.1283
vn -0.4682 -0.8836 -0.0024
vn -0.3248 -0.6671 -0.6704
vn 0.5422 -0.7825 -0.3061
vn 0.0976 0.9234 -0.3713
vn -0.2891 0.8696 -0.4002
vn 0.5399 0.4816 -0.6904
vn -0.5374 0.4131 -0.7353
vn -0.5175 -0.7574 0.3981
vn -0.6257 -0.3800 0.6813
vn -0.8837 0.0753 0.4619
vn -0.8019 -0.4574 -0.3844
vn 0.1294 0.8606 -0.4925
vn -0.0762 0.6563 -0.7507
vn -0.6859 0.4123 -0.5997
vn -0.4416 0.8682 0.2263
vn -0.1237 -0.5140 -0.8488
vn -0.3807 -0.8137 -0.4393
vn -0.6325 -0.4252 -0.6474
vn 0.2678 0.9475 0.1747
vn -0.1216 0.9661 -0.2279
vn -0.6327 0.7679 -0.1003
vn 0.3031 -0.9491 -0.0858
vn 0.1315 -0.9764 -0.1710
vn 0.5001 -0.7047 0.5033
vn -0.5396 -0.7718 0.3365
vn 0.4075 0.8274 0.3864
vn -0.3483 0.8727 0.3421
vn -0.5333 0.5269 0.6618
vn 0.4843 0.3703 0.7927
vn 0.4602 -0.8856 0.0629
vn 0.7744 -0.5833 -0.2452
vn 0.8255 -0.4532 0.3363
vn 0.5152 0.7971 0.3149
vn -0.0542 0.9208 0.3862
vn 0.5714 0.4205 0.7048
vn -0.0294 -0.9544 -0.2970
vn 0.1214 -0.9656 0.2298
vn -0.3855 -0.8059 0.4493
vn 0.1248 0.5210 0.8444
vn -0.3661 0.7173 0.5929
vn -0.3137 0.2203 0.9236
vn -0.7433 -0.6172 -0.2580
vn -0.4145 -0.9084 0.0544
vn -0.8028 -0.5077 0.3127
vn 0.0735 0.9457 0.3166
vn -0.4933 0.8097 0.3180
vn -0.5314 0.4489 0.7184
vn -0.0859 0.6495 -0.7555
vn -0.1388 0.3300 -0.9337
vn -0.4928 0.4312 -0.7558
vn -0.1400 0.8916 0.4307
vn -0.5033 0.8205 0.2711
vn -0.1542 0.6656 0.7302
vn 0.6750 -0.2822 -0.6818
vn 0.7256 -0.5545 -0.4074
vn 0.3474 -0.4225 -0.8372
vn 0.8985 0.2641 0.3507
vn 0.6835 0.2797 0.6742
vn 0.7851 -0.0915 0.6126
vn 0.1782 0.7928 -0.5828
vn -0.0923 0.8201 -0.5648
vn 0.3374 0.6608 -0.6705
vn -0.2155 0.7741 -0.5953
vn 0.3574 0.8442 0.3994
vn -0.2270 0.9396 0.2561
vn -0.1719 0.5808 0.7957
vn 0.0685 0.5617 0.8245
vn -0.7059 -0.5706 -0.4197
vn -0.6787 -0.2810 -0.6785
vn -0.3496 -0.4078 -0.8435
vn -0.8980 0.2562 0.3578
vn -0.7687 -0.0949 0.6326
vn 0.1390 -0.8942 -0.4256
vn -0.0487 -0.9942 -0.0956
vn -0.0891 -0.7227 -0.6854
vn 0.3537 -0.5769 0.7363
vn 0.1397 -0.3245 0.9355
vn -0.0344 -0.6354 0.7714
vn 0.7892 0.2930 0.5398
vn 0.7905 0.6125 -0.0001
vn 0.3149 0.8964 0.3119
vn -0.8215 0.5703 -0.0000
vn -0.9863 -0.0171 -0.1638
vn -0.5998 0.5400 0.5904
vn 0.7559 0.0573 -0.6522
vn 0.5498 -0.5214 -0.6525
vn 0.3085 -0.0529 -0.9498
vn -0.8284 0.4916 -0.2684
vn -0.8182 0.0468 -0.5731
vn -0.7356 -0.5465 -0.4002
vn 0.8563 -0.2028 0.4750
vn 0.9607 0.2044 -0.1876
vn 0.6681 -0.4548 0.5889
vn 0.7773 -0.2570 -0.5743
vn -0.7845 -0.3322 0.5236
vn -0.5561 -0.6088 -0.5658
vn -0.2969 -0.9497 -0.0993
vn -0.3565 -0.7289 0.5845
vn 0.7827 -0.5674 0.2557
vn 0.9849 -0.1519 0.0829
vn 0.5532 0.6895 0.4674
vn 0.4833 -0.4554 0.7477
vn -0.8384 0.5413 0.0643
vn -0.9867 -0.0167 -0.1620
vn -0.6098 -0.5881 0.5313
vn -0.5126 0.4636 0.7227
vn -0.5206 -0.3638 0.7724
vn -0.6051 -0.4340 0.6675
vn -0.2782 -0.9565 0.0873
vn 0.6388 -0.5846 0.5002
vn 0.3389 0.2596 -0.9043
vn 0.6332 -0.2416 -0.7353
vn 0.6019 -0.4253 -0.6759
vn -0.6332 -0.2969 -0.7148
vn -0.5008 0.0214 0.8653
vn -0.5755 0.2612 0.7749
vn -0.7710 0.5119 0.3788
vn -0.7350 -0.6780 -0.0051
vn 0.2926 0.1487 -0.9446
vn -0.0396 -0.2344 -0.9713
vn -0.7590 -0.1082 -0.6420
vn -0.3495 0.8506 -0.3928
vn 0.1070 -0.5495 0.8286
vn 0.7617 -0.2816 0.5836
vn 0.8641 -0.1342 0.4851
vn -0.1208 0.5152 0.8485
vn -0.3334 0.7660 -0.5496
vn -0.3057 0.7420 -0.5966
vn -0.1468 0.9720 -0.1835
vn 0.7588 0.2038 -0.6185
vn -0.3751 -0.0915 0.9225
vn -0.5107 -0.1312 0.8497
vn -0.8489 -0.2258 0.4779
vn 0.1861 -0.9270 0.3256
vn 0.2807 0.1457 -0.9487
vn 0.1892 -0.4396 -0.8780
vn 0.1087 -0.5967 -0.7951
vn -0.7981 0.2316 -0.5562
vn 0.3035 -0.4437 0.8432
vn 0.1041 -0.5109 0.8533
vn 0.5969 0.2760 0.7534
vn -0.6370 0.1770 0.7503
vn 0.5429 0.5136 -0.6644
vn -0.5407 0.4907 -0.6833
vn -0.6147 0.7475 -0.2519
vn 0.5722 0.8018 -0.1721
vn 0.6030 0.2772 0.7481
vn 0.7124 -0.7009 0.0355
vn 0.7909 -0.5993 -0.1240
vn 0.8171 0.5062 0.2760
vn -0.1234 0.7606 -0.6374
vn -0.3078 0.3520 -0.8839
vn 0.4145 0.8194 -0.3960
vn 0.2778 -0.3129 -0.9082
vn 0.5836 -0.3610 0.7274
vn 0.5168 -0.5898 0.6206
vn 0.7411 -0.4695 -0.4800
vn 0.7727 0.0892 0.6285
vn 0.0408 0.5271 -0.8488
vn -0.2961 0.7792 -0.5525
vn 0.3487 0.8819 0.3172
vn 0.7493 0.3877 -0.5369
vn 0.5832 -0.7819 0.2203
vn -0.5643 -0.7630 0.3152
vn -0.5503 -0.7769 -0.3059
vn 0.2747 -0.7823 -0.5591
vn 0.4439 0.7467 -0.4953
vn -0.3378 0.8160 -0.4690
vn 0.6213 0.2864 -0.7294
vn -0.6386 0.3125 -0.7033
vn 0.2851 -0.6913 0.6640
vn -0.0934 -0.9787 0.1830
vn 0.1275 -0.2572 0.9579
vn -0.7860 -0.5988 0.1540
vn 0.3480 0.9368 0.0371
vn -0.4844 0.6451 -0.5909
vn -0.8129 0.5711 -0.1141
vn 0.1978 0.8481 0.4916
vn -0.1059 -0.9692 0.2225
vn -0.2905 -0.9196 0.2643
vn 0.6296 -0.4187 0.6544
vn -0.6073 -0.3425 0.7169
vn 0.5348 0.8355 -0.1266
vn -0.5507 0.8283 -0.1029
vn -0.5728 0.6804 0.4571
vn 0.6158 0.7078 0.3463
vn 0.4523 -0.6934 0.5608
vn -0.4000 -0.9107 -0.1031
vn 0.0600 -0.8115 -0.5812
vn 0.8058 -0.5318 0.2607
vn 0.3887 0.9095 -0.1473
vn -0.2877 0.7883 -0.5438
vn 0.7877 0.5706 -0.2321
vn -0.2362 0.2768 -0.9314
vn -0.5157 -0.5073 0.6905
vn -0.5849 -0.3470 0.7331
vn -0.8111 0.1558 0.5638
vn -0.7171 -0.5084 -0.4767
vn 0.3521 0.8583 -0.3732
vn 0.0298 0.5394 -0.8415
vn -0.6089 0.3747 -0.6992
vn -0.3798 0.8706 0.3127
vn 0.4789 -0.5193 -0.7078
vn 0.4796 -0.8772 0.0199
vn 0.7250 -0.0148 -0.6886
vn 0.6936 -0.5204 0.4981
vn 0.0159 0.9724 -0.2328
vn -0.0514 0.5183 0.8537
vn 0.6077 0.3489 0.7134
vn 0.7422 0.6620 -0.1044
vn 0.5939 -0.6988 -0.3987
vn -0.5566 -0.7596 -0.3365
vn -0.5531 -0.3271 -0.7662
vn 0.2802 -0.1401 -0.9497
vn 0.4340 0.8809 0.1889
vn -0.3430 0.9049 0.2520
vn 0.6323 0.7126 -0.3039
vn -0.6309 0.7243 -0.2783
vn 0.3293 -0.9400 -0.0895
vn 0.4246 -0.8989 0.1082
vn -0.0529 -0.7935 0.6063
vn -0.7478 -0.5518 -0.3691
vn -0.3383 0.9384 0.0706
vn -0.4904 0.8698 0.0537
vn -0.8148 0.4830 0.3206
vn 0.2976 0.3026 0.9055
vn -0.0993 -0.8132 -0.5734
vn 0.5869 -0.7581 -0.2842
vn 0.5697 -0.7410 0.3555
vn -0.6215 -0.7543 0.2118
vn -0.4533 0.7832 0.4257
vn -0.5537 0.6486 0.5223
vn -0.5673 0.1420 0.8112
vn 0.6626 0.3423 0.6662
vn -0.3557 -0.7150 -0.6019
vn -0.3853 -0.5691 -0.7264
vn 0.0725 -0.1528 -0.9856
vn 0.7651 -0.6361 -0.0999
vn 0.3302 0.7326 0.5952
vn 0.4890 0.6246 0.6089
vn 0.8297 0.5446 0.1227
vn -0.2736 0.8728 -0.4041
vn -0.5434 -0.8299 0.1265
vn -0.6018 -0.7461 0.2849
vn -0.8176 -0.2556 0.5159
vn -0.7294 -0.0016 -0.6841
vn 0.3448 0.8758 0.3378
vn 0.0210 0.9780 -0.2074
vn -0.6060 0.7611 -0.2312
vn -0.3835 0.3922 0.8361
vn 0.1840 -0.7489 -0.6366
vn -0.4443 -0.7673 -0.4625
vn -0.8485 -0.2053 -0.4879
vn -0.3198 -0.0446 0.9464
vn -0.5032 0.5615 0.6569
vn -0.8226 0.0938 0.5608
vn 0.7818 -0.2420 -0.5746
vn 0.4178 0.2292 -0.8792
vn 0.7493 0.4877 -0.4481
vn -0.2343 0.3303 0.9143
vn 0.4936 0.3175 0.8097
vn 0.5161 0.7908 0.3291
vn 0.1005 -0.5940 -0.7982
vn -0.5637 -0.2646 -0.7825
vn -0.5472 0.3482 -0.7611
vn 0.6480 0.2231 -0.7282
vn 0.4341 0.4506 0.7800
vn 0.5773 0.4942 0.6499
vn 0.5899 0.7984 0.1206
vn -0.6356 0.6845 0.3569
vn 0.3253 0.0353 -0.9450
vn -0.3767 0.1331 -0.9167
vn 0.0812 0.6024 -0.7940
vn 0.4744 0.2418 0.8464
vn 0.4402 0.7705 0.4611
vn -0.1548 0.9721 0.1762
vn -0.5136 -0.6859 -0.5155
vn -0.4734 -0.0354 -0.8801
vn -0.7313 -0.6820 -0.0018
vn -0.7160 0.4719 -0.5145
vn 0.0215 -0.2129 0.9768
vn 0.0342 0.8384 0.5440
vn -0.5978 0.7050 0.3817
vn -0.7262 -0.1235 0.6763
vn -0.5987 -0.4323 -0.6743
vn -0.0022 -0.7811 -0.6244
vn -0.2993 -0.9515 -0.0705
vn 0.0054 -0.4596 0.8881
vn 0.3046 0.1532 0.9401
vn -0.6157 -0.4172 0.6684
vn -0.5440 0.4231 -0.7246
vn -0.4374 -0.2036 -0.8759
vn -0.8885 0.0974 -0.4484
vn -0.3591 -0.7258 0.5868
vn 0.2569 -0.5138 0.8185
vn -0.7937 -0.2397 0.5591
vn -0.0008 0.8137 -0.5813
vn 0.2401 0.2848 -0.9280
vn -0.6239 0.6819 -0.3818
vn -0.4983 -0.0261 0.8666
vn 0.0077 0.4286 0.9035
vn -0.6036 0.4630 0.6491
vn 0.3634 0.7195 -0.5919
vn 0.0532 0.2162 -0.9749
vn -0.1093 0.9651 -0.2379
vn -0.2152 0.1475 0.9654
vn 0.4336 0.2062 0.8772
vn -0.0897 0.6366 0.7659
vn -0.5728 0.7097 -0.4102
vn -0.4965 0.1899 -0.8470
vn -0.7785 -0.5038 -0.3744
vn -0.7722 0.6286 0.0929
vn 0.2265 -0.6714 0.7056
vn 0.3097 -0.5088 0.8033
vn -0.3657 0.3157 0.8756
vn -0.5937 -0.7128 0.3735
vn -0.4139 0.3818 -0.8264
vn -0.0016 -0.1333 -0.9911
vn -0.4704 -0.4963 -0.7296
vn 0.0071 -0.9420 0.3356
vn -0.1502 -0.5181 0.8420
vn -0.5901 -0.7974 0.1260
vn -0.0016 0.9911 0.1333
vn -0.4140 0.8264 -0.3817
vn -0.4703 0.7297 0.4964
vn -0.1500 -0.8421 0.5181
vn 0.0071 -0.3356 0.9420
vn -0.5901 -0.1260 0.7974
vn -0.4892 0.8506 -0.1926
vn -0.5233 0.8497 0.0649
vn -0.7294 0.0012 -0.6841
vn -0.7766 0.3811 0.5017
vn 0.0718 -0.9813 -0.1786
vn 0.2477 -0.7005 0.6693
vn -0.5770 -0.3813 0.7223
vn -0.5854 -0.7746 -0.2395
vn -0.3760 0.5912 -0.7135
vn 0.3308 0.6362 -0.6971
vn 0.0714 0.1343 -0.9884
vn 0.4390 -0.8721 -0.2163
vn 0.4141 -0.7999 0.4345
vn -0.1514 -0.8105 -0.5659
vn -0.4430 0.8708 0.2133
vn 0.1662 0.9860 0.0112
vn -0.8503 0.4887 -0.1954
vn -0.4557 -0.8872 0.0717
vn -0.3255 -0.6306 0.7046
vn -0.8235 -0.4669 0.3221
vn -0.5332 0.7724 -0.3450
vn 0.1011 0.9830 -0.1535
vn 0.6462 0.3505 -0.6779
vn -0.5561 0.2936 -0.7775
vn 0.5770 -0.8087 0.1146
vn 0.3821 -0.8805 0.2806
vn -0.6344 -0.7364 -0.2349
vn 0.5907 -0.6519 -0.4756
vn 0.4178 0.4596 -0.7838
vn 0.7818 0.5775 -0.2351
vn 0.7493 -0.0280 -0.6617
vn 0.4936 -0.7970 0.3481
vn -0.2344 -0.8801 0.4129
vn 0.5161 -0.7919 -0.3265
vn 0.5858 0.7410 0.3282
vn -0.1407 0.9768 0.1614
vn -0.6095 0.3710 0.7006
vn 0.5706 0.2800 0.7720
vn -0.5216 -0.8429 -0.1320
vn -0.4536 -0.8562 -0.2475
vn 0.6622 -0.7117 0.2344
vn -0.5763 -0.6761 0.4591
vn -0.5943 0.3697 0.7142
vn -0.4997 0.8284 0.2532
vn -0.7527 0.4233 -0.5043
vn -0.8114 -0.1821 0.5553
vn 0.3030 -0.7617 -0.5727
vn 0.3430 -0.8782 -0.3333
vn -0.4113 -0.8581 0.3075
vn -0.4779 -0.3812 -0.7914
vn -0.2806 0.9081 0.3108
vn -0.3372 0.9394 0.0611
vn 0.7786 0.5153 0.3581
vn -0.0383 0.8323 -0.5529
vn 0.4874 -0.8731 -0.0099
vn -0.1575 -0.9385 -0.3072
vn -0.2416 -0.2972 -0.9237
vn 0.8291 -0.4734 -0.2975
vn 0.4251 0.5593 0.7117
vn 0.0396 0.9734 0.2257
vn -0.7750 0.6128 0.1543
vn -0.0523 0.1334 0.9897
vn -0.0272 -0.8234 -0.5667
vn -0.3558 -0.7218 -0.5936
vn 0.2816 -0.8492 0.4467
vn -0.8021 -0.5661 -0.1901
vn -0.1880 0.8029 0.5657
vn 0.4114 0.7944 0.4468
vn 0.4814 0.7549 -0.4455
vn -0.6056 0.7631 -0.2257
vn 0.1525 -0.9177 -0.3670
vn -0.0859 -0.9290 -0.3599
vn -0.6271 -0.3097 -0.7148
vn 0.6155 -0.2519 -0.7468
vn 0.4714 0.8586 0.2013
vn 0.5014 0.8538 -0.1398
vn 0.7034 -0.0041 0.7108
vn 0.7665 0.3953 -0.5062
vn -0.0555 -0.9699 0.2369
vn -0.2639 -0.6919 -0.6720
vn 0.5740 -0.3794 -0.7256
vn 0.6046 -0.7536 0.2578
vn 0.1883 0.5656 0.8029
vn -0.4116 0.4467 0.7944
vn -0.4812 -0.4456 0.7549
vn 0.6056 -0.2257 0.7631
vn -0.1521 -0.3670 -0.9177
vn 0.0855 -0.3599 -0.9291
vn 0.6271 -0.7148 -0.3097
vn -0.6155 -0.7468 -0.2519
vn -0.4895 0.1965 0.8496
vn -0.5904 0.7237 0.3572
vn -0.7752 0.6239 -0.0991
vn -0.7714 -0.5112 0.3790
vn 0.3001 -0.5483 -0.7806
vn 0.2389 -0.6750 -0.6981
vn -0.5938 -0.7143 -0.3703
vn -0.3472 0.3174 -0.8824
vn 0.0840 0.1801 0.9801
vn 0.0166 0.2854 0.9583
vn 0.8094 0.1824 0.5582
vn -0.1308 0.9564 0.2611
vn 0.0290 -0.5641 -0.8252
vn -0.3204 0.0674 -0.9449
vn -0.1722 0.5239 -0.8342
vn 0.8029 -0.1888 -0.5655
vn 0.2789 0.3072 0.9099
vn -0.4779 0.5311 0.6997
vn -0.8254 0.2246 0.5180
vn 0.0362 -0.5555 0.8308
vn 0.2904 -0.5341 -0.7940
vn 0.1052 -0.3719 -0.9223
vn 0.1994 -0.9486 -0.2458
vn -0.7842 -0.2282 -0.5771
vn 0.2850 0.2246 0.9319
vn 0.6428 0.5770 0.5039
vn 0.1252 0.9910 0.0468
vn -0.6334 0.6324 0.4459
vn -0.5565 -0.0273 -0.8304
vn -0.5329 -0.0791 -0.8425
vn -0.6109 0.3901 -0.6889
vn 0.6386 0.2420 -0.7305
vn 0.5925 -0.3075 0.7445
vn 0.4595 0.2628 0.8484
vn 0.7407 -0.4923 0.4572
vn 0.7118 0.7009 0.0462
vn -0.3028 -0.5732 -0.7614
vn 0.2492 0.3034 -0.9197
vn 0.8186 -0.0108 -0.5743
vn 0.4785 -0.7910 -0.3812
vn -0.5430 -0.8330 0.1060
vn -0.1270 -0.9000 0.4169
vn -0.7114 -0.5473 0.4409
vn -0.3633 0.9317 0.0002
vn -0.7550 0.6510 -0.0780
vn -0.7326 0.5389 0.4159
vn -0.1170 -0.8459 0.5203
vn 0.1171 -0.8459 0.5203
vn 0.4675 -0.3414 0.8154
vn -0.4675 -0.3414 0.8154
vn 0.2934 0.9495 -0.1112
vn -0.2935 0.9495 -0.1112
vn -0.3823 0.7532 0.5354
vn 0.3823 0.7532 0.5354
vn 0.1269 -0.9001 0.4168
vn 0.5429 -0.8331 0.1060
vn 0.7113 -0.5473 0.4409
vn 0.7549 0.6512 -0.0780
vn 0.3632 0.9317 0.0002
vn 0.7325 0.5390 0.4159
vn -0.0000 -0.7494 -0.6622
vn -0.0000 0.6622 -0.7494
vn -0.0606 0.9749 0.2144
vn -0.6057 0.0728 0.7924
vn 0.1138 0.1200 0.9862
vn 0.2340 0.5280 0.8164
vn 0.1536 -0.4290 0.8901
vn 0.3301 -0.9383 0.1034
vn 0.2595 -0.7114 0.6532
vn 0.3923 -0.9008 -0.1864
vn 0.4463 0.2625 -0.8555
vn -0.0000 0.8185 -0.5745
vn 0.3041 0.9454 0.1170
vn -0.0001 -0.8047 -0.5936
vn -0.3166 -0.1937 -0.9286
vn 0.4244 -0.2314 -0.8754
vn 0.8463 0.5327 0.0005
vn 0.5147 0.7743 0.3682
vn 0.8597 0.2699 0.4336
vn -0.1894 -0.9809 -0.0444
vn 0.3412 -0.9400 -0.0009
vn 0.3975 -0.7741 0.4927
vn -0.2233 0.8863 0.4058
vn 0.2021 0.8820 0.4257
vn -0.4746 0.5348 0.6991
vn 0.5108 0.5081 0.6935
vn -0.4713 -0.8251 0.3116
vn 0.2941 -0.9515 -0.0900
vn 0.4986 -0.7756 0.3872
vn -0.3482 -0.6937 0.6305
vn -0.7762 0.3998 0.4875
vn -0.9343 -0.2592 -0.2449
vn -0.8367 -0.0936 0.5397
vn -0.9589 0.0622 0.2770
vn -0.5498 -0.5304 0.6453
vn -0.0111 -0.9526 -0.3040
vn -0.3511 -0.8037 0.4804
vn 0.3507 -0.9246 0.1485
vn 0.7795 0.5729 -0.2534
vn 0.2698 0.9536 0.1338
vn 0.6115 0.7510 -0.2491
vn -0.0116 0.9186 0.3949
vn -0.1256 -0.9384 -0.3219
vn 0.0762 -0.0556 -0.9955
vn 0.7694 -0.1806 -0.6127
vn 0.6797 -0.6092 -0.4084
vn -0.5110 -0.5372 0.6711
vn 0.3845 -0.7935 0.4718
vn 0.3961 -0.2800 0.8745
vn -0.5019 -0.4699 0.7262
vn 0.0102 0.9911 -0.1330
vn 0.4939 0.8377 0.2329
vn -0.5125 0.7886 0.3399
vn 0.4839 0.7404 0.4665
vn 0.4924 -0.8660 0.0868
vn 0.8737 -0.4865 0.0003
vn 0.8410 -0.2776 0.4643
vn 0.3642 0.9313 -0.0004
vn -0.0200 0.9310 0.3646
vn 0.5583 0.7078 0.4329
vn -0.1650 -0.8628 -0.4778
vn 0.3606 -0.8074 -0.4671
vn -0.6244 -0.7419 -0.2443
vn -0.6692 0.6420 -0.3742
vn -0.2171 0.7466 -0.6289
vn -0.6823 0.5879 -0.4346
vn -0.2974 -0.6414 0.7072
vn 0.2171 -0.7467 0.6288
vn 0.0238 -0.3616 0.9320
vn 0.1650 0.8628 0.4779
vn 0.4649 0.8843 0.0436
vn -0.3410 0.7417 0.5775
vn -0.0000 -0.8165 -0.5773
vn -0.0004 -0.8165 -0.5773
vn -0.0001 -0.8163 -0.5776
vn 0.0003 0.8166 -0.5772
vn -0.0000 0.8164 -0.5774
vn -0.0004 0.8164 -0.5774
vn -0.8945 -0.4471 0.0005
vn -0.6210 -0.6735 -0.4009
vn -0.7726 -0.3859 0.5042
vn -0.8946 -0.4469 -0.0002
vn -0.3393 0.7911 0.5090
vn -0.3943 0.9190 -0.0001
vn -0.3947 0.9188 0.0001
vn -0.6654 0.6494 0.3682
vn 0.5430 -0.8330 -0.1060
vn 0.1270 -0.9001 -0.4168
vn 0.7113 -0.5474 -0.4409
vn 0.3633 0.9317 -0.0002
vn 0.7550 0.6511 0.0780
vn 0.7326 0.5389 -0.4159
vn 0.1170 -0.8459 -0.5204
vn -0.1171 -0.8459 -0.5204
vn -0.4674 -0.3413 -0.8155
vn 0.4674 -0.3413 -0.8155
vn -0.2934 0.9495 0.1112
vn 0.2934 0.9495 0.1111
vn 0.3822 0.7532 -0.5354
vn -0.3822 0.7532 -0.5353
vn -0.1270 -0.9001 -0.4168
vn -0.5430 -0.8331 -0.1060
vn -0.7113 -0.5474 -0.4409
vn -0.7550 0.6511 0.0780
vn -0.3633 0.9317 -0.0002
vn -0.7326 0.5389 -0.4159
vn -0.0000 -0.7494 0.6622
vn -0.0000 0.6622 0.7494
vn -0.1170 -0.5589 -0.8210
vn 0.1171 -0.5589 -0.8209
vn 0.4674 -0.8304 -0.3034
vn -0.4674 -0.8304 -0.3034
vn 0.2934 0.1549 0.9434
vn -0.2934 0.1548 0.9434
vn -0.3822 -0.5000 0.7771
vn 0.3822 -0.5000 0.7771
vn 0.1254 -0.4579 -0.8801
vn 0.5414 -0.1446 -0.8283
vn 0.7103 -0.4662 -0.5275
vn 0.7537 0.1080 0.6483
vn 0.3615 0.0428 0.9314
vn 0.7313 -0.3906 0.5590
vn -0.0000 0.6447 -0.7645
vn -0.0000 0.7645 0.6447
vn -0.5414 -0.1446 -0.8283
vn -0.1254 -0.4579 -0.8801
vn -0.7103 -0.4662 -0.5275
vn -0.3615 0.0428 0.9314
vn -0.7537 0.1079 0.6483
vn -0.7313 -0.3907 0.5590
vn -0.9879 -0.1168 0.1021
vn -0.8386 -0.0586 -0.5416
vn -0.6020 -0.6435 -0.4728
vn 0.6098 -0.0873 -0.7877
vn 0.9640 -0.0830 -0.2526
vn 0.4361 -0.6859 -0.5825
vn -0.8267 0.3298 0.4558
vn -0.9842 -0.1618 0.0715
vn -0.6956 -0.1502 0.7026
vn 0.6573 -0.1666 0.7350
vn 0.7957 0.3741 0.4764
vn 0.4817 0.0814 0.8726
vn -0.4163 0.3032 0.8572
vn -0.9303 -0.1741 0.3227
vn -0.3603 -0.8196 0.4454
vn -0.2206 0.1878 0.9571
vn 0.9421 -0.0188 -0.3349
vn 0.9571 0.1161 -0.2654
vn 0.7907 0.4224 0.4432
vn 0.6951 -0.7061 0.1352
vn -0.9156 -0.4003 -0.0390
vn -0.9663 0.0996 0.2372
vn -0.6698 0.6413 -0.3743
vn -0.6841 -0.4648 -0.5621
vn 0.9392 0.0925 -0.3307
vn 0.8503 0.3298 -0.4102
vn 0.4272 -0.4671 -0.7741
vn 0.3767 0.6849 -0.6237
vn -0.8731 0.2199 0.4351
vn -0.4634 -0.2649 0.8456
vn 0.0691 -0.0700 0.9952
vn -0.2590 0.8330 0.4890
vn 0.9631 -0.0421 -0.2657
vn 0.9498 0.0233 -0.3120
vn 0.6890 0.7087 0.1517
vn 0.7430 -0.3901 0.5438
vn -0.9129 -0.0672 0.4026
vn -0.8507 -0.0466 0.5236
vn -0.4230 -0.8724 0.2449
vn -0.3524 -0.0191 0.9356
vn 0.9157 -0.2852 -0.2832
vn 0.8196 0.3583 0.4471
vn 0.6119 -0.0937 0.7854
vn 0.7176 -0.6944 0.0537
vn -0.8784 0.1550 0.4521
vn -0.9713 -0.0657 -0.2285
vn -0.5234 -0.8516 -0.0264
vn -0.5140 -0.2476 0.8213
vn 0.7832 -0.5681 -0.2526
vn 0.9792 -0.2003 -0.0310
vn 0.6187 -0.0513 0.7840
vn 0.3747 -0.9201 0.1145
vn -0.6223 -0.7041 0.3419
vn -0.7332 -0.6407 0.2279
vn -0.3523 -0.3883 -0.8515
vn -0.0576 -0.9776 0.2024
vn 0.7123 -0.0416 -0.7006
vn 0.9485 0.2195 0.2282
vn 0.6171 -0.6708 0.4114
vn 0.4809 -0.7284 -0.4880
vn -0.6190 -0.6232 -0.4780
vn -0.9970 0.0247 -0.0737
vn -0.5753 0.5192 -0.6321
vn -0.2299 0.0259 -0.9729
vn 0.9080 0.3955 -0.1384
vn 0.8868 0.4597 -0.0473
vn 0.6562 -0.6203 -0.4297
vn 0.5963 0.5165 -0.6145
vn -0.7021 0.6973 -0.1446
vn -0.8368 0.5419 0.0786
vn -0.2964 0.5349 0.7912
vn -0.1767 0.9751 -0.1342
vn 0.9098 -0.1327 0.3934
vn 0.9852 -0.1707 -0.0131
vn 0.7211 0.6152 -0.3186
vn 0.6633 0.3813 0.6440
vn -0.7071 0.4870 -0.5127
vn 0.7071 0.4870 -0.5127
vn -0.6085 0.0815 0.7894
vn -0.9344 -0.1570 0.3198
vn -0.3081 -0.5268 0.7922
vn 0.9545 -0.2976 -0.0180
vn 0.8403 0.0669 0.5380
vn 0.5279 -0.4383 0.7274
vn -0.9223 -0.1268 0.3651
vn -0.7540 -0.6569 0.0014
vn -0.3734 -0.7873 0.4907
vn 0.7553 -0.6554 -0.0042
vn 0.9811 -0.0665 0.1818
vn 0.4840 -0.6588 0.5760
vn -0.7071 -0.4870 0.5127
vn 0.7071 -0.4870 0.5127
vn -0.7071 0.0701 -0.7036
vn 0.7071 0.0701 -0.7036
vn -0.7071 -0.0701 0.7036
vn 0.7071 -0.0701 0.7036
vn -0.7071 -0.2465 -0.6628
vn 0.7071 -0.2465 -0.6628
vn -0.8124 0.2440 0.5296
vn -0.8701 -0.3361 0.3604
vn -0.5181 -0.1161 0.8474
vn 0.9428 0.3214 0.0890
vn 0.7184 0.2950 0.6300
vn 0.5652 -0.2462 0.7873
vn -0.8987 -0.2839 -0.3342
vn -0.6084 -0.7600 -0.2286
vn -0.4583 -0.8159 0.3524
vn 0.8462 -0.5003 -0.1836
vn 0.9003 -0.2435 0.3607
vn 0.5957 -0.7629 0.2511
vn -0.7071 -0.0701 -0.7036
vn 0.7071 -0.0702 -0.7036
vn -0.7071 0.0701 0.7036
vn 0.7071 0.0701 0.7036
vn -0.7071 0.2465 -0.6628
vn 0.7071 0.2465 -0.6628
vn -0.7694 -0.6387 0.0016
vn 0.7709 -0.6369 -0.0048
vn -0.6023 0.0023 0.7982
vn 0.8599 0.0119 0.5104
vn -0.7302 0.0715 -0.6795
vn 0.6631 0.3140 -0.6795
vn -0.6917 -0.2398 0.6812
vn 0.7953 0.0412 0.6048
vn -0.4747 -0.8794 -0.0355
vn 0.9080 -0.3902 -0.1525
vn -0.6631 -0.3140 0.6795
vn 0.7302 -0.0715 0.6795
vn -0.6762 -0.2389 -0.6969
vn 0.7171 0.0035 -0.6970
vn -0.8178 0.5755 -0.0000
vn 0.5754 0.8179 -0.0000
vn -0.6743 -0.4483 0.5868
vn -0.4331 -0.7390 -0.5160
vn -0.4700 -0.6563 -0.5902
vn -0.2463 -0.8098 0.5325
vn -0.5753 0.7857 0.2274
vn -0.7775 0.6289 -0.0059
vn 0.0032 0.8332 0.5529
vn -0.2328 0.7713 -0.5924
vn -0.1519 -0.8219 0.5490
vn 0.0582 -0.6879 0.7234
vn -0.6047 -0.7913 -0.0902
vn 0.5840 -0.7942 0.1680
vn -0.5775 0.5470 0.6060
vn 0.5256 0.8397 0.1366
vn 0.5289 0.8459 -0.0693
vn -0.4501 0.8884 -0.0899
vn 0.6899 -0.5297 -0.4934
vn 0.8966 -0.4121 -0.1624
vn 0.2930 -0.7394 0.6062
vn 0.0034 -0.8254 -0.5646
vn 0.6786 0.3903 0.6222
vn 0.9976 -0.0259 -0.0639
vn 0.4688 0.6249 -0.6243
vn 0.3755 0.7787 0.5026
vn -0.6483 -0.5149 -0.5609
vn 0.0105 -0.2576 -0.9662
vn 0.6346 -0.6856 -0.3567
vn -0.4889 -0.8448 -0.2174
vn 0.5717 0.3867 -0.7236
vn 0.1484 0.2095 -0.9665
vn -0.6506 0.6120 -0.4497
vn 0.5375 0.7807 -0.3188
vn -0.6769 0.5647 0.4721
vn -0.9689 0.0979 0.2273
vn -0.4679 0.1497 0.8710
vn 0.9923 -0.0855 0.0896
vn 0.8200 0.4441 0.3612
vn 0.6062 0.0910 0.7901
vn -0.9830 -0.0970 0.1558
vn -0.7596 -0.6504 0.0015
vn -0.5256 -0.6471 0.5523
vn 0.7640 -0.6452 -0.0053
vn 0.9920 -0.0843 0.0940
vn 0.5663 -0.6036 0.5612
vn -0.9730 -0.1512 0.1746
vn -0.8213 -0.4392 -0.3642
vn -0.5569 -0.8304 -0.0183
vn 0.6769 -0.5656 -0.4711
vn 0.9720 -0.2245 -0.0697
vn 0.4846 -0.8745 0.0198
vn -0.8950 0.4461 0.0065
vn -0.9813 -0.1650 -0.0992
vn -0.7691 0.3833 0.5114
vn 0.6097 0.5682 0.5526
vn 0.7253 0.6884 -0.0015
vn 0.5078 0.6812 0.5274
vn -0.4079 0.5623 0.7193
vn -0.8967 -0.0926 0.4328
vn -0.3177 -0.5768 0.7526
vn -0.3059 0.5270 0.7929
vn 0.9350 -0.2047 -0.2895
vn 0.9425 -0.1254 -0.3097
vn 0.8186 0.5266 0.2295
vn 0.7166 -0.5605 0.4151
vn -0.7578 0.6524 0.0059
vn -0.9905 0.1341 0.0315
vn -0.5483 0.6672 0.5041
vn 0.8880 0.2724 0.3705
vn 0.7553 0.6552 -0.0184
vn 0.5282 0.7017 0.4781
vn -0.6924 0.1313 0.7095
vn -0.8413 -0.3339 0.4252
vn -0.2275 -0.8064 0.5459
vn -0.1749 0.1229 0.9769
vn 0.9630 -0.1356 -0.2330
vn 0.9840 0.0185 -0.1772
vn 0.7364 0.3186 0.5968
vn 0.6931 -0.6648 0.2787
vn -0.9480 -0.2998 0.1068
vn -0.7719 -0.4549 -0.4441
vn -0.4820 -0.8567 -0.1837
vn 0.7632 -0.4414 -0.4719
vn 0.9865 -0.1636 -0.0049
vn 0.5671 -0.8187 -0.0906
vn -0.7212 -0.2121 -0.6594
vn -0.9951 0.0856 -0.0487
vn -0.5760 0.8120 -0.0938
vn -0.1988 0.5393 -0.8183
vn 0.9097 0.3808 0.1658
vn 0.9718 0.0633 0.2273
vn 0.5777 -0.0946 -0.8107
vn 0.6025 0.7942 -0.0793
vn -0.6981 0.5917 0.4033
vn -0.8361 0.3280 0.4398
vn -0.2952 -0.1810 0.9381
vn -0.1832 0.7775 0.6016
vn 0.9098 -0.3726 0.1828
vn 0.9869 -0.1066 -0.1209
vn 0.7293 0.6502 0.2130
vn 0.6642 -0.1865 0.7239
vn -0.8405 -0.2996 0.4515
vn -0.7625 -0.6469 0.0064
vn -0.4307 -0.8091 0.3997
vn 0.7511 -0.6600 -0.0167
vn 0.9699 -0.1685 -0.1757
vn 0.5989 -0.6185 0.5087
vn -0.6067 -0.3073 -0.7331
vn -0.9442 -0.2861 -0.1629
vn -0.3591 0.3781 -0.8533
vn 0.7558 0.5053 -0.4164
vn 0.8433 -0.2206 -0.4901
vn 0.3727 -0.0412 -0.9270
vn -0.3600 -0.4587 0.8124
vn -0.5367 -0.7148 0.4484
vn -0.6947 0.3717 0.6159
vn -0.7391 -0.6708 0.0615
vn -0.3049 0.8000 -0.5168
vn 0.1808 0.0009 -0.9835
vn -0.6154 -0.2556 -0.7456
vn -0.8272 0.3206 -0.4614
vn -0.5999 0.1634 0.7832
vn -0.0010 0.2051 0.9787
vn -0.1706 0.6781 0.7149
vn -0.0012 0.9428 -0.3333
vn 0.4959 0.6961 -0.5191
vn -0.5852 0.7637 -0.2725
vn 0.7933 -0.2080 0.5722
vn 0.4877 0.3307 -0.8079
vn 0.0001 -0.7259 0.6878
vn -0.3899 -0.2509 0.8860
vn -0.4746 -0.8422 0.2559
vn -0.1570 0.3286 -0.9313
vn -0.0003 -0.2975 -0.9547
vn -0.5961 -0.3851 -0.7045
vn -0.7190 0.4904 0.4924
vn -0.6196 -0.1139 0.7766
vn -0.1308 0.6237 0.7706
vn 0.9405 0.2459 -0.2345
vn 0.7963 0.4488 0.4056
vn 0.6092 -0.0430 0.7919
vn -0.8244 -0.4619 0.3271
vn -0.8166 -0.1055 0.5674
vn -0.2742 -0.7789 0.5640
vn -0.2722 0.3079 0.9117
vn 0.8689 -0.4939 -0.0338
vn 0.7587 0.4974 0.4207
vn 0.4846 -0.0625 0.8725
vn 0.6013 -0.5477 0.5818
vn -0.7478 -0.4445 0.4931
vn -0.7331 -0.6801 0.0031
vn -0.3104 -0.9307 0.1936
vn 0.7612 -0.6482 -0.0180
vn 0.9765 -0.1638 -0.1402
vn 0.6050 -0.6314 0.4850
vn 0.7071 0.6533 -0.2706
vn -0.7719 0.4442 0.4548
vn -0.9481 -0.1066 0.2995
vn -0.4821 0.1836 0.8567
vn 0.9865 0.0046 0.1639
vn 0.7632 0.4719 0.4414
vn 0.5670 0.0906 0.8187
vn -0.8263 -0.4464 0.3435
vn -0.6845 -0.7183 -0.1244
vn -0.1677 -0.9744 -0.1496
vn -0.2032 -0.5539 0.8074
vn 0.9728 0.2280 -0.0403
vn 0.9567 0.2637 0.1232
vn 0.7080 -0.2507 0.6602
vn 0.7488 -0.5739 -0.3316
vn -0.9960 -0.0523 -0.0731
vn -0.7833 -0.0090 -0.6216
vn -0.5679 -0.5072 -0.6483
vn 0.7693 0.0240 -0.6384
vn 0.8992 -0.3678 -0.2372
vn 0.5518 -0.4883 -0.6761
vn -0.7793 -0.0085 0.6266
vn -0.8415 -0.4701 0.2663
vn -0.4429 -0.3985 0.8031
vn 0.9721 0.2000 0.1224
vn 0.7729 0.0255 0.6341
vn 0.6231 -0.5098 0.5932
vn -0.9204 -0.2690 -0.2836
vn -0.6209 -0.7233 -0.3022
vn -0.4510 -0.8581 0.2452
vn 0.8626 -0.4613 -0.2077
vn 0.8979 -0.2682 0.3490
vn 0.6017 -0.7863 0.1405
vn -0.7296 0.4855 -0.4817
vn -0.6763 0.7116 0.1904
vn -0.1322 0.8258 -0.5482
vn 0.9730 -0.1896 -0.1314
vn 0.7842 0.4199 -0.4569
vn 0.5522 0.8328 0.0388
vn -0.9442 0.1629 0.2861
vn -0.6067 0.7331 0.3073
vn -0.3591 0.8533 -0.3781
vn 0.8433 0.4901 0.2206
vn 0.7558 0.4164 -0.5053
vn 0.3727 0.9270 0.0411
vn -0.6183 0.7252 -0.3030
vn -0.9250 0.2756 -0.2617
vn -0.4410 0.8650 0.2394
vn 0.8909 0.3087 0.3331
vn 0.8390 0.4977 -0.2199
vn 0.5653 0.8142 0.1318
vn -0.8779 0.4360 0.1979
vn -0.9933 -0.0223 -0.1131
vn -0.6549 -0.6248 0.4251
vn -0.5074 0.4144 0.7555
vn 0.6184 -0.6306 0.4689
vn 0.9819 -0.1632 0.0963
vn 0.6178 0.5317 0.5794
vn 0.3746 -0.4984 0.7818
vn -0.4135 -0.3717 0.8312
vn -0.5528 -0.7569 -0.3487
vn -0.1265 -0.9776 -0.1682
vn -0.0927 -0.5960 0.7976
vn 0.9652 0.2223 -0.1377
vn 0.9621 0.2009 -0.1844
vn 0.7118 -0.0536 0.7003
vn 0.6674 -0.6116 -0.4248
vn -0.9914 -0.0478 0.1218
vn -0.7921 -0.4390 -0.4240
vn -0.5636 -0.8255 0.0304
vn 0.7198 -0.4879 -0.4938
vn 0.6825 -0.7180 0.1368
vn 0.3203 -0.9279 -0.1907
vn 0.9197 0.3926 -0.0021
vn 0.7693 0.3246 -0.5503
vn 0.7200 0.4720 -0.5087
vn -0.6225 0.5854 0.5195
vn -0.6749 0.7379 -0.0069
vn -0.5666 0.6099 -0.5540
vn 0.5053 -0.7941 0.3378
vn 0.5816 -0.7866 -0.2075
vn 0.5318 -0.4874 -0.6926
vn -0.9570 -0.2419 -0.1601
vn -0.7603 -0.0365 -0.6486
vn -0.7250 -0.1841 -0.6637
vn 0.6645 -0.1693 0.7279
vn -0.8798 0.2402 0.4101
vn 0.9575 0.2395 0.1609
vn 0.8454 0.3692 -0.3859
vn 0.7216 0.6908 -0.0460
vn -0.7293 0.4185 0.5413
vn -0.5735 0.7928 0.2062
vn -0.4257 0.8253 -0.3709
vn 0.5667 -0.6454 -0.5122
vn 0.4744 -0.5972 -0.6468
vn 0.1405 -0.4330 -0.8903
vn 0.6272 0.3845 -0.6773
vn -0.8893 0.4557 0.0393
vn -0.6062 0.7078 -0.3627
vn -0.4536 0.4044 -0.7941
vn -0.8682 -0.2612 -0.4220
vn 0.9200 -0.3861 0.0668
vn 0.6307 -0.7760 0.0006
vn 0.4974 -0.7057 -0.5046
vn -0.9741 -0.2260 0.0010
vn -0.8714 -0.0894 -0.4823
vn -0.7840 -0.4839 -0.3888
vn 0.8621 -0.3959 0.3164
vn 0.6574 -0.0965 0.7473
vn 0.4051 -0.6194 0.6725
vn -0.8369 -0.0590 0.5442
vn -0.9958 0.0913 -0.0000
vn -0.6520 -0.5862 0.4809
vn 0.7494 -0.4716 -0.4647
vn 0.9911 -0.0764 -0.1086
vn 0.5436 -0.8350 -0.0850
vn -0.9179 -0.3889 0.0790
vn -0.7573 -0.4470 -0.4760
vn -0.5419 -0.8321 -0.1181
vn -0.9812 0.1666 -0.0974
vn -0.8969 -0.4422 0.0064
vn -0.7715 -0.3804 0.5100
vn 0.7261 -0.6876 -0.0016
vn 0.6110 -0.5684 0.5510
vn 0.5103 -0.6810 0.5252
vn -0.7670 0.6417 0.0018
vn -0.9140 0.1591 0.3732
vn -0.4085 0.7992 0.4409
vn 0.9799 0.1035 0.1704
vn 0.7583 0.6519 -0.0045
vn 0.5147 0.6647 0.5416
vn -0.8772 0.1704 0.4489
vn -0.4079 -0.5605 0.7207
vn -0.3077 -0.5258 0.7930
vn -0.2427 0.5618 0.7909
vn 0.9433 0.1274 -0.3064
vn 0.9232 0.3008 -0.2390
vn 0.6844 0.5168 0.5143
vn 0.8205 -0.5227 0.2313
vn 0.8302 0.0685 -0.5533
vn 0.9778 0.2094 -0.0083
vn 0.6722 -0.4757 -0.5673
vn -0.9007 -0.2550 -0.3518
vn -0.6653 0.0926 -0.7409
vn -0.5259 -0.4657 -0.7117
vn 0.8004 -0.4751 0.3656
vn 0.6403 0.2109 0.7386
vn 0.1715 0.1315 0.9764
vn 0.3565 -0.7962 0.4887
vn -0.9706 -0.0963 -0.2206
vn -0.9671 0.2482 -0.0552
vn -0.7539 -0.6459 0.1206
vn -0.7358 0.3491 0.5803
vn 0.9899 0.1208 -0.0739
vn 0.7523 0.6588 0.0053
vn 0.5577 0.6344 0.5353
vn -0.7769 0.6291 -0.0268
vn -0.8390 0.2971 0.4559
vn -0.5260 0.7027 0.4792
vn 0.8631 0.4474 -0.2343
vn 0.8339 -0.0676 -0.5478
vn 0.6307 0.4807 -0.6093
vn -0.6467 -0.0928 -0.7571
vn -0.8257 -0.4596 -0.3271
vn -0.5246 0.4901 -0.6961
vn 0.7853 -0.6190 0.0094
vn 0.7887 -0.3142 0.5285
vn 0.4187 -0.8285 0.3718
vn -0.9320 -0.1927 -0.3070
vn -0.7471 -0.6645 -0.0150
vn -0.6041 -0.5901 0.5356
vn 0.7772 0.4701 0.4183
vn 0.6870 -0.1592 0.7090
vn 0.3228 0.8147 0.4817
vn 0.2852 -0.2118 0.9348
vn -0.8840 0.4358 -0.1688
vn -0.8676 -0.4249 0.2583
vn -0.6447 -0.1606 0.7474
vn -0.7203 0.6750 0.1599
vn 0.7194 0.6174 -0.3181
vn 0.9955 -0.0256 -0.0908
vn 0.5623 -0.5187 -0.6440
vn 0.1867 0.2133 -0.9590
vn -0.9059 -0.3937 -0.1558
vn -0.9747 -0.1972 0.1053
vn -0.5637 0.6463 -0.5144
vn -0.5849 -0.5130 -0.6283
vn 0.6994 -0.6998 -0.1453
vn 0.8530 -0.5097 0.1120
vn 0.2764 -0.5255 0.8046
vn 0.1714 -0.9761 -0.1338
vn -0.9176 0.1668 0.3609
vn -0.9853 0.1701 -0.0121
vn -0.7197 -0.6167 -0.3190
vn -0.6517 -0.3708 0.6616
vn 0.8632 -0.1349 0.4866
vn 0.7679 0.4479 0.4579
vn 0.4314 0.2640 0.8627
vn -0.7432 0.4826 0.4634
vn -0.9800 0.1980 0.0174
vn -0.5749 0.0683 0.8154
vn 0.6099 0.7334 -0.3003
vn 0.9503 0.3007 0.0805
vn 0.3572 0.3353 -0.8718
vn -0.7513 -0.0555 -0.6576
vn -0.8351 0.5138 -0.1964
vn -0.3536 0.6888 -0.6329
vn 0.6353 0.0983 0.7660
vn 0.8938 -0.2448 0.3758
vn 0.4745 0.6590 0.5836
vn -0.8463 0.5151 0.1360
vn -0.8408 0.0578 0.5383
vn -0.5578 0.5619 0.6109
vn 0.8174 0.5516 0.1661
vn 0.7271 -0.2158 -0.6517
vn 0.2030 0.5247 -0.8267
vn 0.4620 0.8626 -0.2060
vn -0.9757 0.0860 0.2013
vn -0.9463 -0.1451 -0.2887
vn -0.6379 0.7685 0.0503
vn -0.5524 -0.0704 -0.8306
vn 0.9524 -0.2664 -0.1482
vn 0.6183 -0.3039 -0.7248
vn 0.3633 0.3823 -0.8497
vn -0.8534 -0.2139 -0.4753
vn -0.7610 0.5070 -0.4048
vn -0.3766 -0.0338 -0.9258
vn 0.8587 0.1707 0.4833
vn 0.8963 -0.0218 0.4428
vn 0.6352 0.5272 -0.5644
vn 0.5450 0.5577 0.6261
vn -0.8339 0.2430 -0.4956
vn -0.9601 0.1061 -0.2587
vn -0.6230 0.4953 0.6054
vn -0.5769 0.5751 -0.5800
vn 0.7039 -0.2468 -0.6660
vn 0.6489 -0.6734 0.3542
vn 0.0847 -0.9760 0.2004
vn 0.3493 -0.3986 -0.8480
vn -0.9578 0.1962 0.2101
vn -0.8962 -0.0894 0.4345
vn -0.6870 -0.0914 -0.7209
vn -0.5984 -0.6929 0.4022
vn 0.9768 -0.0843 -0.1970
vn 0.9786 -0.1824 -0.0954
vn 0.6120 0.0100 0.7908
vn 0.4951 -0.8688 -0.0113
vn -0.8368 0.1466 0.5275
vn -0.7814 -0.5666 -0.2615
vn -0.3649 -0.9237 0.1166
vn -0.5325 -0.1065 0.8397
vn 0.7334 -0.6507 -0.1969
vn 0.8493 -0.0638 -0.5240
vn 0.6600 0.5702 -0.4891
vn -0.6287 -0.0930 -0.7721
vn -0.4951 0.5534 -0.6698
vn -0.4322 0.5513 -0.7136
vn 0.7425 -0.4706 0.4767
vn 0.8741 0.2027 0.4414
vn 0.2899 -0.2803 0.9151
vn -0.9718 0.1200 0.2028
vn -0.7545 -0.4748 0.4532
vn -0.4417 -0.0873 0.8929
vn 0.8843 -0.0666 0.4621
vn 0.3740 0.8445 0.3834
vn 0.3145 0.8536 0.4153
vn 0.1584 -0.2395 0.9579
vn -0.7655 -0.4982 0.4073
vn -0.9127 -0.4071 0.0345
vn -0.5337 -0.2046 0.8205
vn -0.7035 0.7080 0.0611
vn 0.8112 -0.2174 -0.5428
vn 0.9068 -0.1204 -0.4041
vn 0.6319 -0.6007 0.4898
vn 0.3874 -0.6154 -0.6865
vn -0.8765 -0.1981 0.4387
vn -0.9869 0.1603 0.0156
vn -0.5981 -0.4741 -0.6462
vn -0.6676 -0.5340 0.5188
vn 0.7769 0.2266 0.5875
vn 0.6286 0.7193 0.2957
vn 0.4754 0.4030 0.7820
vn -0.8138 0.5415 0.2112
vn -0.9081 0.2723 -0.3182
vn -0.6606 0.2570 0.7054
vn 0.7718 -0.0079 -0.6358
vn 0.9912 -0.1314 0.0135
vn 0.4976 -0.5948 -0.6313
vn -0.7828 -0.5483 -0.2943
vn -0.7373 0.0101 -0.6754
vn -0.3728 -0.5426 -0.7527
vn 0.6191 0.0995 0.7790
vn 0.4905 0.6824 0.5419
vn 0.1756 0.6422 0.7461
vn -0.9605 -0.2535 -0.1145
vn -0.8611 0.0517 0.5058
vn -0.6841 0.6484 0.3340
vn 0.9967 -0.0283 -0.0757
vn 0.7769 0.6296 0.0086
vn 0.6094 0.4971 0.6177
vn -0.7418 0.6705 -0.0116
vn -0.5869 0.5098 0.6290
vn -0.3384 0.7952 0.5032
vn 0.6129 -0.7838 0.0999
vn 0.9350 -0.3091 -0.1741
vn 0.3844 -0.5620 0.7323
vn -0.7867 -0.1000 0.6092
vn -0.8565 -0.5133 0.0532
vn -0.4355 -0.7632 0.4774
vn 0.7051 -0.6101 0.3615
vn 0.7363 -0.0035 0.6766
vn 0.1960 -0.2743 0.9415
vn -0.7737 0.0229 0.6332
vn -0.9660 0.2577 0.0201
vn -0.5635 -0.5997 0.5682
vn 0.7996 0.4019 0.4462
vn 0.6111 -0.1001 0.7852
vn 0.4575 -0.7329 0.5036
vn -0.8632 -0.0510 0.5022
vn -0.6609 -0.6874 0.3010
vn -0.4098 -0.3726 0.8326
vn 0.7407 -0.6718 0.0040
vn 0.5591 -0.5174 0.6478
vn 0.1680 -0.9807 0.1001
vn -0.8458 -0.1501 -0.5119
vn -0.7788 -0.6268 -0.0248
vn -0.6244 -0.4965 0.6030
vn 0.8355 0.1790 0.5195
vn 0.8455 0.5301 -0.0648
vn 0.5948 0.5904 0.5456
vn -0.6236 0.7762 -0.0930
vn -0.8052 0.2923 -0.5160
vn -0.4752 0.6790 0.5596
vn 0.7609 -0.4635 -0.4540
vn 0.9793 -0.1621 0.1212
vn 0.4798 -0.8760 -0.0487
vn -0.7794 -0.6019 0.1738
vn -0.7426 -0.4656 -0.4815
vn -0.3577 -0.9138 -0.1922
vn 0.6114 -0.7311 -0.3027
vn 0.7159 -0.6517 -0.2506
vn 0.3374 -0.4011 0.8516
vn 0.0523 -0.9862 -0.1573
vn -0.8478 0.1944 0.4933
vn -0.9671 0.1802 -0.1797
vn -0.6361 -0.6726 -0.3782
vn -0.6545 -0.1633 0.7382
vn 0.8519 0.0632 -0.5199
vn 0.6563 -0.5886 -0.4720
vn 0.5859 -0.5369 -0.6070
vn -0.5380 0.6882 -0.4867
vn -0.6221 0.0930 -0.7774
vn -0.4862 -0.5608 -0.6702
vn 0.3849 0.3229 0.8646
vn 0.8660 -0.3615 0.3455
vn 0.2397 0.2828 0.9287
vn 0.3232 -0.8541 0.4074
vn -0.8040 0.4976 0.3254
vn -0.7112 -0.7017 0.0422
vn -0.6494 -0.7384 0.1819
vn -0.4919 -0.0191 0.8704
vn 0.6957 -0.1652 0.6991
vn 0.7385 0.4740 0.4795
vn 0.1875 0.5421 0.8191
vn -0.7673 0.4671 0.4394
vn -0.9754 0.1763 -0.1326
vn -0.5550 -0.0107 0.8318
vn 0.6051 0.0039 0.7961
vn -0.8486 0.0187 0.5286
vn 0.7071 0.5760 -0.4102
vn -0.7071 0.5760 -0.4102
vn 0.7595 -0.6505 0.0016
vn -0.7622 -0.6473 -0.0047
vn 0.7071 -0.5760 0.4102
vn -0.7071 -0.5760 0.4102
vn 0.8764 0.3426 -0.3385
vn 0.8454 0.4664 -0.2605
vn 0.6073 -0.4623 -0.6461
vn 0.6494 0.5049 -0.5687
vn -0.6322 -0.4583 -0.6247
vn -0.8750 -0.1891 -0.4456
vn -0.6352 0.5117 -0.5785
vn -0.3928 -0.3253 -0.8602
vn 0.6177 -0.7684 -0.1673
vn 0.9156 -0.1618 0.3681
vn 0.3955 -0.4130 0.8203
vn 0.3536 -0.9337 0.0563
vn -0.8943 0.0748 0.4411
vn -0.8918 0.0551 0.4491
vn -0.6914 -0.6739 -0.2604
vn -0.5782 -0.4248 0.6966
vn 0.7149 -0.3966 0.5758
vn 0.7687 -0.2568 0.5859
vn 0.4839 0.4156 0.7701
vn 0.1461 -0.4052 0.9025
vn -0.9479 0.2877 0.1370
vn -0.9898 -0.1081 -0.0931
vn -0.6968 -0.4657 0.5455
vn -0.7953 0.4205 0.4367
vn -0.9648 -0.2438 -0.0985
vn -0.7176 -0.2949 -0.6310
vn -0.4477 -0.7750 -0.4459
vn 0.8151 -0.2374 -0.5285
vn 0.8767 -0.4806 0.0215
vn 0.5272 -0.7187 -0.4533
vn -0.7543 0.6565 0.0014
vn -0.9224 0.1264 0.3649
vn -0.3737 0.7870 0.4909
vn 0.9809 0.0676 0.1821
vn 0.7545 0.6563 -0.0042
vn 0.4833 0.6594 0.5759
vn -0.9089 0.1540 0.3876
vn -0.8864 -0.2627 0.3811
vn -0.2727 -0.5627 0.7804
vn -0.2484 0.5157 0.8200
vn 0.8968 -0.4423 -0.0033
vn 0.9404 0.3107 -0.1384
vn 0.5998 0.4751 0.6439
vn 0.6274 -0.5069 0.5911
vn -0.6100 -0.5019 0.6131
vn -0.6252 -0.7404 -0.2469
vn -0.0247 -0.9793 -0.2008
vn 0.0098 -0.7478 0.6639
vn 0.9715 0.2144 -0.1010
vn 0.9727 0.2318 0.0126
vn 0.7198 -0.2910 0.6303
vn 0.7205 -0.5741 -0.3889
vn 0.8910 -0.4281 0.1512
vn 0.8818 0.0705 0.4664
vn 0.5941 -0.3673 0.7156
vn -0.6492 0.1159 0.7517
vn -0.9195 0.2991 0.2552
vn -0.5056 -0.4416 0.7412
vn 0.6228 -0.0007 -0.7824
vn -0.7965 -0.0026 -0.6046
vn 0.6143 -0.6679 -0.4201
vn 0.9015 -0.1781 -0.3944
vn 0.4627 -0.8779 0.1229
vn -0.8978 -0.3222 0.3003
vn -0.8540 -0.4294 -0.2938
vn -0.6018 -0.7968 0.0532
vn 0.9239 0.3158 0.2162
vn 0.7608 0.6470 -0.0505
vn 0.5316 0.7898 0.3061
vn -0.8000 0.5981 -0.0473
vn -0.9188 0.2907 0.2670
vn -0.5960 0.7332 0.3273
vn 0.7008 -0.7133 -0.0003
vn 0.9248 -0.3709 -0.0846
vn 0.5773 -0.7024 0.4165
vn -0.8693 -0.3671 0.3310
vn -0.7813 -0.6241 -0.0004
vn -0.5858 -0.7249 0.3623
vn 0.7462 -0.0472 0.6641
vn 0.7979 0.4879 0.3541
vn 0.3619 0.7421 0.5642
vn 0.3712 0.0870 0.9245
vn -0.9818 0.1891 0.0164
vn -0.9869 0.1403 0.0792
vn -0.7346 -0.1575 0.6599
vn -0.6811 0.6089 0.4066
vn 0.7981 -0.6007 0.0472
vn 0.9556 -0.2089 0.2077
vn 0.7080 -0.5170 0.4811
vn -0.9456 -0.2889 -0.1496
vn -0.7596 -0.6485 0.0505
vn -0.6778 -0.5536 0.4839
vn 0.9340 0.3138 -0.1709
vn 0.7329 0.6803 0.0002
vn 0.6533 0.6164 0.4395
vn -0.7663 0.6425 -0.0013
vn -0.9433 0.2726 0.1893
vn -0.6798 0.5885 0.4377
vn 0.6382 0.3566 -0.6823
vn -0.7909 0.2972 -0.5349
vn 0.7654 0.4605 -0.4496
vn 0.9770 -0.2065 0.0532
vn 0.8025 -0.5208 -0.2911
vn 0.6159 0.2113 -0.7589
vn -0.8699 0.0380 -0.4917
vn -0.6200 -0.6628 -0.4200
vn -0.5097 0.3656 -0.7789
vn -0.5310 -0.6046 -0.5938
vn 0.8017 0.1580 0.5765
vn 0.8815 0.0011 0.4722
vn 0.4331 0.4902 0.7564
vn 0.4326 -0.4403 0.7868
vn -0.8082 0.5173 0.2816
vn -0.9743 -0.2156 -0.0647
vn -0.8255 -0.4399 0.3535
vn -0.6835 0.2875 0.6710
vn 0.2854 0.4850 0.8267
vn 0.4234 0.4077 0.8090
vn 0.2776 0.9521 -0.1282
vn -0.1173 0.7188 0.6852
vn -0.8054 0.4455 -0.3909
vn -0.9475 -0.0959 -0.3049
vn -0.8346 -0.0337 0.5498
vn -0.7142 0.6855 -0.1414
vn 0.0005 0.9351 0.3545
vn 0.5024 0.6543 0.5652
vn 0.3223 0.9412 -0.1013
vn -0.1079 -0.3709 -0.9224
vn 0.0001 0.2006 -0.9797
vn 0.5505 0.2690 -0.7903
vn 0.5374 0.2390 0.8087
vn 0.5425 0.5316 0.6505
vn 0.7786 -0.4234 0.4633
vn 0.8046 0.5939 0.0013
vn 0.1400 -0.8162 -0.5606
vn 0.0280 0.0840 -0.9961
vn 0.6709 0.1475 -0.7267
vn 0.7099 -0.5794 -0.4003
vn 0.5684 -0.1966 0.7990
vn 0.0004 -0.4387 0.8986
vn 0.2585 -0.8035 0.5363
vn -0.0004 -0.8165 -0.5774
vn -0.2738 -0.3748 -0.8858
vn 0.5659 -0.7068 -0.4246
vn 0.8016 -0.1423 0.5807
vn 0.8619 0.4109 0.2971
vn 0.4894 0.2926 0.8215
vn -0.9435 -0.3007 0.1393
vn -0.7105 -0.1688 0.6832
vn -0.5441 0.4114 0.7312
vn 0.9073 0.1915 -0.3743
vn 0.6113 0.7009 -0.3675
vn 0.4480 0.8693 0.2089
vn -0.8395 0.4738 -0.2658
vn -0.8863 0.3176 0.3370
vn -0.5657 0.8149 0.1261
vn -0.9394 -0.0893 -0.3309
vn -0.8311 -0.5561 0.0027
vn -0.6771 -0.5002 0.5398
vn 0.6678 -0.7443 0.0022
vn 0.7987 -0.4070 0.4433
vn 0.5096 -0.6627 0.5488
vn -0.6549 0.6975 -0.2909
vn -0.9027 0.4191 0.0971
vn -0.3499 0.9241 0.1535
vn 0.8732 0.3453 0.3440
vn 0.8426 0.4918 -0.2196
vn 0.5293 0.8475 0.0385
vn -0.6165 0.7706 -0.1616
vn -0.6355 0.4114 0.6534
vn -0.2808 0.5224 0.8051
vn 0.0102 0.9999 0.0027
vn 0.9380 0.0453 -0.3437
vn 0.9750 -0.0937 -0.2013
vn 0.7045 0.6569 -0.2686
vn 0.7614 0.1117 0.6386
vn -0.9289 -0.2627 -0.2611
vn -0.8038 -0.5490 0.2290
vn -0.6541 -0.2810 0.7023
vn 0.7214 -0.6401 0.2644
vn 0.8252 -0.1504 0.5444
vn 0.5523 -0.3774 0.7433
vn -0.6665 0.7455 -0.0007
vn -0.7933 0.4151 0.4453
vn -0.4967 0.6754 0.5451
vn 0.9257 0.1158 -0.3600
vn 0.8241 0.5664 -0.0079
vn 0.6771 0.5064 0.5339
vn -0.8468 -0.2881 0.4472
vn -0.7715 -0.6362 0.0009
vn -0.4422 -0.8080 0.3895
vn 0.7618 -0.6478 -0.0022
vn 0.9733 -0.1553 -0.1691
vn 0.6017 -0.6068 0.5194
vn -0.7218 0.6395 -0.2647
vn -0.7461 0.5890 0.3105
vn -0.2868 0.9545 -0.0812
vn 0.9767 -0.0182 -0.2136
vn 0.8064 0.5446 -0.2305
vn 0.6374 0.7217 0.2699
vn -0.8230 0.0608 0.5648
vn -0.8156 0.3492 0.4614
vn -0.2739 -0.1780 0.9451
vn -0.2635 0.8057 0.5305
vn 0.9100 -0.3821 0.1611
vn 0.8659 0.4879 -0.1102
vn 0.6364 0.6188 0.4605
vn 0.6795 -0.1910 0.7084
vn -0.7595 0.6505 0.0007
vn -0.9908 0.1323 0.0268
vn -0.5519 0.6679 0.4993
vn 0.8898 0.2428 0.3865
vn 0.7743 0.6328 -0.0028
vn 0.5440 0.6816 0.4894
vn -0.6908 0.1288 0.7115
vn -0.5934 -0.6912 0.4125
vn -0.0726 -0.7574 0.6489
vn -0.1745 0.1242 0.9768
vn 0.9710 0.1719 -0.1664
vn 0.9788 0.0269 -0.2029
vn 0.7483 0.3288 0.5761
vn 0.7496 -0.6423 0.1596
vn -0.9828 -0.1842 -0.0160
vn -0.7230 -0.6384 -0.2642
vn -0.5075 -0.8325 0.2223
vn 0.8302 -0.5128 -0.2185
vn 0.8417 -0.4001 0.3626
vn 0.5513 -0.8215 0.1461
vn -0.8435 -0.3724 -0.3870
vn -0.6624 -0.7492 -0.0008
vn -0.5390 -0.6372 0.5508
vn 0.8442 -0.5360 -0.0094
vn 0.8721 -0.1838 0.4535
vn 0.6487 -0.5574 0.5181
vn -0.8273 0.5183 0.2168
vn -0.8602 0.0146 0.5097
vn -0.6194 0.3404 0.7074
vn 0.8701 0.4260 -0.2479
vn 0.7226 0.6389 0.2639
vn 0.5948 0.3347 0.7308
vn -0.8520 0.5235 0.0032
vn -0.8665 0.1690 0.4696
vn -0.6392 0.5678 0.5186
vn 0.8372 0.3779 -0.3954
vn 0.6638 0.7479 0.0025
vn 0.5464 0.6293 0.5527
vn -0.6592 -0.7420 -0.1219
vn -0.5891 -0.7937 -0.1519
vn 0.0452 -0.9990 -0.0043
vn -0.2917 -0.5144 0.8064
vn 0.9674 0.1299 -0.2173
vn 0.8900 0.1807 0.4187
vn 0.7408 -0.1824 0.6465
vn 0.7234 -0.6297 -0.2832
vn -0.8981 -0.4265 0.1074
vn -0.6569 -0.6959 -0.2903
vn -0.3471 -0.9257 0.1504
vn 0.8528 -0.4761 -0.2144
vn 0.8774 -0.3273 0.3509
vn 0.5472 -0.8358 0.0441
vn 0.8141 -0.5213 0.2560
vn 0.9884 0.1518 0.0020
vn 0.7864 0.3122 0.5331
vn -0.9721 0.2345 -0.0052
vn -0.7990 -0.5579 0.2244
vn -0.8248 0.3583 0.4375
vn 0.7071 -0.0634 -0.7042
vn -0.7071 -0.0634 -0.7042
vn 0.7595 -0.6505 0.0003
vn 0.7791 -0.3289 0.5338
vn 0.3117 -0.9043 0.2917
vn -0.9797 -0.1159 -0.1636
vn -0.7489 -0.6627 -0.0007
vn -0.5521 -0.6147 0.5634
vn 0.9005 0.2644 -0.3452
vn 0.7702 0.2786 -0.5737
vn 0.8038 0.5116 0.3036
vn 0.7394 -0.6717 0.0461
vn -0.7081 0.2920 -0.6429
vn -0.8606 -0.4437 -0.2499
vn -0.7458 -0.4722 0.4699
vn -0.8633 0.4503 0.2279
vn 0.6415 -0.4915 0.5890
vn 0.6719 0.4446 0.5923
vn 0.1714 0.5507 0.8169
vn 0.0708 -0.5279 0.8463
vn -0.9762 -0.1114 -0.1863
vn -0.9754 -0.0185 -0.2199
vn -0.6655 -0.5780 0.4723
vn -0.6987 0.5671 0.4362
vn 0.9976 -0.0282 -0.0639
vn 0.7982 0.5056 -0.3276
vn 0.5856 0.7995 0.1337
vn -0.8167 0.4847 -0.3130
vn -0.8848 0.3829 0.2657
vn -0.5623 0.8129 0.1516
vn 0.8214 -0.5704 -0.0000
vn 0.9930 0.0266 0.1150
vn 0.5494 -0.6127 0.5682
vn -0.8457 -0.2180 0.4871
vn -0.7904 -0.6125 0.0002
vn -0.4652 -0.7040 0.5367
vn 0.9557 0.1455 -0.2560
vn 0.7491 0.6625 0.0002
vn 0.5725 0.5886 0.5708
vn -0.7590 0.6511 -0.0009
vn -0.8685 0.2363 0.4357
vn -0.5379 0.6307 0.5594
vn 0.6045 0.0008 -0.7966
vn -0.8429 0.0037 -0.5380
vn 0.8170 -0.4840 0.3136
vn 0.8878 0.0884 0.4517
vn 0.5757 -0.1782 0.7980
vn -0.9568 -0.2169 -0.1938
vn -0.7979 -0.5063 0.3271
vn -0.6232 -0.1431 0.7689
vn 0.1832 -0.7721 -0.6085
vn 0.1163 -0.5373 0.8353
vn 0.7857 -0.0023 -0.6186
vn 0.4726 -0.0040 0.8813
vn 0.1620 0.6698 -0.7247
vn 0.1418 0.6158 0.7750
vn 0.4047 -0.7589 -0.5103
vn 0.4061 -0.7255 -0.5556
vn -0.0245 -0.4520 -0.8917
vn 0.6680 0.3261 -0.6689
vn -0.8370 0.5212 0.1668
vn -0.4429 0.8370 -0.3213
vn -0.4268 0.3335 -0.8406
vn -0.8852 -0.2023 -0.4189
vn 0.7709 -0.6368 0.0120
vn 0.3823 -0.7565 0.5306
vn -0.1719 -0.9156 0.3635
vn 0.1178 -0.8331 -0.5405
vn -0.7904 0.5573 -0.2543
vn -0.8215 0.2906 -0.4906
vn -0.8406 -0.2773 -0.4653
vn -0.8419 -0.0052 0.5396
vn 0.8950 -0.2308 0.3816
vn 0.5853 -0.6231 0.5188
vn 0.6431 0.2675 0.7176
vn 0.1487 -0.6556 0.7403
vn -0.5284 0.7838 0.3262
vn -0.9779 -0.1441 0.1516
vn -0.7635 -0.1046 0.6372
vn -0.4531 0.5297 0.7170
vn 0.8795 0.0936 0.4666
vn 0.7913 0.0824 -0.6059
vn 0.7734 0.6120 -0.1654
vn 0.7880 0.5809 0.2041
vn -0.5318 0.6798 0.5050
vn -0.6463 0.6621 -0.3794
vn -0.3254 0.8107 0.4867
vn -0.3028 0.7407 -0.5998
vt 0.625000 0.250000
vt 0.541667 0.000000
vt 0.541667 0.250000
vt 0.625000 0.000000
vt 0.458333 0.000000
vt 0.458333 0.250000
vt 0.375000 0.000000
vt 0.375000 0.250000
vt 0.250000 1.000000
vt 0.125000 1.000000
vt 0.375000 1.000000
vt 0.000000 1.000000
vt 0.500000 1.000000
vt 0.625000 1.000000
vt 0.750000 1.000000
vt 0.875000 1.000000
vt 1.000000 1.000000
vt 0.419706 0.080294
vt 0.419706 0.419706
vt 0.250000 0.010000
vt 0.490000 0.250000
vt 0.250000 0.490000
vt 0.080294 0.080294
vt 0.080294 0.419706
vt 0.010000 0.250000
vt 0.625000 0.195697
vt 0.620050 0.250000
vt 0.625000 0.054303
vt 0.620050 0.000000
vt 0.375000 0.214427
vt 0.375000 0.035573
vt 0.000000 0.000000
vt 0.375000 0.553173
vt 0.500000 0.750000
vt 0.375000 0.696827
vt 0.427724 0.750000
vt 0.500000 0.500000
vt 0.427724 0.500000
vt 0.625000 0.696827
vt 0.572276 0.750000
vt 0.625000 0.625000
vt 0.625000 0.553173
vt 0.572276 0.500000
vt 0.580294 0.419706
vt 0.750000 0.442000
vt 0.614235 0.385764
vt 0.558000 0.250000
vt 0.750000 0.490000
vt 0.510000 0.250000
vt 0.919706 0.419706
vt 0.580294 0.080294
vt 0.885765 0.385765
vt 0.614236 0.114236
vt 0.942000 0.250000
vt 0.750000 0.058000
vt 0.990000 0.250000
vt 0.750000 0.010000
vt 0.919706 0.080294
vt 0.885764 0.114236
vt 1.000000 0.500000
vt 0.875000 0.500000
vt 0.750000 0.500000
vt 0.625000 0.500000
vt 0.375000 0.500000
vt 0.250000 0.500000
vt 0.125000 0.500000
vt 0.000000 0.500000
vt 0.625000 0.750000
vt 0.375000 0.750000
vt 0.250000 0.058000
vt 0.114236 0.114236
vt 0.058000 0.250000
vt 0.385765 0.114236
vt 0.114236 0.385765
vt 0.442000 0.250000
vt 0.250000 0.442000
vt 0.385765 0.385765
vt 0.375000 0.679468
vt 0.445532 0.750000
vt 0.375000 0.570532
vt 0.445532 0.500000
vt 0.375000 0.179468
vt 0.445532 0.250000
vt 0.375000 0.070532
vt 0.445532 0.000000
vt 0.125000 0.750000
vt 0.500000 0.250000
vt 0.500000 0.000000
vt 0.375000 0.714427
vt 0.375000 0.535573
vt 0.125000 0.535573
vt 0.125000 0.714427
vt 0.125000 0.570532
vt 0.125000 0.679468
vt 0.625000 0.554303
vt 0.625000 0.695697
vt 0.875000 0.695697
vt 0.875000 0.554303
vt 1.000000 0.809342
vt 1.000000 0.690658
vt 0.875000 0.690658
vt 0.875000 0.809342
vt 0.750000 0.809342
vt 0.750000 0.690658
vt 0.625000 0.809342
vt 0.625000 0.690658
vt 0.500000 0.809342
vt 0.500000 0.690658
vt 0.375000 0.809342
vt 0.375000 0.690658
vt 0.250000 0.690658
vt 0.250000 0.809342
vt 0.125000 0.690658
vt 0.125000 0.809342
vt 0.000000 0.690658
vt 0.000000 0.809342
vt 0.875000 0.750000
vt 0.445532 1.000000
vt 0.541667 0.500000
vt 0.458333 0.500000
vt 0.541667 1.000000
vt 0.541667 0.750000
vt 0.458333 0.750000
vt 0.458333 1.000000
vt 0.620050 0.500000
vt 0.620050 0.750000
vt 0.620050 1.000000
vt 0.375000 0.875000
vt 0.625000 0.875000
vt 0.750000 0.750000
vt 0.125000 0.553173
vt 0.125000 0.696827
vt 0.375000 0.375000
vt 0.625000 0.375000
vt 0.572276 1.000000
vt 0.572276 0.250000
vt 0.427724 0.250000
vt 0.875000 0.696827
vt 0.875000 0.625000
vt 0.875000 0.553173
vt 0.250000 0.750000
vt 0.375000 0.053173
vt 0.427724 0.000000
vt 0.625000 0.053173
vt 0.572276 0.000000
vt 0.375000 0.196827
vt 0.625000 0.125000
vt 0.625000 0.196827
vt 0.427724 1.000000
s 0
f 1023/1/1 1024/2/2 3/2/3 1/1/4
f 1024/2/5 1023/1/6 2/1/7 4/2/8
f 1024/2/9 1025/3/10 5/3/11 3/2/12
f 1025/3/13 1024/2/14 4/2/15 6/3/16
f 1025/3/17 1023/1/18 1/1/19 5/3/20
f 1023/1/21 1025/3/22 6/3/23 2/1/24
f 1026/2/25 1027/1/26 1/1/27 3/2/28
f 1027/1/29 1026/2/30 4/2/31 2/1/32
f 1027/1/33 1028/4/34 7/4/35 1/1/36
f 1028/4/37 1027/1/38 2/1/39 8/4/40
f 1028/4/41 1026/2/42 3/2/43 7/4/44
f 1026/2/45 1028/4/46 8/4/47 4/2/48
f 1029/5/49 1030/3/50 5/3/51 9/5/52
f 1030/3/53 1029/5/54 10/5/55 6/3/56
f 1030/3/57 1031/2/58 3/2/59 5/3/60
f 1031/2/61 1030/3/62 6/3/63 4/2/64
f 1031/2/65 1029/5/66 9/5/67 3/2/68
f 1029/5/69 1031/2/70 4/2/71 10/5/72
f 1032/3/73 1033/5/74 9/5/75 5/3/76
f 1033/5/77 1032/3/78 6/3/79 10/5/80
f 1033/5/81 1034/6/82 11/6/83 9/5/84
f 1034/6/85 1033/5/86 10/5/87 12/6/88
f 1034/6/89 1032/3/90 5/3/91 11/6/92
f 1032/3/93 1034/6/94 12/6/95 6/3/96
f 1035/6/97 1036/7/98 13/7/99 11/6/100
f 1036/7/101 1035/6/102 12/6/103 14/7/104
f 1036/7/105 1037/8/106 15/8/106 13/7/107
f 1037/8/108 1036/7/109 14/7/110 16/8/108
f 1037/8/111 1035/6/112 11/6/113 15/8/111
f 1035/6/114 1037/8/115 16/8/115 12/6/116
f 1038/7/117 1039/6/118 11/6/119 13/7/120
f 1039/6/121 1038/7/122 14/7/123 12/6/124
f 1039/6/125 1040/5/126 9/5/127 11/6/128
f 1040/5/129 1039/6/130 12/6/131 10/5/132
f 1040/5/133 1038/7/134 13/7/135 9/5/136
f 1038/7/137 1040/5/138 10/5/139 14/7/140
f 1041/9/141 1042/10/141 19/10/141 17/9/141
f 1042/10/142 1041/9/142 18/9/142 20/10/142
f 1042/10/143 1043/9/144 21/9/145 19/10/143
f 1043/9/146 1042/10/147 20/10/147 22/9/148
f 1043/9/149 1041/9/150 17/9/150 21/9/151
f 1041/9/152 1043/9/153 22/9/154 18/9/152
f 1044/11/155 1045/9/156 17/9/156 23/11/157
f 1045/9/158 1044/11/159 24/11/160 18/9/158
f 1045/9/161 1046/9/162 21/9/163 17/9/161
f 1046/9/164 1045/9/165 18/9/165 22/9/166
f 1046/9/167 1044/11/168 23/11/169 21/9/170
f 1044/11/171 1046/9/172 22/9/173 24/11/174
f 1047/10/175 1048/9/175 17/9/175 19/10/175
f 1048/9/176 1047/10/176 20/10/176 18/9/176
f 1048/9/177 1049/10/177 25/10/177 17/9/177
f 1049/10/178 1048/9/178 18/9/178 26/10/178
f 1049/10/179 1047/10/179 19/10/179 25/10/179
f 1047/10/180 1049/10/180 26/10/180 20/10/180
f 1050/12/181 1051/10/181 19/10/181 27/12/181
f 1051/10/182 1050/12/182 28/12/182 20/10/182
f 1051/10/183 1052/10/183 25/10/183 19/10/183
f 1052/10/184 1051/10/184 20/10/184 26/10/184
f 1052/10/185 1050/12/185 27/12/185 25/10/185
f 1050/12/186 1052/10/186 26/10/186 28/12/186
f 1053/10/187 1054/12/187 29/12/187 25/10/187
f 1054/12/188 1053/10/188 26/10/188 30/12/188
f 1054/12/189 1055/12/189 27/12/189 29/12/189
f 1055/12/190 1054/12/190 30/12/190 28/12/190
f 1055/12/191 1053/10/191 25/10/191 27/12/191
f 1053/10/192 1055/12/192 28/12/192 26/10/192
f 1056/9/193 1057/11/194 23/11/195 17/9/193
f 1057/11/196 1056/9/197 18/9/197 24/11/198
f 1057/11/199 1058/11/200 31/11/200 23/11/201
f 1058/11/202 1057/11/203 24/11/204 32/11/202
f 1058/11/205 1056/9/205 17/9/205 31/11/205
f 1056/9/206 1058/11/206 32/11/206 18/9/206
f 1059/13/207 1060/11/208 31/11/208 33/13/209
f 1060/11/210 1059/13/211 34/13/212 32/11/210
f 1060/11/213 1061/11/214 23/11/215 31/11/213
f 1061/11/216 1060/11/217 32/11/217 24/11/218
f 1061/11/219 1059/13/220 33/13/221 23/11/222
f 1059/13/223 1061/11/224 24/11/225 34/13/226
f 1062/11/227 1063/13/228 33/13/229 31/11/227
f 1063/13/230 1062/11/231 32/11/231 34/13/232
f 1063/13/233 1064/13/234 35/13/234 33/13/235
f 1064/13/236 1063/13/237 34/13/238 36/13/236
f 1064/13/239 1062/11/239 31/11/239 35/13/239
f 1062/11/240 1064/13/240 36/13/240 32/11/240
f 1065/14/241 1066/13/242 35/13/242 37/14/243
f 1066/13/244 1065/14/245 38/14/246 36/13/244
f 1066/13/247 1067/13/248 33/13/249 35/13/247
f 1067/13/250 1066/13/251 36/13/251 34/13/252
f 1067/13/253 1065/14/254 37/14/255 33/13/256
f 1065/14/257 1067/13/258 34/13/259 38/14/260
f 1068/13/261 1069/14/262 37/14/263 35/13/261
f 1069/14/264 1068/13/265 36/13/265 38/14/266
f 1069/14/267 1070/14/268 39/14/268 37/14/269
f 1070/14/270 1069/14/271 38/14/272 40/14/270
f 1070/14/181 1068/13/181 35/13/181 39/14/181
f 1068/13/182 1070/14/182 40/14/182 36/13/182
f 1071/14/273 1072/15/274 41/15/274 37/14/275
f 1072/15/276 1071/14/277 38/14/278 42/15/276
f 1072/15/279 1073/14/279 39/14/279 41/15/279
f 1073/14/280 1072/15/280 42/15/280 40/14/280
f 1073/14/281 1071/14/282 37/14/283 39/14/281
f 1071/14/284 1073/14/285 40/14/285 38/14/286
f 1074/14/287 1075/15/288 43/15/289 37/14/290
f 1075/15/291 1074/14/292 38/14/293 44/15/294
f 1075/15/295 1076/15/296 41/15/296 43/15/297
f 1076/15/298 1075/15/299 44/15/300 42/15/298
f 1076/15/301 1074/14/302 37/14/303 41/15/301
f 1074/14/304 1076/15/305 42/15/305 38/14/306
f 1077/16/307 1078/15/307 41/15/307 45/16/307
f 1078/15/308 1077/16/308 46/16/308 42/15/308
f 1078/15/309 1079/15/310 43/15/311 41/15/309
f 1079/15/312 1078/15/313 42/15/313 44/15/314
f 1079/15/315 1077/16/316 45/16/316 43/15/317
f 1077/16/318 1079/15/319 44/15/320 46/16/318
f 1080/15/321 1081/16/321 45/16/321 41/15/321
f 1081/16/322 1080/15/322 42/15/322 46/16/322
f 1081/16/323 1082/16/323 47/16/323 45/16/323
f 1082/16/324 1081/16/324 46/16/324 48/16/324
f 1082/16/325 1080/15/325 41/15/325 47/16/325
f 1080/15/326 1082/16/326 48/16/326 42/15/326
f 1083/16/327 1084/17/327 49/17/327 45/16/327
f 1084/17/328 1083/16/328 46/16/328 50/17/328
f 1084/17/329 1085/16/329 47/16/329 49/17/329
f 1085/16/330 1084/17/330 50/17/330 48/16/330
f 1085/16/331 1083/16/331 45/16/331 47/16/331
f 1083/16/332 1085/16/332 48/16/332 46/16/332
f 1086/17/333 1087/16/333 45/16/333 49/17/333
f 1087/16/334 1086/17/334 50/17/334 46/16/334
f 1087/16/335 1088/17/335 51/17/335 45/16/335
f 1088/17/240 1087/16/240 46/16/240 52/17/240
f 1088/17/336 1086/17/336 49/17/336 51/17/336
f 1086/17/337 1088/17/337 52/17/337 50/17/337
f 1089/18/338 1090/19/339 55/19/340 53/18/341
f 1090/19/342 1089/18/343 54/18/344 56/19/345
f 1090/19/346 1091/20/347 57/20/348 55/19/349
f 1091/20/350 1090/19/351 56/19/352 58/20/353
f 1091/20/354 1089/18/355 53/18/356 57/20/357
f 1089/18/358 1091/20/359 58/20/360 54/18/361
f 1092/19/362 1093/18/363 53/18/364 55/19/365
f 1093/18/366 1092/19/367 56/19/368 54/18/369
f 1093/18/370 1094/21/371 59/21/372 53/18/373
f 1094/21/374 1093/18/375 54/18/376 60/21/377
f 1094/21/378 1092/19/379 55/19/380 59/21/381
f 1092/19/382 1094/21/383 60/21/384 56/19/385
f 1095/22/386 1096/20/387 57/20/388 61/22/389
f 1096/20/390 1095/22/391 62/22/392 58/20/393
f 1096/20/394 1097/19/395 55/19/396 57/20/397
f 1097/19/398 1096/20/399 58/20/400 56/19/401
f 1097/19/402 1095/22/403 61/22/404 55/19/405
f 1095/22/406 1097/19/407 56/19/408 62/22/409
f 1098/22/410 1099/23/411 63/23/412 61/22/413
f 1099/23/414 1098/22/415 62/22/416 64/23/417
f 1099/23/418 1100/20/419 57/20/420 63/23/421
f 1100/20/422 1099/23/423 64/23/424 58/20/425
f 1100/20/426 1098/22/427 61/22/428 57/20/429
f 1098/22/430 1100/20/431 58/20/432 62/22/433
f 1101/23/434 1102/22/435 61/22/436 63/23/437
f 1102/22/438 1101/23/439 64/23/440 62/22/441
f 1102/22/442 1103/24/443 65/24/444 61/22/445
f 1103/24/446 1102/22/447 62/22/448 66/24/449
f 1103/24/450 1101/23/451 63/23/452 65/24/453
f 1101/23/454 1103/24/455 66/24/456 64/23/457
f 1104/23/458 1105/24/459 65/24/460 63/23/461
f 1105/24/462 1104/23/463 64/23/464 66/24/465
f 1105/24/466 1106/25/467 67/25/468 65/24/469
f 1106/25/470 1105/24/471 66/24/472 68/25/473
f 1106/25/474 1104/23/475 63/23/476 67/25/477
f 1104/23/478 1106/25/479 68/25/480 64/23/481
f 1107/26/482 1108/7/483 71/7/484 69/26/485
f 1108/7/486 1107/26/487 70/26/488 72/7/489
f 1108/7/490 1109/8/491 73/8/492 71/7/493
f 1109/8/494 1108/7/495 72/7/496 74/8/497
f 1109/8/498 1107/26/499 69/26/500 73/8/501
f 1107/26/502 1109/8/503 74/8/504 70/26/505
f 1110/26/506 1111/8/507 73/8/508 69/26/509
f 1111/8/510 1110/26/511 70/26/512 74/8/513
f 1111/8/514 1112/27/515 75/27/516 73/8/517
f 1112/27/518 1111/8/519 74/8/520 76/27/521
f 1112/27/522 1110/26/523 69/26/524 75/27/525
f 1110/26/526 1112/27/527 76/27/528 70/26/529
f 1113/28/530 1114/7/531 71/7/532 77/28/533
f 1114/7/534 1113/28/535 78/28/536 72/7/537
f 1114/7/538 1115/26/539 69/26/540 71/7/541
f 1115/26/542 1114/7/543 72/7/544 70/26/545
f 1115/26/546 1113/28/547 77/28/548 69/26/549
f 1113/28/550 1115/26/551 70/26/552 78/28/553
f 1116/7/554 1117/28/555 77/28/556 71/7/557
f 1117/28/558 1116/7/559 72/7/560 78/28/561
f 1117/28/562 1118/29/563 79/29/564 77/28/565
f 1118/29/566 1117/28/567 78/28/568 80/29/569
f 1118/29/570 1116/7/571 71/7/572 79/29/573
f 1116/7/574 1118/29/575 80/29/576 72/7/577
f 1119/8/578 1120/7/579 81/7/580 73/8/581
f 1120/7/582 1119/8/583 74/8/584 82/7/585
f 1120/7/586 1121/8/587 83/8/587 81/7/588
f 1121/8/589 1120/7/590 82/7/591 84/8/589
f 1121/8/592 1119/8/593 73/8/594 83/8/592
f 1119/8/595 1121/8/596 84/8/596 74/8/597
f 1122/7/598 1123/8/599 73/8/600 81/7/601
f 1123/8/602 1122/7/603 82/7/604 74/8/605
f 1123/8/606 1124/7/607 71/7/608 73/8/609
f 1124/7/610 1123/8/611 74/8/612 72/7/613
f 1124/7/614 1122/7/615 81/7/616 71/7/617
f 1122/7/618 1124/7/619 72/7/620 82/7/621
f 1125/8/622 1126/30/623 87/30/624 85/8/622
f 1126/30/625 1125/8/626 86/8/626 88/30/627
f 1126/30/628 1127/8/629 89/8/629 87/30/630
f 1127/8/631 1126/30/632 88/30/633 90/8/631
f 1127/8/634 1125/8/634 85/8/634 89/8/634
f 1125/8/635 1127/8/635 90/8/635 86/8/635
f 1128/30/636 1129/8/637 85/8/637 87/30/638
f 1129/8/639 1128/30/640 88/30/641 86/8/639
f 1129/8/642 1130/31/643 91/31/644 85/8/642
f 1130/31/645 1129/8/646 86/8/646 92/31/647
f 1130/31/648 1128/30/649 87/30/650 91/31/651
f 1128/30/652 1130/31/653 92/31/654 88/30/655
f 1131/7/656 1132/31/657 91/31/658 81/7/656
f 1132/31/659 1131/7/660 82/7/660 92/31/661
f 1132/31/662 1133/8/663 85/8/663 91/31/664
f 1133/8/665 1132/31/666 92/31/667 86/8/665
f 1133/8/668 1131/7/668 81/7/668 85/8/668
f 1131/7/669 1133/8/669 86/8/669 82/7/669
f 1134/31/670 1135/7/671 81/7/671 91/31/672
f 1135/7/673 1134/31/674 92/31/675 82/7/673
f 1135/7/676 1136/7/676 93/7/676 81/7/676
f 1136/7/677 1135/7/677 82/7/677 94/7/677
f 1136/7/678 1134/31/679 91/31/680 93/7/678
f 1134/31/681 1136/7/682 94/7/682 92/31/683
f 1137/32/684 1138/32/685 97/32/686 95/32/684
f 1138/32/687 1137/32/688 96/32/688 98/32/689
f 1138/32/690 1139/32/691 99/32/691 97/32/692
f 1139/32/693 1138/32/694 98/32/695 100/32/693
f 1139/32/239 1137/32/239 95/32/239 99/32/239
f 1137/32/240 1139/32/240 100/32/240 96/32/240
f 1140/32/696 1141/32/697 95/32/697 97/32/698
f 1141/32/699 1140/32/700 98/32/701 96/32/699
f 1141/32/702 1142/32/703 101/32/704 95/32/702
f 1142/32/705 1141/32/706 96/32/706 102/32/707
f 1142/32/708 1140/32/709 97/32/710 101/32/711
f 1140/32/712 1142/32/713 102/32/714 98/32/715
f 1143/32/716 1144/32/717 97/32/718 103/32/719
f 1144/32/720 1143/32/721 104/32/722 98/32/723
f 1144/32/724 1145/32/725 101/32/726 97/32/727
f 1145/32/728 1144/32/729 98/32/730 102/32/731
f 1145/32/732 1143/32/733 103/32/734 101/32/735
f 1143/32/736 1145/32/737 102/32/738 104/32/739
f 1146/32/740 1147/32/741 103/32/742 97/32/743
f 1147/32/744 1146/32/745 98/32/746 104/32/747
f 1147/32/748 1148/32/749 105/32/750 103/32/751
f 1148/32/752 1147/32/753 104/32/754 106/32/755
f 1148/32/756 1146/32/757 97/32/758 105/32/759
f 1146/32/760 1148/32/761 106/32/762 98/32/763
f 1149/32/764 1150/32/765 105/32/766 97/32/767
f 1150/32/768 1149/32/769 98/32/770 106/32/771
f 1150/32/772 1151/32/773 107/32/774 105/32/775
f 1151/32/776 1150/32/777 106/32/778 108/32/779
f 1151/32/780 1149/32/781 97/32/782 107/32/783
f 1149/32/784 1151/32/785 108/32/786 98/32/787
f 1152/32/788 1153/32/789 107/32/790 97/32/791
f 1153/32/792 1152/32/793 98/32/794 108/32/795
f 1153/32/796 1154/32/797 109/32/798 107/32/799
f 1154/32/800 1153/32/801 108/32/802 110/32/803
f 1154/32/804 1152/32/805 97/32/806 109/32/807
f 1152/32/808 1154/32/809 110/32/810 98/32/811
f 1155/33/812 1156/34/812 113/34/812 111/33/812
f 1156/34/813 1155/33/813 112/33/813 114/34/813
f 1156/34/814 1157/35/814 115/35/814 113/34/814
f 1157/35/815 1156/34/815 114/34/815 116/35/815
f 1157/35/189 1155/33/189 111/33/189 115/35/189
f 1155/33/816 1157/35/816 116/35/816 112/33/816
f 1158/35/817 1159/34/817 113/34/817 115/35/817
f 1159/34/818 1158/35/818 116/35/818 114/34/818
f 1159/34/819 1160/36/819 117/36/819 113/34/819
f 1160/36/820 1159/34/820 114/34/820 118/36/820
f 1160/36/821 1158/35/821 115/35/821 117/36/821
f 1158/35/822 1160/36/822 118/36/822 116/35/822
f 1161/34/823 1162/33/823 111/33/823 113/34/823
f 1162/33/824 1161/34/824 114/34/824 112/33/824
f 1162/33/825 1163/37/825 119/37/825 111/33/825
f 1163/37/826 1162/33/826 112/33/826 120/37/826
f 1163/37/827 1161/34/827 113/34/827 119/37/827
f 1161/34/828 1163/37/828 120/37/828 114/34/828
f 1164/37/829 1165/33/829 111/33/829 119/37/829
f 1165/33/830 1164/37/830 120/37/830 112/33/830
f 1165/33/831 1166/38/831 121/38/831 111/33/831
f 1166/38/832 1165/33/832 112/33/832 122/38/832
f 1166/38/833 1164/37/833 119/37/833 121/38/833
f 1164/37/834 1166/38/834 122/38/834 120/37/834
f 1167/34/835 1168/39/836 123/39/837 113/34/835
f 1168/39/838 1167/34/839 114/34/839 124/39/840
f 1168/39/841 1169/40/842 125/40/842 123/39/843
f 1169/40/844 1168/39/845 124/39/846 126/40/844
f 1169/40/847 1167/34/847 113/34/847 125/40/847
f 1167/34/848 1169/40/848 126/40/848 114/34/848
f 1170/34/849 1171/41/850 127/41/851 113/34/849
f 1171/41/852 1170/34/853 114/34/853 128/41/854
f 1171/41/855 1172/39/856 123/39/857 127/41/858
f 1172/39/859 1171/41/860 128/41/861 124/39/862
f 1172/39/863 1170/34/864 113/34/864 123/39/865
f 1170/34/866 1172/39/867 124/39/868 114/34/866
f 1173/41/869 1174/34/870 113/34/870 127/41/871
f 1174/34/872 1173/41/873 128/41/874 114/34/872
f 1174/34/875 1175/37/875 119/37/875 113/34/875
f 1175/37/876 1174/34/876 114/34/876 120/37/876
f 1175/37/877 1173/41/878 127/41/879 119/37/877
f 1173/41/880 1175/37/881 120/37/881 128/41/882
f 1176/41/883 1177/37/884 119/37/884 127/41/885
f 1177/37/886 1176/41/887 128/41/888 120/37/886
f 1177/37/889 1178/42/890 129/42/891 119/37/889
f 1178/42/892 1177/37/893 120/37/893 130/42/894
f 1178/42/895 1176/41/896 127/41/897 129/42/898
f 1176/41/899 1178/42/900 130/42/901 128/41/902
f 1179/42/903 1180/37/904 119/37/904 129/42/905
f 1180/37/906 1179/42/907 130/42/908 120/37/906
f 1180/37/909 1181/43/909 131/43/909 119/37/909
f 1181/43/910 1180/37/910 120/37/910 132/43/910
f 1181/43/911 1179/42/912 129/42/913 131/43/911
f 1179/42/914 1181/43/915 132/43/915 130/42/916
f 1182/4/917 1183/1/917 135/1/917 133/4/917
f 1183/1/918 1182/4/918 134/4/918 136/1/918
f 1183/1/919 1184/7/919 137/7/919 135/1/919
f 1184/7/920 1183/1/920 136/1/920 138/7/920
f 1184/7/921 1182/4/921 133/4/921 137/7/921
f 1182/4/922 1184/7/922 138/7/922 134/4/922
f 1185/7/923 1186/1/923 135/1/923 137/7/923
f 1186/1/924 1185/7/924 138/7/924 136/1/924
f 1186/1/925 1187/8/925 139/8/925 135/1/925
f 1187/8/926 1186/1/926 136/1/926 140/8/926
f 1187/8/927 1185/7/927 137/7/927 139/8/927
f 1185/7/928 1187/8/928 140/8/928 138/7/928
f 1188/44/929 1189/45/930 143/45/931 141/44/932
f 1189/45/933 1188/44/934 142/44/935 144/45/936
f 1189/45/937 1190/46/938 145/46/939 143/45/940
f 1190/46/941 1189/45/942 144/45/943 146/46/944
f 1190/46/945 1188/44/946 141/44/947 145/46/948
f 1188/44/949 1190/46/950 146/46/951 142/44/952
f 1191/47/953 1192/44/954 141/44/955 147/47/956
f 1192/44/957 1191/47/958 148/47/959 142/44/960
f 1192/44/961 1193/46/962 145/46/963 141/44/964
f 1193/46/965 1192/44/966 142/44/967 146/46/968
f 1193/46/969 1191/47/970 147/47/971 145/46/972
f 1191/47/973 1193/46/974 146/46/975 148/47/976
f 1194/45/977 1195/44/978 141/44/979 143/45/980
f 1195/44/981 1194/45/982 144/45/983 142/44/984
f 1195/44/985 1196/48/986 149/48/987 141/44/988
f 1196/48/989 1195/44/990 142/44/991 150/48/992
f 1196/48/993 1194/45/994 143/45/995 149/48/996
f 1194/45/997 1196/48/998 150/48/999 144/45/1000
f 1197/44/1001 1198/47/1002 147/47/1003 141/44/1004
f 1198/47/1005 1197/44/1006 142/44/1007 148/47/1008
f 1198/47/1009 1199/49/1010 151/49/1011 147/47/1012
f 1199/49/1013 1198/47/1014 148/47/1015 152/49/1016
f 1199/49/1017 1197/44/1018 141/44/1019 151/49/1020
f 1197/44/1021 1199/49/1022 152/49/1023 142/44/1024
f 1200/50/1025 1201/45/1026 143/45/1027 153/50/1028
f 1201/45/1029 1200/50/1030 154/50/1031 144/45/1032
f 1201/45/1033 1202/48/1034 149/48/1035 143/45/1036
f 1202/48/1037 1201/45/1038 144/45/1039 150/48/1040
f 1202/48/1041 1200/50/1042 153/50/1043 149/48/1044
f 1200/50/1045 1202/48/1046 150/48/1047 154/50/1048
f 1203/51/1049 1204/49/1050 151/49/1051 155/51/1052
f 1204/49/1053 1203/51/1054 156/51/1055 152/49/1056
f 1204/49/1057 1205/47/1058 147/47/1059 151/49/1060
f 1205/47/1061 1204/49/1062 152/49/1063 148/47/1064
f 1205/47/1065 1203/51/1066 155/51/1067 147/47/1068
f 1203/51/1069 1205/47/1070 148/47/1071 156/51/1072
f 1206/45/1073 1207/50/1074 153/50/1075 143/45/1076
f 1207/50/1077 1206/45/1078 144/45/1079 154/50/1080
f 1207/50/1081 1208/52/1082 157/52/1083 153/50/1084
f 1208/52/1085 1207/50/1086 154/50/1087 158/52/1088
f 1208/52/1089 1206/45/1090 143/45/1091 157/52/1092
f 1206/45/1093 1208/52/1094 158/52/1095 144/45/1096
f 1209/51/1097 1210/47/1098 147/47/1099 155/51/1100
f 1210/47/1101 1209/51/1102 156/51/1103 148/47/1104
f 1210/47/1105 1211/53/1106 159/53/1107 147/47/1108
f 1211/53/1109 1210/47/1110 148/47/1111 160/53/1112
f 1211/53/1113 1209/51/1114 155/51/1115 159/53/1116
f 1209/51/1117 1211/53/1118 160/53/1119 156/51/1120
f 1212/50/1121 1213/54/1122 161/54/1123 153/50/1124
f 1213/54/1125 1212/50/1126 154/50/1127 162/54/1128
f 1213/54/1129 1214/52/1130 157/52/1131 161/54/1132
f 1214/52/1133 1213/54/1134 162/54/1135 158/52/1136
f 1214/52/1137 1212/50/1138 153/50/1139 157/52/1140
f 1212/50/1141 1214/52/1142 158/52/1143 154/50/1144
f 1215/55/1145 1216/51/1146 155/51/1147 163/55/1148
f 1216/51/1149 1215/55/1150 164/55/1151 156/51/1152
f 1216/51/1153 1217/53/1154 159/53/1155 155/51/1156
f 1217/53/1157 1216/51/1158 156/51/1159 160/53/1160
f 1217/53/1161 1215/55/1162 163/55/1163 159/53/1164
f 1215/55/1165 1217/53/1166 160/53/1167 164/55/1168
f 1218/54/1169 1219/50/1170 153/50/1171 161/54/1172
f 1219/50/1173 1218/54/1174 162/54/1175 154/50/1176
f 1219/50/1177 1220/56/1178 165/56/1179 153/50/1180
f 1220/56/1181 1219/50/1182 154/50/1183 166/56/1184
f 1220/56/1185 1218/54/1186 161/54/1187 165/56/1188
f 1218/54/1189 1220/56/1190 166/56/1191 162/54/1192
f 1221/51/1193 1222/55/1194 163/55/1195 155/51/1196
f 1222/55/1197 1221/51/1198 156/51/1199 164/55/1200
f 1222/55/1201 1223/57/1202 167/57/1203 163/55/1204
f 1223/57/1205 1222/55/1206 164/55/1207 168/57/1208
f 1223/57/1209 1221/51/1210 155/51/1211 167/57/1212
f 1221/51/1213 1223/57/1214 168/57/1215 156/51/1216
f 1224/54/1217 1225/56/1218 165/56/1219 161/54/1220
f 1225/56/1221 1224/54/1222 162/54/1223 166/56/1224
f 1225/56/1225 1226/58/1226 169/58/1227 165/56/1228
f 1226/58/1229 1225/56/1230 166/56/1231 170/58/1232
f 1226/58/1233 1224/54/1234 161/54/1235 169/58/1236
f 1224/54/1237 1226/58/1238 170/58/1239 162/54/1240
f 1227/58/1241 1228/57/1242 167/57/1243 169/58/1244
f 1228/57/1245 1227/58/1246 170/58/1247 168/57/1248
f 1228/57/1249 1229/55/1250 163/55/1251 167/57/1252
f 1229/55/1253 1228/57/1254 168/57/1255 164/55/1256
f 1229/55/1257 1227/58/1258 169/58/1259 163/55/1260
f 1227/58/1261 1229/55/1262 164/55/1263 170/58/1264
f 1230/54/1265 1231/58/1266 169/58/1267 161/54/1268
f 1231/58/1269 1230/54/1270 162/54/1271 170/58/1272
f 1231/58/1273 1232/59/1274 171/59/1275 169/58/1276
f 1232/59/1277 1231/58/1278 170/58/1279 172/59/1280
f 1232/59/1281 1230/54/1282 161/54/1283 171/59/1284
f 1230/54/1285 1232/59/1286 172/59/1287 162/54/1288
f 1233/58/1289 1234/55/1290 163/55/1291 169/58/1292
f 1234/55/1293 1233/58/1294 170/58/1295 164/55/1296
f 1234/55/1297 1235/59/1298 171/59/1299 163/55/1300
f 1235/59/1301 1234/55/1302 164/55/1303 172/59/1304
f 1235/59/1305 1233/58/1306 169/58/1307 171/59/1308
f 1233/58/1309 1235/59/1310 172/59/1311 170/58/1312
f 1236/4/1313 1237/1/1314 175/1/1315 173/4/1313
f 1237/1/1316 1236/4/1317 174/4/1317 176/1/1318
f 1237/1/1319 1238/4/1320 177/4/1320 175/1/1321
f 1238/4/1322 1237/1/1323 176/1/1324 178/4/1322
f 1238/4/1325 1236/4/1325 173/4/1325 177/4/1325
f 1236/4/1326 1238/4/1326 178/4/1326 174/4/1326
f 1239/1/1327 1240/4/1328 173/4/1328 175/1/1329
f 1240/4/1330 1239/1/1331 176/1/1332 174/4/1330
f 1240/4/1333 1241/1/1334 179/1/1335 173/4/1333
f 1241/1/1336 1240/4/1337 174/4/1337 180/1/1338
f 1241/1/1339 1239/1/1340 175/1/1341 179/1/1342
f 1239/1/1343 1241/1/1344 180/1/1345 176/1/1346
f 1242/16/1347 1243/60/1348 183/60/1349 181/16/1350
f 1243/60/1351 1242/16/1352 182/16/1353 184/60/1354
f 1243/60/1355 1244/17/1356 185/17/1357 183/60/1358
f 1244/17/1359 1243/60/1360 184/60/1361 186/17/1362
f 1244/17/1363 1242/16/1364 181/16/1365 185/17/1366
f 1242/16/1367 1244/17/1368 186/17/1369 182/16/1370
f 1245/60/1371 1246/16/1372 181/16/1373 183/60/1374
f 1246/16/1375 1245/60/1376 184/60/1377 182/16/1378
f 1246/16/1379 1247/61/1380 187/61/1381 181/16/1382
f 1247/61/1383 1246/16/1384 182/16/1385 188/61/1386
f 1247/61/1387 1245/60/1388 183/60/1389 187/61/1390
f 1245/60/1391 1247/61/1392 188/61/1393 184/60/1394
f 1248/15/1395 1249/61/1396 187/61/1397 189/15/1398
f 1249/61/1399 1248/15/1400 190/15/1401 188/61/1402
f 1249/61/1403 1250/16/1404 181/16/1405 187/61/1406
f 1250/16/1407 1249/61/1408 188/61/1409 182/16/1410
f 1250/16/1411 1248/15/1412 189/15/1413 181/16/1414
f 1248/15/1415 1250/16/1416 182/16/1417 190/15/1418
f 1251/61/1419 1252/15/1420 189/15/1421 187/61/1422
f 1252/15/1423 1251/61/1424 188/61/1425 190/15/1426
f 1252/15/1427 1253/62/1428 191/62/1428 189/15/1429
f 1253/62/1430 1252/15/1431 190/15/1432 192/62/1430
f 1253/62/1433 1251/61/1434 187/61/1435 191/62/1433
f 1251/61/1436 1253/62/1437 192/62/1437 188/61/1438
f 1254/14/1439 1255/62/1439 191/62/1439 193/14/1439
f 1255/62/1440 1254/14/1440 194/14/1440 192/62/1440
f 1255/62/1441 1256/15/1442 189/15/1443 191/62/1441
f 1256/15/1444 1255/62/1445 192/62/1445 190/15/1446
f 1256/15/1447 1254/14/1448 193/14/1448 189/15/1449
f 1254/14/1450 1256/15/1451 190/15/1452 194/14/1450
f 1257/62/1453 1258/14/1453 193/14/1453 191/62/1453
f 1258/14/1454 1257/62/1454 192/62/1454 194/14/1454
f 1258/14/1455 1259/63/1455 195/63/1455 193/14/1455
f 1259/63/1456 1258/14/1456 194/14/1456 196/63/1456
f 1259/63/1457 1257/62/1457 191/62/1457 195/63/1457
f 1257/62/1458 1259/63/1458 196/63/1458 192/62/1458
f 1260/13/1459 1261/63/1459 195/63/1459 197/13/1459
f 1261/63/1460 1260/13/1460 198/13/1460 196/63/1460
f 1261/63/1461 1262/14/1461 193/14/1461 195/63/1461
f 1262/14/1462 1261/63/1462 196/63/1462 194/14/1462
f 1262/14/1463 1260/13/1463 197/13/1463 193/14/1463
f 1260/13/1464 1262/14/1464 194/14/1464 198/13/1464
f 1263/63/1465 1264/13/1465 197/13/1465 195/63/1465
f 1264/13/1466 1263/63/1466 196/63/1466 198/13/1466
f 1264/13/1467 1265/37/1467 199/37/1467 197/13/1467
f 1265/37/1468 1264/13/1468 198/13/1468 200/37/1468
f 1265/37/1469 1263/63/1469 195/63/1469 199/37/1469
f 1263/63/1470 1265/37/1470 200/37/1470 196/63/1470
f 1266/11/1471 1267/37/1471 199/37/1471 201/11/1471
f 1267/37/1472 1266/11/1472 202/11/1472 200/37/1472
f 1267/37/1473 1268/13/1473 197/13/1473 199/37/1473
f 1268/13/1474 1267/37/1474 200/37/1474 198/13/1474
f 1268/13/1475 1266/11/1475 201/11/1475 197/13/1475
f 1266/11/1476 1268/13/1476 198/13/1476 202/11/1476
f 1269/37/1477 1270/11/1477 201/11/1477 199/37/1477
f 1270/11/1478 1269/37/1478 200/37/1478 202/11/1478
f 1270/11/1456 1271/64/1456 203/64/1456 201/11/1456
f 1271/64/1479 1270/11/1479 202/11/1479 204/64/1479
f 1271/64/1480 1269/37/1480 199/37/1480 203/64/1480
f 1269/37/1481 1271/64/1481 204/64/1481 200/37/1481
f 1272/9/1482 1273/64/1483 203/64/1483 205/9/1484
f 1273/64/1485 1272/9/1486 206/9/1487 204/64/1485
f 1273/64/1488 1274/11/1488 201/11/1488 203/64/1488
f 1274/11/1489 1273/64/1489 204/64/1489 202/11/1489
f 1274/11/1490 1272/9/1491 205/9/1492 201/11/1490
f 1272/9/1493 1274/11/1494 202/11/1494 206/9/1495
f 1275/64/1496 1276/9/1497 205/9/1498 203/64/1496
f 1276/9/1499 1275/64/1500 204/64/1500 206/9/1501
f 1276/9/1502 1277/65/1503 207/65/1504 205/9/1505
f 1277/65/1506 1276/9/1507 206/9/1508 208/65/1509
f 1277/65/1510 1275/64/1511 203/64/1511 207/65/1512
f 1275/64/1513 1277/65/1514 208/65/1515 204/64/1513
f 1278/10/1516 1279/65/1517 207/65/1518 209/10/1519
f 1279/65/1520 1278/10/1521 210/10/1522 208/65/1523
f 1279/65/1524 1280/9/1525 205/9/1526 207/65/1527
f 1280/9/1528 1279/65/1529 208/65/1530 206/9/1531
f 1280/9/1532 1278/10/1533 209/10/1534 205/9/1535
f 1278/10/1536 1280/9/1537 206/9/1538 210/10/1539
f 1281/65/1540 1282/10/1541 209/10/1542 207/65/1543
f 1282/10/1544 1281/65/1545 208/65/1546 210/10/1547
f 1282/10/1548 1283/66/1549 211/66/1550 209/10/1551
f 1283/66/1552 1282/10/1553 210/10/1554 212/66/1555
f 1283/66/1556 1281/65/1557 207/65/1558 211/66/1559
f 1281/65/1560 1283/66/1561 212/66/1562 208/65/1563
f 1284/12/1564 1285/66/1565 211/66/1566 213/12/1567
f 1285/66/1568 1284/12/1569 214/12/1570 212/66/1571
f 1285/66/1572 1286/10/1573 209/10/1574 211/66/1575
f 1286/10/1576 1285/66/1577 212/66/1578 210/10/1579
f 1286/10/1580 1284/12/1581 213/12/1582 209/10/1583
f 1284/12/1584 1286/10/1585 210/10/1586 214/12/1587
f 1287/66/1588 1288/12/1589 213/12/1590 211/66/1591
f 1288/12/1592 1287/66/1593 212/66/1594 214/12/1595
f 1288/12/1596 1289/67/1597 183/67/1598 213/12/1599
f 1289/67/1600 1288/12/1601 214/12/1602 184/67/1603
f 1289/67/1604 1287/66/1605 211/66/1606 183/67/1607
f 1287/66/1608 1289/67/1609 184/67/1610 212/66/1611
f 1290/16/1612 1291/60/1613 217/60/1614 215/16/1615
f 1291/60/1616 1290/16/1617 216/16/1618 218/60/1619
f 1291/60/1620 1292/17/1621 219/17/1622 217/60/1623
f 1292/17/1624 1291/60/1625 218/60/1626 220/17/1627
f 1292/17/1628 1290/16/1629 215/16/1630 219/17/1631
f 1290/16/1632 1292/17/1633 220/17/1634 216/16/1635
f 1293/60/1636 1294/16/1637 215/16/1638 217/60/1639
f 1294/16/1640 1293/60/1641 218/60/1642 216/16/1643
f 1294/16/1644 1295/61/1645 221/61/1646 215/16/1647
f 1295/61/1648 1294/16/1649 216/16/1650 222/61/1651
f 1295/61/1652 1293/60/1653 217/60/1654 221/61/1655
f 1293/60/1656 1295/61/1657 222/61/1658 218/60/1659
f 1296/15/1660 1297/61/1661 221/61/1662 223/15/1663
f 1297/61/1664 1296/15/1665 224/15/1666 222/61/1667
f 1297/61/1668 1298/16/1669 215/16/1670 221/61/1671
f 1298/16/1672 1297/61/1673 222/61/1674 216/16/1675
f 1298/16/1676 1296/15/1677 223/15/1678 215/16/1679
f 1296/15/1680 1298/16/1681 216/16/1682 224/15/1683
f 1299/61/1684 1300/15/1685 223/15/1686 221/61/1687
f 1300/15/1688 1299/61/1689 222/61/1690 224/15/1691
f 1300/15/1692 1301/62/1693 225/62/1694 223/15/1695
f 1301/62/1696 1300/15/1697 224/15/1698 226/62/1699
f 1301/62/1700 1299/61/1701 221/61/1702 225/62/1703
f 1299/61/1704 1301/62/1705 226/62/1706 222/61/1707
f 1302/14/1708 1303/62/1709 225/62/1710 227/14/1711
f 1303/62/1712 1302/14/1713 228/14/1714 226/62/1715
f 1303/62/1716 1304/15/1717 223/15/1718 225/62/1719
f 1304/15/1720 1303/62/1721 226/62/1722 224/15/1723
f 1304/15/1724 1302/14/1725 227/14/1726 223/15/1727
f 1302/14/1728 1304/15/1729 224/15/1730 228/14/1731
f 1305/62/1732 1306/14/1733 227/14/1734 225/62/1735
f 1306/14/1736 1305/62/1737 226/62/1738 228/14/1739
f 1306/14/1740 1307/63/1741 229/63/1742 227/14/1743
f 1307/63/1744 1306/14/1745 228/14/1746 230/63/1747
f 1307/63/1748 1305/62/1749 225/62/1750 229/63/1751
f 1305/62/1752 1307/63/1753 230/63/1754 226/62/1755
f 1308/13/1756 1309/63/1757 229/63/1758 231/13/1759
f 1309/63/1760 1308/13/1761 232/13/1762 230/63/1763
f 1309/63/1764 1310/14/1765 227/14/1766 229/63/1767
f 1310/14/1768 1309/63/1769 230/63/1770 228/14/1771
f 1310/14/1772 1308/13/1773 231/13/1774 227/14/1775
f 1308/13/1776 1310/14/1777 228/14/1778 232/13/1779
f 1311/63/1780 1312/13/1781 231/13/1782 229/63/1783
f 1312/13/1784 1311/63/1785 230/63/1786 232/13/1787
f 1312/13/1788 1313/37/1789 233/37/1789 231/13/1790
f 1313/37/1791 1312/13/1792 232/13/1793 234/37/1791
f 1313/37/1794 1311/63/1795 229/63/1796 233/37/1794
f 1311/63/1797 1313/37/1798 234/37/1798 230/63/1799
f 1314/11/1800 1315/37/1800 233/37/1800 235/11/1800
f 1315/37/1472 1314/11/1472 236/11/1472 234/37/1472
f 1315/37/1801 1316/13/1802 231/13/1803 233/37/1801
f 1316/13/1804 1315/37/1805 234/37/1805 232/13/1806
f 1316/13/1807 1314/11/1808 235/11/1808 231/13/1809
f 1314/11/1810 1316/13/1811 232/13/1812 236/11/1810
f 1317/37/1477 1318/11/1477 235/11/1477 233/37/1477
f 1318/11/1813 1317/37/1813 234/37/1813 236/11/1813
f 1318/11/1814 1319/64/1815 237/64/1816 235/11/1814
f 1319/64/1817 1318/11/1818 236/11/1818 238/64/1819
f 1319/64/1820 1317/37/1821 233/37/1821 237/64/1822
f 1317/37/1823 1319/64/1824 238/64/1825 234/37/1823
f 1320/9/1826 1321/64/1827 237/64/1828 239/9/1829
f 1321/64/1830 1320/9/1831 240/9/1832 238/64/1833
f 1321/64/1834 1322/11/1835 235/11/1835 237/64/1836
f 1322/11/1837 1321/64/1838 238/64/1839 236/11/1837
f 1322/11/1490 1320/9/1491 239/9/1492 235/11/1490
f 1320/9/1493 1322/11/1494 236/11/1494 240/9/1495
f 1323/64/1840 1324/9/1841 239/9/1842 237/64/1843
f 1324/9/1844 1323/64/1845 238/64/1846 240/9/1847
f 1324/9/1848 1325/65/1849 241/65/1850 239/9/1851
f 1325/65/1852 1324/9/1853 240/9/1854 242/65/1855
f 1325/65/1856 1323/64/1857 237/64/1858 241/65/1859
f 1323/64/1860 1325/65/1861 242/65/1862 238/64/1863
f 1326/10/1864 1327/65/1865 241/65/1866 243/10/1867
f 1327/65/1868 1326/10/1869 244/10/1870 242/65/1871
f 1327/65/1872 1328/9/1873 239/9/1874 241/65/1875
f 1328/9/1876 1327/65/1877 242/65/1878 240/9/1879
f 1328/9/1532 1326/10/1533 243/10/1534 239/9/1535
f 1326/10/1536 1328/9/1537 240/9/1538 244/10/1539
f 1329/65/1880 1330/10/1881 243/10/1882 241/65/1883
f 1330/10/1884 1329/65/1885 242/65/1886 244/10/1887
f 1330/10/1548 1331/66/1549 245/66/1550 243/10/1551
f 1331/66/1888 1330/10/1889 244/10/1890 246/66/1891
f 1331/66/1892 1329/65/1893 241/65/1894 245/66/1895
f 1329/65/1896 1331/66/1897 246/66/1898 242/65/1899
f 1332/12/1900 1333/66/1901 245/66/1902 219/12/1903
f 1333/66/1904 1332/12/1905 220/12/1906 246/66/1907
f 1333/66/1572 1334/10/1573 243/10/1574 245/66/1575
f 1334/10/1576 1333/66/1577 246/66/1578 244/10/1579
f 1334/10/1908 1332/12/1909 219/12/1910 243/10/1911
f 1332/12/1912 1334/10/1913 244/10/1914 220/12/1915
f 1335/66/1916 1336/12/1917 219/12/1918 245/66/1919
f 1336/12/1920 1335/66/1921 246/66/1922 220/12/1923
f 1336/12/1924 1337/67/1925 217/67/1926 219/12/1927
f 1337/67/1928 1336/12/1929 220/12/1930 218/67/1931
f 1337/67/1932 1335/66/1933 245/66/1934 217/67/1935
f 1335/66/1936 1337/67/1937 218/67/1938 246/66/1939
f 1338/4/1940 1339/1/1941 249/1/1942 247/4/1943
f 1339/1/1944 1338/4/1945 248/4/1946 250/1/1947
f 1339/1/1948 1340/7/1949 251/7/1950 249/1/1951
f 1340/7/1952 1339/1/1953 250/1/1954 252/7/1955
f 1340/7/1956 1338/4/1957 247/4/1958 251/7/1959
f 1338/4/1960 1340/7/1961 252/7/1962 248/4/1963
f 1341/7/1964 1342/1/1965 249/1/1966 251/7/1967
f 1342/1/1968 1341/7/1969 252/7/1970 250/1/1971
f 1342/1/1972 1343/8/1973 253/8/1974 249/1/1975
f 1343/8/1976 1342/1/1977 250/1/1978 254/8/1979
f 1343/8/1980 1341/7/1981 251/7/1982 253/8/1983
f 1341/7/1984 1343/8/1985 254/8/1986 252/7/1987
f 1344/68/1988 1345/69/1989 257/69/1990 255/68/1991
f 1345/69/1992 1344/68/1993 256/68/1994 258/69/1995
f 1345/69/1996 1346/64/1997 259/64/1997 257/69/1998
f 1346/64/1999 1345/69/2000 258/69/2001 260/64/1999
f 1346/64/2002 1344/68/2003 255/68/2004 259/64/2002
f 1344/68/2005 1346/64/2006 260/64/2006 256/68/2007
f 1347/68/2008 1348/64/2009 259/64/2009 255/68/2010
f 1348/64/2011 1347/68/2012 256/68/2013 260/64/2011
f 1348/64/2014 1349/63/2014 261/63/2014 259/64/2014
f 1349/63/2015 1348/64/2015 260/64/2015 262/63/2015
f 1349/63/2016 1347/68/2017 255/68/2018 261/63/2016
f 1347/68/2019 1349/63/2020 262/63/2020 256/68/2021
f 1350/68/2022 1351/68/2023 265/68/2024 263/68/2025
f 1351/68/2026 1350/68/2027 264/68/2028 266/68/2029
f 1351/68/2030 1352/63/2031 267/63/2032 265/68/2033
f 1352/63/2034 1351/68/2035 266/68/2036 268/63/2037
f 1352/63/2038 1350/68/2039 263/68/2040 267/63/2041
f 1350/68/2042 1352/63/2043 268/63/2044 264/68/2045
f 1353/68/2046 1354/63/2047 269/63/2048 265/68/2049
f 1354/63/2050 1353/68/2051 266/68/2052 270/63/2053
f 1354/63/2054 1355/63/2055 267/63/2056 269/63/2057
f 1355/63/2058 1354/63/2059 270/63/2060 268/63/2061
f 1355/63/2062 1353/68/2063 265/68/2064 267/63/2065
f 1353/68/2066 1355/63/2067 268/63/2068 266/68/2069
f 1356/68/2070 1357/68/2071 271/68/2072 265/68/2073
f 1357/68/2074 1356/68/2075 266/68/2076 272/68/2077
f 1357/68/2078 1358/63/2079 269/63/2080 271/68/2081
f 1358/63/2082 1357/68/2083 272/68/2084 270/63/2085
f 1358/63/2086 1356/68/2087 265/68/2088 269/63/2089
f 1356/68/2090 1358/63/2091 270/63/2092 266/68/2093
f 1359/68/2094 1360/63/2095 273/63/2095 271/68/2096
f 1360/63/2097 1359/68/2098 272/68/2099 274/63/2097
f 1360/63/2100 1361/63/2101 269/63/2102 273/63/2100
f 1361/63/2103 1360/63/2104 274/63/2104 270/63/2105
f 1361/63/2106 1359/68/2107 271/68/2108 269/63/2109
f 1359/68/2110 1361/63/2111 270/63/2112 272/68/2113
f 1362/23/2114 1363/70/2115 277/70/2116 275/23/2117
f 1363/70/2118 1362/23/2119 276/23/2120 278/70/2121
f 1363/70/2122 1364/71/2123 279/71/2124 277/70/2125
f 1364/71/2126 1363/70/2127 278/70/2128 280/71/2129
f 1364/71/2130 1362/23/2131 275/23/2132 279/71/2133
f 1362/23/2134 1364/71/2135 280/71/2136 276/23/2137
f 1365/72/2138 1366/23/2139 275/23/2140 281/72/2141
f 1366/23/2142 1365/72/2143 282/72/2144 276/23/2145
f 1366/23/2146 1367/71/2147 279/71/2148 275/23/2149
f 1367/71/2150 1366/23/2151 276/23/2152 280/71/2153
f 1367/71/2154 1365/72/2155 281/72/2156 279/71/2157
f 1365/72/2158 1367/71/2159 280/71/2160 282/72/2161
f 1368/70/2162 1369/23/2163 275/23/2164 277/70/2165
f 1369/23/2166 1368/70/2167 278/70/2168 276/23/2169
f 1369/23/2170 1370/20/2171 283/20/2172 275/23/2173
f 1370/20/2174 1369/23/2175 276/23/2176 284/20/2177
f 1370/20/2178 1368/70/2179 277/70/2180 283/20/2181
f 1368/70/2182 1370/20/2183 284/20/2184 278/70/2185
f 1371/23/2186 1372/72/2187 281/72/2188 275/23/2189
f 1372/72/2190 1371/23/2191 276/23/2192 282/72/2193
f 1372/72/2194 1373/25/2195 285/25/2196 281/72/2197
f 1373/25/2198 1372/72/2199 282/72/2200 286/25/2201
f 1373/25/2202 1371/23/2203 275/23/2204 285/25/2205
f 1371/23/2206 1373/25/2207 286/25/2208 276/23/2209
f 1374/20/2210 1375/73/2211 287/73/2212 283/20/2213
f 1375/73/2214 1374/20/2215 284/20/2216 288/73/2217
f 1375/73/2218 1376/70/2219 277/70/2220 287/73/2221
f 1376/70/2222 1375/73/2223 288/73/2224 278/70/2225
f 1376/70/2226 1374/20/2227 283/20/2228 277/70/2229
f 1374/20/2230 1376/70/2231 278/70/2232 284/20/2233
f 1377/24/2234 1378/25/2235 285/25/2236 289/24/2237
f 1378/25/2238 1377/24/2239 290/24/2240 286/25/2241
f 1378/25/2242 1379/72/2243 281/72/2244 285/25/2245
f 1379/72/2246 1378/25/2247 286/25/2248 282/72/2249
f 1379/72/2250 1377/24/2251 289/24/2252 281/72/2253
f 1377/24/2254 1379/72/2255 282/72/2256 290/24/2257
f 1380/73/2258 1381/20/2259 283/20/2260 287/73/2261
f 1381/20/2262 1380/73/2263 288/73/2264 284/20/2265
f 1381/20/2266 1382/18/2267 291/18/2268 283/20/2269
f 1382/18/2270 1381/20/2271 284/20/2272 292/18/2273
f 1382/18/2274 1380/73/2275 287/73/2276 291/18/2277
f 1380/73/2278 1382/18/2279 292/18/2280 288/73/2281
f 1383/24/2282 1384/72/2283 281/72/2284 289/24/2285
f 1384/72/2286 1383/24/2287 290/24/2288 282/72/2289
f 1384/72/2290 1385/74/2291 293/74/2292 281/72/2293
f 1385/74/2294 1384/72/2295 282/72/2296 294/74/2297
f 1385/74/2298 1383/24/2299 289/24/2300 293/74/2301
f 1383/24/2302 1385/74/2303 294/74/2304 290/24/2305
f 1386/18/2306 1387/75/2307 295/75/2308 291/18/2309
f 1387/75/2310 1386/18/2311 292/18/2312 296/75/2313
f 1387/75/2314 1388/73/2315 287/73/2316 295/75/2317
f 1388/73/2318 1387/75/2319 296/75/2320 288/73/2321
f 1388/73/2322 1386/18/2323 291/18/2324 287/73/2325
f 1386/18/2326 1388/73/2327 288/73/2328 292/18/2329
f 1389/76/2330 1390/24/2331 289/24/2332 297/76/2333
f 1390/24/2334 1389/76/2335 298/76/2336 290/24/2337
f 1390/24/2338 1391/74/2339 293/74/2340 289/24/2341
f 1391/74/2342 1390/24/2343 290/24/2344 294/74/2345
f 1391/74/2346 1389/76/2347 297/76/2348 293/74/2349
f 1389/76/2350 1391/74/2351 294/74/2352 298/76/2353
f 1392/75/2354 1393/18/2355 291/18/2356 295/75/2357
f 1393/18/2358 1392/75/2359 296/75/2360 292/18/2361
f 1393/18/2362 1394/21/2363 299/21/2364 291/18/2365
f 1394/21/2366 1393/18/2367 292/18/2368 300/21/2369
f 1394/21/2370 1392/75/2371 295/75/2372 299/21/2373
f 1392/75/2374 1394/21/2375 300/21/2376 296/75/2377
f 1395/24/2378 1396/76/2379 297/76/2380 289/24/2381
f 1396/76/2382 1395/24/2383 290/24/2384 298/76/2385
f 1396/76/2386 1397/22/2387 301/22/2388 297/76/2389
f 1397/22/2390 1396/76/2391 298/76/2392 302/22/2393
f 1397/22/2394 1395/24/2395 289/24/2396 301/22/2397
f 1395/24/2398 1397/22/2399 302/22/2400 290/24/2401
f 1398/19/2402 1399/75/2403 295/75/2404 303/19/2405
f 1399/75/2406 1398/19/2407 304/19/2408 296/75/2409
f 1399/75/2410 1400/21/2411 299/21/2412 295/75/2413
f 1400/21/2414 1399/75/2415 296/75/2416 300/21/2417
f 1400/21/2418 1398/19/2419 303/19/2420 299/21/2421
f 1398/19/2422 1400/21/2423 300/21/2424 304/19/2425
f 1401/77/2426 1402/22/2427 301/22/2428 305/77/2429
f 1402/22/2430 1401/77/2431 306/77/2432 302/22/2433
f 1402/22/2434 1403/76/2435 297/76/2436 301/22/2437
f 1403/76/2438 1402/22/2439 302/22/2440 298/76/2441
f 1403/76/2442 1401/77/2443 305/77/2444 297/76/2445
f 1401/77/2446 1403/76/2447 298/76/2448 306/77/2449
f 1404/75/2450 1405/19/2451 303/19/2452 295/75/2453
f 1405/19/2454 1404/75/2455 296/75/2456 304/19/2457
f 1405/19/2458 1406/77/2459 305/77/2460 303/19/2461
f 1406/77/2462 1405/19/2463 304/19/2464 306/77/2465
f 1406/77/2466 1404/75/2467 295/75/2468 305/77/2469
f 1404/75/2470 1406/77/2471 306/77/2472 296/75/2473
f 1407/22/2474 1408/77/2475 305/77/2476 301/22/2477
f 1408/77/2478 1407/22/2479 302/22/2480 306/77/2481
f 1408/77/2482 1409/19/2483 303/19/2484 305/77/2485
f 1409/19/2486 1408/77/2487 306/77/2488 304/19/2489
f 1409/19/2490 1407/22/2491 301/22/2492 303/19/2493
f 1407/22/2494 1409/19/2495 304/19/2496 302/22/2497
f 1410/68/2498 1411/69/2498 309/69/2498 307/68/2498
f 1411/69/2499 1410/68/2499 308/68/2499 310/69/2499
f 1411/69/2500 1412/64/2500 311/64/2500 309/69/2500
f 1412/64/2501 1411/69/2501 310/69/2501 312/64/2501
f 1412/64/2502 1410/68/2502 307/68/2502 311/64/2502
f 1410/68/2503 1412/64/2503 312/64/2503 308/68/2503
f 1413/68/2504 1414/64/2504 311/64/2504 307/68/2504
f 1414/64/2505 1413/68/2505 308/68/2505 312/64/2505
f 1414/64/2506 1415/63/2506 313/63/2506 311/64/2506
f 1415/63/2507 1414/64/2507 312/64/2507 314/63/2507
f 1415/63/2508 1413/68/2508 307/68/2508 313/63/2508
f 1413/68/2509 1415/63/2509 314/63/2509 308/68/2509
f 1416/63/2510 1417/68/2511 317/68/2511 315/63/2512
f 1417/68/2513 1416/63/2514 316/63/2515 318/68/2513
f 1417/68/2516 1418/78/2517 319/78/2518 317/68/2516
f 1418/78/2519 1417/68/2520 318/68/2520 320/78/2521
f 1418/78/2522 1416/63/2523 315/63/2524 319/78/2525
f 1416/63/2526 1418/78/2527 320/78/2528 316/63/2529
f 1419/78/2530 1420/68/2531 317/68/2531 319/78/2532
f 1420/68/2533 1419/78/2534 320/78/2535 318/68/2533
f 1420/68/2536 1421/79/2536 321/79/2536 317/68/2536
f 1421/79/2537 1420/68/2537 318/68/2537 322/79/2537
f 1421/79/2538 1419/78/2539 319/78/2540 321/79/2538
f 1419/78/2541 1421/79/2542 322/79/2542 320/78/2543
f 1422/80/2544 1423/63/2545 315/63/2546 323/80/2547
f 1423/63/2548 1422/80/2549 324/80/2550 316/63/2551
f 1423/63/2552 1424/78/2553 319/78/2554 315/63/2555
f 1424/78/2556 1423/63/2557 316/63/2558 320/78/2559
f 1424/78/2560 1422/80/2561 323/80/2562 319/78/2563
f 1422/80/2564 1424/78/2565 320/78/2566 324/80/2567
f 1425/63/2568 1426/80/2569 323/80/2570 315/63/2571
f 1426/80/2572 1425/63/2573 316/63/2574 324/80/2575
f 1426/80/2576 1427/81/2577 325/81/2578 323/80/2579
f 1427/81/2580 1426/80/2581 324/80/2582 326/81/2583
f 1427/81/2584 1425/63/2585 315/63/2586 325/81/2587
f 1425/63/2588 1427/81/2589 326/81/2590 316/63/2591
f 1428/4/2592 1429/1/2593 329/1/2594 327/4/2592
f 1429/1/2595 1428/4/2596 328/4/2596 330/1/2597
f 1429/1/2598 1430/82/2599 331/82/2600 329/1/2601
f 1430/82/2602 1429/1/2603 330/1/2604 332/82/2605
f 1430/82/2606 1428/4/2607 327/4/2607 331/82/2608
f 1428/4/2609 1430/82/2610 332/82/2611 328/4/2609
f 1431/82/2612 1432/1/2613 329/1/2614 331/82/2615
f 1432/1/2616 1431/82/2617 332/82/2618 330/1/2619
f 1432/1/2620 1433/83/2621 333/83/2622 329/1/2623
f 1433/83/2624 1432/1/2625 330/1/2626 334/83/2627
f 1433/83/2628 1431/82/2629 331/82/2630 333/83/2631
f 1431/82/2632 1433/83/2633 334/83/2634 332/82/2635
f 1434/4/2636 1435/82/2637 331/82/2638 327/4/2636
f 1435/82/2639 1434/4/2640 328/4/2640 332/82/2641
f 1435/82/2642 1436/84/2643 335/84/2644 331/82/2645
f 1436/84/2646 1435/82/2647 332/82/2648 336/84/2649
f 1436/84/2650 1434/4/2651 327/4/2651 335/84/2652
f 1434/4/2653 1436/84/2654 336/84/2655 328/4/2653
f 1437/4/2656 1438/84/2657 335/84/2658 327/4/2656
f 1438/84/2659 1437/4/2660 328/4/2660 336/84/2661
f 1438/84/2662 1439/85/2663 337/85/2663 335/84/2664
f 1439/85/2665 1438/84/2666 336/84/2667 338/85/2665
f 1439/85/2668 1437/4/2668 327/4/2668 337/85/2668
f 1437/4/2669 1439/85/2669 338/85/2669 328/4/2669
f 1440/4/2670 1441/1/2671 341/1/2672 339/4/2673
f 1441/1/2674 1440/4/2675 340/4/2676 342/1/2677
f 1441/1/2678 1442/7/2679 343/7/2680 341/1/2681
f 1442/7/2682 1441/1/2683 342/1/2684 344/7/2685
f 1442/7/2686 1440/4/2687 339/4/2688 343/7/2689
f 1440/4/2690 1442/7/2691 344/7/2692 340/4/2693
f 1443/7/2694 1444/1/2695 341/1/2696 343/7/2697
f 1444/1/2698 1443/7/2699 344/7/2700 342/1/2701
f 1444/1/2702 1445/8/2703 345/8/2704 341/1/2705
f 1445/8/2706 1444/1/2707 342/1/2708 346/8/2709
f 1445/8/2710 1443/7/2711 343/7/2712 345/8/2713
f 1443/7/2714 1445/8/2715 346/8/2716 344/7/2717
f 1446/69/2718 1447/64/2719 349/64/2720 347/69/2718
f 1447/64/2721 1446/69/2722 348/69/2722 350/64/2723
f 1447/64/2724 1448/66/2725 351/66/2726 349/64/2727
f 1448/66/2728 1447/64/2729 350/64/2730 352/66/2731
f 1448/66/2732 1446/69/2733 347/69/2733 351/66/2734
f 1446/69/2735 1448/66/2736 352/66/2737 348/69/2735
f 1449/66/2738 1450/86/2739 13/86/2739 351/66/2740
f 1450/86/2741 1449/66/2742 352/66/2743 14/86/2741
f 1450/86/2744 1451/69/2744 347/69/2744 13/86/2744
f 1451/69/2745 1450/86/2745 14/86/2745 348/69/2745
f 1451/69/2746 1449/66/2747 351/66/2748 347/69/2746
f 1449/66/2749 1451/69/2750 348/69/2750 352/66/2751
f 1452/87/2752 1453/7/2753 355/7/2754 353/87/2755
f 1453/7/2756 1452/87/2757 354/87/2758 356/7/2759
f 1453/7/2760 1454/88/2761 357/88/2762 355/7/2763
f 1454/88/2764 1453/7/2765 356/7/2766 358/88/2767
f 1454/88/2768 1452/87/2769 353/87/2770 357/88/2771
f 1452/87/2772 1454/88/2773 358/88/2774 354/87/2775
f 1455/7/2776 1456/87/2777 353/87/2778 355/7/2779
f 1456/87/2780 1455/7/2781 356/7/2782 354/87/2783
f 1456/87/2784 1457/8/2785 359/8/2786 353/87/2787
f 1457/8/2788 1456/87/2789 354/87/2790 360/8/2791
f 1457/8/2792 1455/7/2793 355/7/2794 359/8/2795
f 1455/7/2796 1457/8/2797 360/8/2798 356/7/2799
f 1458/4/2800 1459/1/2801 363/1/2801 361/4/2802
f 1459/1/2803 1458/4/2804 362/4/2805 364/1/2803
f 1459/1/2806 1460/88/2807 357/88/2808 363/1/2806
f 1460/88/2809 1459/1/2810 364/1/2810 358/88/2811
f 1460/88/2812 1458/4/2813 361/4/2814 357/88/2815
f 1458/4/2816 1460/88/2817 358/88/2818 362/4/2819
f 1461/88/2820 1462/1/2821 363/1/2821 357/88/2822
f 1462/1/2823 1461/88/2824 358/88/2825 364/1/2823
f 1462/1/2826 1463/87/2827 353/87/2828 363/1/2826
f 1463/87/2829 1462/1/2830 364/1/2830 354/87/2831
f 1463/87/2832 1461/88/2833 357/88/2834 353/87/2835
f 1461/88/2836 1463/87/2837 354/87/2838 358/88/2839
f 1464/89/2840 1465/90/2841 367/90/2842 365/89/2843
f 1465/90/2844 1464/89/2845 366/89/2846 368/90/2847
f 1465/90/2848 1466/91/2849 87/91/2850 367/90/2851
f 1466/91/2852 1465/90/2853 368/90/2854 88/91/2855
f 1466/91/2856 1464/89/2857 365/89/2858 87/91/2859
f 1464/89/2860 1466/91/2861 88/91/2862 366/89/2863
f 1467/90/2864 1468/66/2865 369/66/2865 367/90/2866
f 1468/66/2867 1467/90/2868 368/90/2869 370/66/2867
f 1468/66/2870 1469/91/2871 87/91/2872 369/66/2870
f 1469/91/2873 1468/66/2874 370/66/2874 88/91/2875
f 1469/91/2876 1467/90/2877 367/90/2878 87/91/2879
f 1467/90/2880 1469/91/2881 88/91/2882 368/90/2883
f 1470/66/2884 1471/90/2885 367/90/2886 369/66/2884
f 1471/90/2887 1470/66/2888 370/66/2888 368/90/2889
f 1471/90/2890 1472/64/2891 371/64/2892 367/90/2893
f 1472/64/2894 1471/90/2895 368/90/2896 372/64/2897
f 1472/64/2898 1470/66/2899 369/66/2899 371/64/2900
f 1470/66/2901 1472/64/2902 372/64/2903 370/66/2901
f 1473/91/2904 1474/92/2905 91/92/2906 87/91/2907
f 1474/92/2908 1473/91/2909 88/91/2910 92/92/2911
f 1474/92/2912 1475/89/2913 365/89/2914 91/92/2915
f 1475/89/2916 1474/92/2917 92/92/2918 366/89/2919
f 1475/89/2920 1473/91/2921 87/91/2922 365/89/2923
f 1473/91/2924 1475/89/2925 366/89/2926 88/91/2927
f 1476/89/2928 1477/92/2929 91/92/2930 365/89/2931
f 1477/92/2932 1476/89/2933 366/89/2934 92/92/2935
f 1477/92/2936 1478/69/2937 373/69/2938 91/92/2939
f 1478/69/2940 1477/92/2941 92/92/2942 374/69/2943
f 1478/69/2944 1476/89/2945 365/89/2946 373/69/2947
f 1476/89/2948 1478/69/2949 374/69/2950 366/89/2951
f 1479/86/2952 1480/69/2953 373/69/2954 375/86/2955
f 1480/69/2956 1479/86/2957 376/86/2958 374/69/2959
f 1480/69/2960 1481/92/2961 91/92/2962 373/69/2963
f 1481/92/2964 1480/69/2965 374/69/2966 92/92/2967
f 1481/92/2968 1479/86/2969 375/86/2970 91/92/2971
f 1479/86/2972 1481/92/2973 92/92/2974 376/86/2975
f 1482/62/2976 1483/15/2976 379/15/2976 377/62/2976
f 1483/15/2977 1482/62/2977 378/62/2977 380/15/2977
f 1483/15/2978 1484/61/2979 381/61/2980 379/15/2978
f 1484/61/2981 1483/15/2982 380/15/2982 382/61/2983
f 1484/61/2984 1482/62/2985 377/62/2985 381/61/2986
f 1482/62/2987 1484/61/2988 382/61/2989 378/62/2987
f 1485/16/2990 1486/61/2991 381/61/2992 383/16/2993
f 1486/61/2994 1485/16/2995 384/16/2996 382/61/2997
f 1486/61/2998 1487/15/2999 379/15/2999 381/61/3000
f 1487/15/3001 1486/61/3002 382/61/3003 380/15/3001
f 1487/15/3004 1485/16/3005 383/16/3006 379/15/3004
f 1485/16/3007 1487/15/3008 380/15/3008 384/16/3009
f 1488/15/3010 1489/62/3010 377/62/3010 379/15/3010
f 1489/62/3011 1488/15/3011 380/15/3011 378/62/3011
f 1489/62/3012 1490/14/3012 385/14/3012 377/62/3012
f 1490/14/3013 1489/62/3013 378/62/3013 386/14/3013
f 1490/14/3014 1488/15/3014 379/15/3014 385/14/3014
f 1488/15/3015 1490/14/3015 386/14/3015 380/15/3015
f 1491/63/3016 1492/14/3016 385/14/3016 387/63/3016
f 1492/14/3017 1491/63/3017 388/63/3017 386/14/3017
f 1492/14/3018 1493/62/3018 377/62/3018 385/14/3018
f 1493/62/3019 1492/14/3019 386/14/3019 378/62/3019
f 1493/62/3020 1491/63/3020 387/63/3020 377/62/3020
f 1491/63/3021 1493/62/3021 378/62/3021 388/63/3021
f 1494/66/3022 1495/64/3023 389/64/3024 333/66/3025
f 1495/64/3026 1494/66/3027 334/66/3028 390/64/3029
f 1495/64/3030 1496/80/3031 391/80/3032 389/64/3033
f 1496/80/3034 1495/64/3035 390/64/3036 392/80/3037
f 1496/80/3038 1494/66/3039 333/66/3040 391/80/3041
f 1494/66/3042 1496/80/3043 392/80/3044 334/66/3045
f 1497/66/3046 1498/80/3047 391/80/3048 333/66/3049
f 1498/80/3050 1497/66/3051 334/66/3052 392/80/3053
f 1498/80/3054 1499/93/3055 331/93/3056 391/80/3057
f 1499/93/3058 1498/80/3059 392/80/3060 332/93/3061
f 1499/93/3062 1497/66/3063 333/66/3064 331/93/3065
f 1497/66/3066 1499/93/3067 332/93/3068 334/66/3069
f 1500/93/3070 1501/80/3071 391/80/3072 331/93/3073
f 1501/80/3074 1500/93/3075 332/93/3076 392/80/3077
f 1501/80/3078 1502/78/3079 393/78/3080 391/80/3081
f 1502/78/3082 1501/80/3083 392/80/3084 394/78/3085
f 1502/78/3086 1500/93/3087 331/93/3088 393/78/3089
f 1500/93/3090 1502/78/3091 394/78/3092 332/93/3093
f 1503/93/3094 1504/78/3095 393/78/3096 331/93/3097
f 1504/78/3098 1503/93/3099 332/93/3100 394/78/3101
f 1504/78/3102 1505/94/3103 335/94/3104 393/78/3105
f 1505/94/3106 1504/78/3107 394/78/3108 336/94/3109
f 1505/94/3110 1503/93/3111 331/93/3112 335/94/3113
f 1503/93/3114 1505/94/3115 336/94/3116 332/93/3117
f 1506/69/3118 1507/94/3119 335/94/3120 395/69/3121
f 1507/94/3122 1506/69/3123 396/69/3124 336/94/3125
f 1507/94/3126 1508/78/3127 393/78/3128 335/94/3129
f 1508/78/3130 1507/94/3131 336/94/3132 394/78/3133
f 1508/78/3134 1506/69/3135 395/69/3136 393/78/3137
f 1506/69/3138 1508/78/3139 394/78/3140 396/69/3141
f 1509/94/3142 1510/69/3143 395/69/3144 335/94/3145
f 1510/69/3146 1509/94/3147 336/94/3148 396/69/3149
f 1510/69/3150 1511/86/3151 397/86/3152 395/69/3153
f 1511/86/3154 1510/69/3155 396/69/3156 398/86/3157
f 1511/86/3158 1509/94/3159 335/94/3160 397/86/3161
f 1509/94/3162 1511/86/3163 398/86/3164 336/94/3165
f 1512/16/3166 1513/61/3167 153/61/3168 399/16/3166
f 1513/61/3169 1512/16/3170 400/16/3170 154/61/3171
f 1513/61/3172 1514/60/3173 149/60/3174 153/61/3175
f 1514/60/3176 1513/61/3177 154/61/3178 150/60/3179
f 1514/60/3180 1512/16/3181 399/16/3181 149/60/3182
f 1512/16/3183 1514/60/3184 150/60/3185 400/16/3183
f 1515/16/3186 1516/60/3187 149/60/3188 399/16/3186
f 1516/60/3189 1515/16/3190 400/16/3190 150/60/3191
f 1516/60/3192 1517/17/3193 401/17/3194 149/60/3195
f 1517/17/3196 1516/60/3197 150/60/3198 402/17/3199
f 1517/17/3200 1515/16/3201 399/16/3201 401/17/3202
f 1515/16/3203 1517/17/3204 402/17/3205 400/16/3203
f 1518/15/3206 1519/61/3207 153/61/3208 403/15/3206
f 1519/61/3209 1518/15/3210 404/15/3210 154/61/3211
f 1519/61/3212 1520/16/3213 399/16/3213 153/61/3214
f 1520/16/3215 1519/61/3216 154/61/3217 400/16/3215
f 1520/16/3218 1518/15/3218 403/15/3218 399/16/3218
f 1518/15/3219 1520/16/3219 400/16/3219 404/15/3219
f 1521/15/3220 1522/62/3221 165/62/3222 403/15/3220
f 1522/62/3223 1521/15/3224 404/15/3224 166/62/3225
f 1522/62/3226 1523/61/3227 153/61/3228 165/62/3229
f 1523/61/3230 1522/62/3231 166/62/3232 154/61/3233
f 1523/61/3234 1521/15/3235 403/15/3235 153/61/3236
f 1521/15/3237 1523/61/3238 154/61/3239 404/15/3237
f 1524/14/3240 1525/62/3241 165/62/3242 405/14/3243
f 1525/62/3244 1524/14/3245 406/14/3246 166/62/3247
f 1525/62/3248 1526/15/3249 403/15/3249 165/62/3250
f 1526/15/3251 1525/62/3252 166/62/3253 404/15/3251
f 1526/15/3254 1524/14/3255 405/14/3256 403/15/3254
f 1524/14/3257 1526/15/3258 404/15/3258 406/14/3259
f 1527/14/3260 1528/63/3261 169/63/3262 405/14/3263
f 1528/63/3264 1527/14/3265 406/14/3266 170/63/3267
f 1528/63/3268 1529/62/3269 165/62/3270 169/63/3271
f 1529/62/3272 1528/63/3273 170/63/3274 166/62/3275
f 1529/62/3276 1527/14/3277 405/14/3278 165/62/3279
f 1527/14/3280 1529/62/3281 166/62/3282 406/14/3283
f 1530/95/3284 1531/96/3285 497/96/3286 623/95/3287
f 1531/96/3288 1530/95/3289 624/95/3290 498/96/3291
f 1531/96/3292 1532/97/3293 77/97/3294 497/96/3295
f 1532/97/3296 1531/96/3297 498/96/3298 78/97/3299
f 1532/97/3300 1533/98/3301 69/98/3302 77/97/3303
f 1533/98/3304 1532/97/3305 78/97/3306 70/98/3307
f 1533/98/3308 1530/95/3309 623/95/3310 69/98/3311
f 1530/95/3312 1533/98/3313 70/98/3314 624/95/3315
f 1534/11/3316 1535/37/3317 167/37/3318 409/11/3319
f 1535/37/3320 1534/11/3321 410/11/3322 168/37/3323
f 1535/37/3324 1536/13/3325 407/13/3326 167/37/3327
f 1536/13/3328 1535/37/3329 168/37/3330 408/13/3331
f 1536/13/3332 1534/11/3333 409/11/3334 407/13/3335
f 1534/11/3336 1536/13/3337 408/13/3338 410/11/3339
f 1537/11/3340 1538/64/3341 155/64/3342 409/11/3343
f 1538/64/3344 1537/11/3345 410/11/3346 156/64/3347
f 1538/64/3348 1539/37/3349 167/37/3350 155/64/3351
f 1539/37/3352 1538/64/3353 156/64/3354 168/37/3355
f 1539/37/3356 1537/11/3357 409/11/3358 167/37/3359
f 1537/11/3360 1539/37/3361 168/37/3362 410/11/3363
f 1540/11/3364 1541/9/3365 411/9/3366 409/11/3367
f 1541/9/3368 1540/11/3369 410/11/3370 412/9/3371
f 1541/9/3372 1542/64/3373 155/64/3374 411/9/3375
f 1542/64/3376 1541/9/3377 412/9/3378 156/64/3379
f 1542/64/3380 1540/11/3381 409/11/3382 155/64/3383
f 1540/11/3384 1542/64/3385 156/64/3386 410/11/3387
f 1543/64/3388 1544/9/3389 411/9/3390 155/64/3391
f 1544/9/3392 1543/64/3393 156/64/3394 412/9/3395
f 1544/9/3396 1545/65/3397 151/65/3398 411/9/3399
f 1545/65/3400 1544/9/3401 412/9/3402 152/65/3403
f 1545/65/3404 1543/64/3405 155/64/3406 151/65/3407
f 1543/64/3408 1545/65/3409 152/65/3410 156/64/3411
f 1546/9/3412 1547/10/3413 413/10/3413 411/9/3414
f 1547/10/3415 1546/9/3416 412/9/3417 414/10/3415
f 1547/10/3418 1548/65/3419 151/65/3420 413/10/3418
f 1548/65/3421 1547/10/3422 414/10/3422 152/65/3423
f 1548/65/3424 1546/9/3425 411/9/3426 151/65/3427
f 1546/9/3428 1548/65/3429 152/65/3430 412/9/3431
f 1549/65/3432 1550/10/3433 413/10/3433 151/65/3434
f 1550/10/3435 1549/65/3436 152/65/3437 414/10/3435
f 1550/10/3438 1551/66/3439 141/66/3440 413/10/3438
f 1551/66/3441 1550/10/3442 414/10/3442 142/66/3443
f 1551/66/3444 1549/65/3445 151/65/3446 141/66/3447
f 1549/65/3448 1551/66/3449 142/66/3450 152/65/3451
f 1552/12/3452 1553/66/3453 141/66/3454 415/12/3455
f 1553/66/3456 1552/12/3457 416/12/3458 142/66/3459
f 1553/66/3460 1554/10/3461 413/10/3461 141/66/3462
f 1554/10/3463 1553/66/3464 142/66/3465 414/10/3463
f 1554/10/3466 1552/12/3467 415/12/3468 413/10/3466
f 1552/12/3469 1554/10/3470 414/10/3470 416/12/3471
f 1555/12/3472 1556/67/3473 149/67/3474 415/12/3475
f 1556/67/3476 1555/12/3477 416/12/3478 150/67/3479
f 1556/67/3480 1557/66/3481 141/66/3482 149/67/3483
f 1557/66/3484 1556/67/3485 150/67/3486 142/66/3487
f 1557/66/3488 1555/12/3489 415/12/3490 141/66/3491
f 1555/12/3492 1557/66/3493 142/66/3494 416/12/3495
f 1558/99/3496 1559/100/3497 417/100/3498 297/99/3499
f 1559/100/3500 1558/99/3501 298/99/3502 418/100/3503
f 1559/100/3504 1560/101/3505 419/101/3506 417/100/3507
f 1560/101/3508 1559/100/3509 418/100/3510 420/101/3511
f 1560/101/3512 1558/99/3513 297/99/3514 419/101/3515
f 1558/99/3516 1560/101/3517 420/101/3518 298/99/3519
f 1561/99/3520 1562/101/3521 419/101/3522 297/99/3523
f 1562/101/3524 1561/99/3525 298/99/3526 420/101/3527
f 1562/101/3528 1563/102/3529 305/102/3530 419/101/3531
f 1563/102/3532 1562/101/3533 420/101/3534 306/102/3535
f 1563/102/3536 1561/99/3537 297/99/3538 305/102/3539
f 1561/99/3540 1563/102/3541 306/102/3542 298/99/3543
f 1564/103/3544 1565/102/3545 305/102/3546 295/103/3547
f 1565/102/3548 1564/103/3549 296/103/3550 306/102/3551
f 1565/102/3552 1566/101/3553 419/101/3554 305/102/3555
f 1566/101/3556 1565/102/3557 306/102/3558 420/101/3559
f 1566/101/3560 1564/103/3561 295/103/3562 419/101/3563
f 1564/103/3564 1566/101/3565 420/101/3566 296/103/3567
f 1567/104/3568 1568/103/3569 295/103/3570 421/104/3571
f 1568/103/3572 1567/104/3573 422/104/3574 296/103/3575
f 1568/103/3576 1569/101/3577 419/101/3578 295/103/3579
f 1569/101/3580 1568/103/3581 296/103/3582 420/101/3583
f 1569/101/3584 1567/104/3585 421/104/3586 419/101/3587
f 1567/104/3588 1569/101/3589 420/101/3590 422/104/3591
f 1570/105/3592 1571/103/3593 295/103/3594 287/105/3595
f 1571/103/3596 1570/105/3597 288/105/3598 296/103/3599
f 1571/103/3600 1572/104/3601 421/104/3602 295/103/3603
f 1572/104/3604 1571/103/3605 296/103/3606 422/104/3607
f 1572/104/3608 1570/105/3609 287/105/3610 421/104/3611
f 1570/105/3612 1572/104/3613 422/104/3614 288/105/3615
f 1573/106/3616 1574/105/3617 287/105/3618 423/106/3619
f 1574/105/3620 1573/106/3621 424/106/3622 288/105/3623
f 1574/105/3624 1575/104/3625 421/104/3626 287/105/3627
f 1575/104/3628 1574/105/3629 288/105/3630 422/104/3631
f 1575/104/3632 1573/106/3633 423/106/3634 421/104/3635
f 1573/106/3636 1575/104/3637 422/104/3638 424/106/3639
f 1576/106/3640 1577/107/3641 277/107/3642 423/106/3643
f 1577/107/3644 1576/106/3645 424/106/3646 278/107/3647
f 1577/107/3648 1578/105/3649 287/105/3650 277/107/3651
f 1578/105/3652 1577/107/3653 278/107/3654 288/105/3655
f 1578/105/3656 1576/106/3657 423/106/3658 287/105/3659
f 1576/106/3660 1578/105/3661 288/105/3662 424/106/3663
f 1579/107/3664 1580/106/3665 423/106/3666 277/107/3667
f 1580/106/3668 1579/107/3669 278/107/3670 424/106/3671
f 1580/106/3672 1581/108/3673 425/108/3673 423/106/3674
f 1581/108/3675 1580/106/3676 424/106/3677 426/108/3675
f 1581/108/3678 1579/107/3679 277/107/3680 425/108/3678
f 1579/107/3681 1581/108/3682 426/108/3682 278/107/3683
f 1582/108/3684 1583/109/3685 279/109/3686 425/108/3684
f 1583/109/3687 1582/108/3688 426/108/3688 280/109/3689
f 1583/109/3690 1584/107/3691 277/107/3692 279/109/3693
f 1584/107/3694 1583/109/3695 280/109/3696 278/107/3697
f 1584/107/3698 1582/108/3699 425/108/3699 277/107/3700
f 1582/108/3701 1584/107/3702 278/107/3703 426/108/3701
f 1585/109/3704 1586/108/3705 425/108/3705 279/109/3706
f 1586/108/3707 1585/109/3708 280/109/3709 426/108/3707
f 1586/108/3710 1587/110/3710 427/110/3710 425/108/3710
f 1587/110/3711 1586/108/3711 426/108/3711 428/110/3711
f 1587/110/3712 1585/109/3713 279/109/3714 427/110/3712
f 1585/109/3715 1587/110/3716 428/110/3716 280/109/3717
f 1588/109/3718 1589/110/3719 427/110/3719 279/109/3720
f 1589/110/3721 1588/109/3722 280/109/3723 428/110/3721
f 1589/110/3724 1590/111/3724 429/111/3724 427/110/3724
f 1590/111/3725 1589/110/3725 428/110/3725 430/111/3725
f 1590/111/3726 1588/109/3727 279/109/3728 429/111/3726
f 1588/109/3729 1590/111/3730 430/111/3730 280/109/3731
f 1591/109/3732 1592/111/3733 429/111/3733 279/109/3734
f 1592/111/3735 1591/109/3736 280/109/3737 430/111/3735
f 1592/111/3738 1593/112/3739 281/112/3740 429/111/3738
f 1593/112/3741 1592/111/3742 430/111/3742 282/112/3743
f 1593/112/3744 1591/109/3745 279/109/3746 281/112/3747
f 1591/109/3748 1593/112/3749 282/112/3750 280/109/3751
f 1594/112/3752 1595/111/3753 429/111/3753 281/112/3754
f 1595/111/3755 1594/112/3756 282/112/3757 430/111/3755
f 1595/111/3758 1596/113/3759 431/113/3760 429/111/3758
f 1596/113/3761 1595/111/3762 430/111/3762 432/113/3763
f 1596/113/3764 1594/112/3765 281/112/3766 431/113/3767
f 1594/112/3768 1596/113/3769 432/113/3770 282/112/3771
f 1597/112/3772 1598/113/3773 431/113/3774 281/112/3775
f 1598/113/3776 1597/112/3777 282/112/3778 432/113/3779
f 1598/113/3780 1599/114/3781 293/114/3782 431/113/3783
f 1599/114/3784 1598/113/3785 432/113/3786 294/114/3787
f 1599/114/3788 1597/112/3789 281/112/3790 293/114/3791
f 1597/112/3792 1599/114/3793 294/114/3794 282/112/3795
f 1600/114/3796 1601/113/3797 431/113/3798 293/114/3799
f 1601/113/3800 1600/114/3801 294/114/3802 432/113/3803
f 1601/113/3804 1602/115/3805 417/115/3806 431/113/3807
f 1602/115/3808 1601/113/3809 432/113/3810 418/115/3811
f 1602/115/3812 1600/114/3813 293/114/3814 417/115/3815
f 1600/114/3816 1602/115/3817 418/115/3818 294/114/3819
f 1603/114/3820 1604/115/3821 417/115/3822 293/114/3823
f 1604/115/3824 1603/114/3825 294/114/3826 418/115/3827
f 1604/115/3828 1605/116/3829 297/116/3830 417/115/3831
f 1605/116/3832 1604/115/3833 418/115/3834 298/116/3835
f 1605/116/3836 1603/114/3837 293/114/3838 297/116/3839
f 1603/114/3840 1605/116/3841 298/116/3842 294/114/3843
f 1606/11/3844 1607/69/3845 433/69/3845 81/11/3846
f 1607/69/3847 1606/11/3848 82/11/3849 434/69/3847
f 1607/69/3850 1608/69/3850 435/69/3850 433/69/3850
f 1608/69/3851 1607/69/3851 434/69/3851 436/69/3851
f 1608/69/3852 1606/11/3853 81/11/3854 435/69/3852
f 1606/11/3855 1608/69/3856 436/69/3856 82/11/3857
f 1609/69/3858 1610/11/3859 81/11/3860 433/69/3858
f 1610/11/3861 1609/69/3862 434/69/3862 82/11/3863
f 1610/11/3864 1611/11/3865 71/11/3866 81/11/3867
f 1611/11/3868 1610/11/3869 82/11/3870 72/11/3871
f 1611/11/3872 1609/69/3873 433/69/3873 71/11/3874
f 1609/69/3875 1611/11/3876 72/11/3877 434/69/3875
f 1612/8/3878 1613/64/3879 437/64/3880 85/8/3881
f 1613/64/3882 1612/8/3883 86/8/3884 438/64/3885
f 1613/64/3886 1614/8/3887 73/8/3887 437/64/3888
f 1614/8/3889 1613/64/3890 438/64/3891 74/8/3889
f 1614/8/3892 1612/8/3893 85/8/3894 73/8/3892
f 1612/8/3895 1614/8/3896 74/8/3896 86/8/3897
f 1615/64/3898 1616/8/3898 73/8/3898 439/64/3898
f 1616/8/3899 1615/64/3899 440/64/3899 74/8/3899
f 1616/8/3900 1617/64/3901 437/64/3902 73/8/3900
f 1617/64/3903 1616/8/3904 74/8/3904 438/64/3905
f 1617/64/3906 1615/64/3907 439/64/3907 437/64/3908
f 1615/64/3909 1617/64/3910 438/64/3911 440/64/3909
f 1618/117/3912 1619/68/3912 443/68/3912 441/117/3912
f 1619/68/3913 1618/117/3913 442/117/3913 444/68/3913
f 1619/68/336 1620/63/336 445/63/336 443/68/336
f 1620/63/189 1619/68/189 444/68/189 446/63/189
f 1620/63/3914 1618/117/3914 441/117/3914 445/63/3914
f 1618/117/3915 1620/63/3915 446/63/3915 442/117/3915
f 1621/117/3916 1622/63/3916 445/63/3916 441/117/3916
f 1622/63/3917 1621/117/3917 442/117/3917 446/63/3917
f 1622/63/3918 1623/61/3918 447/61/3918 445/63/3918
f 1623/61/3919 1622/63/3919 446/63/3919 448/61/3919
f 1623/61/3920 1621/117/3920 441/117/3920 447/61/3920
f 1621/117/3921 1623/61/3921 448/61/3921 442/117/3921
f 1624/68/3922 1625/14/3923 327/14/3923 449/68/3924
f 1625/14/3925 1624/68/3926 450/68/3927 328/14/3925
f 1625/14/3928 1626/79/3929 395/79/3930 327/14/3928
f 1626/79/3931 1625/14/3932 328/14/3932 396/79/3933
f 1626/79/3934 1624/68/3935 449/68/3936 395/79/3937
f 1624/68/3938 1626/79/3939 396/79/3940 450/68/3941
f 1627/118/3942 1628/79/3943 395/79/3944 397/118/3945
f 1628/79/3946 1627/118/3947 398/118/3948 396/79/3949
f 1628/79/3950 1629/14/3951 327/14/3951 395/79/3952
f 1629/14/3953 1628/79/3954 396/79/3955 328/14/3953
f 1629/14/3956 1627/118/3957 397/118/3958 327/14/3956
f 1627/118/3959 1629/14/3960 328/14/3960 398/118/3961
f 1630/63/3962 1631/83/3963 333/83/3964 451/63/3965
f 1631/83/3966 1630/63/3967 452/63/3968 334/83/3969
f 1631/83/3970 1632/1/3971 329/1/3972 333/83/3973
f 1632/1/3974 1631/83/3975 334/83/3976 330/1/3977
f 1632/1/3978 1630/63/3979 451/63/3980 329/1/3981
f 1630/63/3982 1632/1/3983 330/1/3984 452/63/3985
f 1633/83/3986 1634/63/3987 451/63/3988 333/83/3989
f 1634/63/3990 1633/83/3991 334/83/3992 452/63/3993
f 1634/63/3994 1635/81/3995 389/81/3996 451/63/3997
f 1635/81/3998 1634/63/3999 452/63/4000 390/81/4001
f 1635/81/4002 1633/83/4003 333/83/4004 389/81/4005
f 1633/83/4006 1635/81/4007 390/81/4008 334/83/4009
f 1636/1/4010 1637/3/4011 5/3/4012 1/1/4013
f 1637/3/4014 1636/1/4015 2/1/4016 6/3/4017
f 1637/3/4018 1638/63/4019 453/63/4020 5/3/4021
f 1638/63/4022 1637/3/4023 6/3/4024 454/63/4025
f 1638/63/4026 1636/1/4027 1/1/4028 453/63/4029
f 1636/1/4030 1638/63/4031 454/63/4032 2/1/4033
f 1639/63/4034 1640/3/4035 5/3/4036 453/63/4037
f 1640/3/4038 1639/63/4039 454/63/4040 6/3/4041
f 1640/3/4042 1641/119/4043 455/119/4044 5/3/4045
f 1641/119/4046 1640/3/4047 6/3/4048 456/119/4049
f 1641/119/4050 1639/63/4051 453/63/4052 455/119/4053
f 1639/63/4054 1641/119/4055 456/119/4056 454/63/4057
f 1642/3/4058 1643/6/4059 11/6/4060 5/3/4061
f 1643/6/4062 1642/3/4063 6/3/4064 12/6/4065
f 1643/6/4066 1644/119/4067 455/119/4068 11/6/4069
f 1644/119/4070 1643/6/4071 12/6/4072 456/119/4073
f 1644/119/4074 1642/3/4075 5/3/4076 455/119/4077
f 1642/3/4078 1644/119/4079 456/119/4080 6/3/4081
f 1645/119/4082 1646/6/4083 11/6/4084 455/119/4085
f 1646/6/4086 1645/119/4087 456/119/4088 12/6/4089
f 1646/6/4090 1647/120/4091 457/120/4092 11/6/4093
f 1647/120/4094 1646/6/4095 12/6/4096 458/120/4097
f 1647/120/4098 1645/119/4099 455/119/4100 457/120/4101
f 1645/119/4102 1647/120/4103 458/120/4104 456/119/4105
f 1648/6/4106 1649/64/4107 349/64/4108 11/6/4109
f 1649/64/4110 1648/6/4111 12/6/4112 350/64/4113
f 1649/64/4114 1650/120/4115 457/120/4116 349/64/4117
f 1650/120/4118 1649/64/4119 350/64/4120 458/120/4121
f 1650/120/4122 1648/6/4123 11/6/4124 457/120/4125
f 1648/6/4126 1650/120/4127 458/120/4128 12/6/4129
f 1651/64/4130 1652/6/4131 11/6/4132 349/64/4133
f 1652/6/4134 1651/64/4135 350/64/4136 12/6/4137
f 1652/6/4138 1653/8/4139 351/8/4140 11/6/4141
f 1653/8/4142 1652/6/4143 12/6/4144 352/8/4145
f 1653/8/4146 1651/64/4147 349/64/4148 351/8/4149
f 1651/64/4150 1653/8/4151 352/8/4152 350/64/4153
f 1654/121/4154 1655/68/4155 459/68/4155 3/121/4156
f 1655/68/4157 1654/121/4158 4/121/4159 460/68/4157
f 1655/68/4160 1656/122/4160 461/122/4160 459/68/4160
f 1656/122/4161 1655/68/4161 460/68/4161 462/122/4161
f 1656/122/4162 1654/121/4163 3/121/4164 461/122/4162
f 1654/121/4165 1656/122/4166 462/122/4166 4/121/4167
f 1657/68/4168 1658/121/4169 3/121/4170 459/68/4168
f 1658/121/4171 1657/68/4172 460/68/4172 4/121/4173
f 1658/121/4174 1659/14/4175 7/14/4176 3/121/4177
f 1659/14/4178 1658/121/4179 4/121/4180 8/14/4181
f 1659/14/4182 1657/68/4183 459/68/4183 7/14/4184
f 1657/68/4185 1659/14/4186 8/14/4187 460/68/4185
f 1660/123/4188 1661/121/4189 3/121/4190 463/123/4188
f 1661/121/4191 1660/123/4192 464/123/4192 4/121/4193
f 1661/121/4194 1662/122/4195 461/122/4195 3/121/4196
f 1662/122/4197 1661/121/4198 4/121/4199 462/122/4197
f 1662/122/4200 1660/123/4200 463/123/4200 461/122/4200
f 1660/123/4201 1662/122/4201 462/122/4201 464/123/4201
f 1663/124/4202 1664/121/4203 3/121/4204 9/124/4205
f 1664/121/4206 1663/124/4207 10/124/4208 4/121/4209
f 1664/121/4210 1665/123/4211 463/123/4211 3/121/4212
f 1665/123/4213 1664/121/4214 4/121/4215 464/123/4213
f 1665/123/4216 1663/124/4217 9/124/4218 463/123/4216
f 1663/124/4219 1665/123/4220 464/123/4220 10/124/4221
f 1666/69/4222 1667/124/4223 9/124/4224 465/69/4222
f 1667/124/4225 1666/69/4226 466/69/4226 10/124/4227
f 1667/124/4228 1668/123/4229 463/123/4229 9/124/4230
f 1668/123/4231 1667/124/4232 10/124/4233 464/123/4231
f 1668/123/4234 1666/69/4234 465/69/4234 463/123/4234
f 1666/69/4235 1668/123/4235 464/123/4235 466/69/4235
f 1669/124/4236 1670/69/4237 465/69/4237 9/124/4238
f 1670/69/4239 1669/124/4240 10/124/4241 466/69/4239
f 1670/69/4242 1671/11/4243 13/11/4244 465/69/4242
f 1671/11/4245 1670/69/4246 466/69/4246 14/11/4247
f 1671/11/4248 1669/124/4249 9/124/4250 13/11/4251
f 1669/124/4252 1671/11/4253 14/11/4254 10/124/4255
f 1672/69/4256 1673/86/4257 469/86/4258 467/69/4259
f 1673/86/4260 1672/69/4261 468/69/4262 470/86/4263
f 1673/86/4264 1674/66/4265 471/66/4266 469/86/4267
f 1674/66/4268 1673/86/4269 470/86/4270 472/66/4271
f 1674/66/4272 1672/69/4273 467/69/4274 471/66/4275
f 1672/69/4276 1674/66/4277 472/66/4278 468/69/4279
f 1675/69/4280 1676/66/4281 471/66/4282 467/69/4283
f 1676/66/4284 1675/69/4285 468/69/4286 472/66/4287
f 1676/66/4288 1677/64/4289 473/64/4289 471/66/4290
f 1677/64/4291 1676/66/4292 472/66/4293 474/64/4291
f 1677/64/4294 1675/69/4295 467/69/4296 473/64/4294
f 1675/69/4297 1677/64/4298 474/64/4298 468/69/4299
f 1678/69/4300 1679/64/4301 473/64/4301 467/69/4302
f 1679/64/4303 1678/69/4304 468/69/4305 474/64/4303
f 1679/64/4306 1680/34/4307 475/34/4308 473/64/4306
f 1680/34/4309 1679/64/4310 474/64/4310 476/34/4311
f 1680/34/4312 1678/69/4313 467/69/4314 475/34/4315
f 1678/69/4316 1680/34/4317 476/34/4318 468/69/4319
f 1681/34/4320 1682/64/4321 473/64/4321 475/34/4322
f 1682/64/4323 1681/34/4324 476/34/4325 474/64/4323
f 1682/64/4326 1683/37/4326 477/37/4326 473/64/4326
f 1683/37/4327 1682/64/4327 474/64/4327 478/37/4327
f 1683/37/4328 1681/34/4329 475/34/4330 477/37/4328
f 1681/34/4331 1683/37/4332 478/37/4332 476/34/4333
f 1684/17/4334 1685/60/4334 509/60/4334 511/17/4334
f 1685/60/4335 1684/17/4335 512/17/4335 510/60/4335
f 1685/60/4336 1686/61/4337 381/61/4338 509/60/4336
f 1686/61/4339 1685/60/4340 510/60/4340 382/61/4341
f 1686/61/4342 1687/16/4343 383/16/4344 381/61/4345
f 1687/16/4346 1686/61/4347 382/61/4348 384/16/4349
f 1687/16/4350 1684/17/4351 511/17/4351 383/16/4352
f 1684/17/4353 1687/16/4354 384/16/4355 512/17/4353
f 1688/125/4356 1689/1/4357 69/1/4358 479/125/4359
f 1689/1/4360 1688/125/4361 480/125/4362 70/1/4363
f 1689/1/4364 1690/27/4365 75/27/4366 69/1/4367
f 1690/27/4368 1689/1/4369 70/1/4370 76/27/4371
f 1690/27/4372 1688/125/4373 479/125/4374 75/27/4375
f 1688/125/4376 1690/27/4377 76/27/4378 480/125/4379
f 1691/1/4380 1692/125/4381 479/125/4382 69/1/4383
f 1692/125/4384 1691/1/4385 70/1/4386 480/125/4387
f 1692/125/4388 1693/63/4389 483/63/4390 479/125/4391
f 1693/63/4392 1692/125/4393 480/125/4394 484/63/4395
f 1693/63/4396 1691/1/4397 69/1/4398 483/63/4399
f 1691/1/4400 1693/63/4401 484/63/4402 70/1/4403
f 1694/86/4404 1695/66/4405 485/66/4406 355/86/4407
f 1695/66/4408 1694/86/4409 356/86/4410 486/66/4411
f 1695/66/4412 1696/69/4413 487/69/4414 485/66/4415
f 1696/69/4416 1695/66/4417 486/66/4418 488/69/4419
f 1696/69/4420 1694/86/4421 355/86/4422 487/69/4423
f 1694/86/4424 1696/69/4425 488/69/4426 356/86/4427
f 1697/69/4428 1698/66/4429 485/66/4430 487/69/4431
f 1698/66/4432 1697/69/4433 488/69/4434 486/66/4435
f 1698/66/4436 1699/64/4437 489/64/4437 485/66/4438
f 1699/64/4439 1698/66/4440 486/66/4441 490/64/4439
f 1699/64/4442 1697/69/4443 487/69/4444 489/64/4442
f 1697/69/4445 1699/64/4446 490/64/4446 488/69/4447
f 1700/69/4448 1701/64/4449 489/64/4449 487/69/4450
f 1701/64/4451 1700/69/4452 488/69/4453 490/64/4451
f 1701/64/4454 1702/34/4455 491/34/4456 489/64/4454
f 1702/34/4457 1701/64/4458 490/64/4458 492/34/4459
f 1702/34/4460 1700/69/4461 487/69/4462 491/34/4463
f 1700/69/4464 1702/34/4465 492/34/4466 488/69/4467
f 1703/34/4468 1704/64/4469 489/64/4469 491/34/4470
f 1704/64/4471 1703/34/4472 492/34/4473 490/64/4471
f 1704/64/4474 1705/37/4474 493/37/4474 489/64/4474
f 1705/37/4475 1704/64/4475 490/64/4475 494/37/4475
f 1705/37/4476 1703/34/4477 491/34/4478 493/37/4476
f 1703/34/4479 1705/37/4480 494/37/4480 492/34/4481
f 1706/126/4482 1707/127/4483 79/127/4484 495/126/4482
f 1707/127/4485 1706/126/4486 496/126/4486 80/127/4487
f 1707/127/4488 1708/68/4489 497/68/4490 79/127/4491
f 1708/68/4492 1707/127/4493 80/127/4494 498/68/4495
f 1708/68/4496 1706/126/4497 495/126/4497 497/68/4498
f 1706/126/4499 1708/68/4500 498/68/4501 496/126/4499
f 1709/14/4502 1710/68/4503 497/68/4504 77/14/4505
f 1710/68/4506 1709/14/4507 78/14/4508 498/68/4509
f 1710/68/4510 1711/127/4511 79/127/4512 497/68/4513
f 1711/127/4514 1710/68/4515 498/68/4516 80/127/4517
f 1711/127/4518 1709/14/4519 77/14/4520 79/127/4521
f 1709/14/4522 1711/127/4523 80/127/4524 78/14/4525
f 1712/69/4526 1713/127/4527 79/127/4528 499/69/4526
f 1713/127/4529 1712/69/4530 500/69/4530 80/127/4531
f 1713/127/4532 1714/126/4533 495/126/4533 79/127/4534
f 1714/126/4535 1713/127/4536 80/127/4537 496/126/4535
f 1714/126/4538 1712/69/4538 499/69/4538 495/126/4538
f 1712/69/4539 1714/126/4539 496/126/4539 500/69/4539
f 1715/127/4540 1716/69/4541 499/69/4541 79/127/4542
f 1716/69/4543 1715/127/4544 80/127/4545 500/69/4543
f 1716/69/4546 1717/11/4547 71/11/4548 499/69/4546
f 1717/11/4549 1716/69/4550 500/69/4550 72/11/4551
f 1717/11/4552 1715/127/4553 79/127/4554 71/11/4555
f 1715/127/4556 1717/11/4557 72/11/4558 80/127/4559
f 1718/64/4560 1719/8/4561 85/8/4562 437/64/4563
f 1719/8/4564 1718/64/4565 438/64/4566 86/8/4567
f 1719/8/4568 1720/64/4569 371/64/4570 85/8/4571
f 1720/64/4572 1719/8/4573 86/8/4574 372/64/4575
f 1720/64/4576 1718/64/4577 437/64/4578 371/64/4579
f 1718/64/4580 1720/64/4581 372/64/4582 438/64/4583
f 1721/8/4584 1722/8/4585 369/8/4585 85/8/4586
f 1722/8/4587 1721/8/4588 86/8/4589 370/8/4587
f 1722/8/4590 1723/64/4591 371/64/4592 369/8/4590
f 1723/64/4593 1722/8/4594 370/8/4594 372/64/4595
f 1723/64/4596 1721/8/4597 85/8/4598 371/64/4599
f 1721/8/4600 1723/64/4601 372/64/4602 86/8/4603
f 1724/11/4604 1725/69/4605 503/69/4605 501/11/4606
f 1725/69/4607 1724/11/4608 502/11/4609 504/69/4607
f 1725/69/4610 1726/69/4611 505/69/4612 503/69/4610
f 1726/69/4613 1725/69/4614 504/69/4614 506/69/4615
f 1726/69/4616 1724/11/4617 501/11/4618 505/69/4619
f 1724/11/4620 1726/69/4621 506/69/4622 502/11/4623
f 1727/69/4624 1728/11/4625 501/11/4626 503/69/4624
f 1728/11/4627 1727/69/4628 504/69/4628 502/11/4629
f 1728/11/4630 1729/11/4631 507/11/4631 501/11/4632
f 1729/11/4633 1728/11/4634 502/11/4635 508/11/4633
f 1729/11/3918 1727/69/3918 503/69/3918 507/11/3918
f 1727/69/4636 1729/11/4636 508/11/4636 504/69/4636
f 1730/44/182 1731/48/182 981/48/182 977/44/182
f 1731/48/181 1730/44/181 978/44/181 982/48/181
f 1731/48/4637 1732/45/4638 417/45/4639 981/48/4637
f 1732/45/4640 1731/48/4641 982/48/4641 418/45/4642
f 1732/45/4643 1733/46/4644 431/46/4645 417/45/4646
f 1733/46/4647 1732/45/4648 418/45/4649 432/46/4650
f 1733/46/4651 1730/44/4652 977/44/4652 431/46/4653
f 1730/44/4654 1733/46/4655 432/46/4656 978/44/4654
f 1734/68/4657 1735/69/4658 467/69/4659 513/68/4660
f 1735/69/4661 1734/68/4662 514/68/4663 468/69/4664
f 1735/69/4665 1736/34/4666 475/34/4667 467/69/4668
f 1736/34/4669 1735/69/4670 468/69/4671 476/34/4672
f 1736/34/4673 1734/68/4674 513/68/4675 475/34/4676
f 1734/68/4677 1736/34/4678 476/34/4679 514/68/4680
f 1737/69/4681 1738/68/4682 513/68/4683 467/69/4684
f 1738/68/4685 1737/69/4686 468/69/4687 514/68/4688
f 1738/68/4689 1739/11/4690 515/11/4690 513/68/4691
f 1739/11/4692 1738/68/4693 514/68/4694 516/11/4692
f 1739/11/4695 1737/69/4696 467/69/4697 515/11/4695
f 1737/69/4698 1739/11/4699 516/11/4699 468/69/4700
f 1740/68/4701 1741/14/4702 517/14/4703 513/68/4704
f 1741/14/4705 1740/68/4706 514/68/4707 518/14/4708
f 1741/14/4709 1742/11/4710 515/11/4710 517/14/4711
f 1742/11/4712 1741/14/4713 518/14/4714 516/11/4712
f 1742/11/4715 1740/68/4716 513/68/4717 515/11/4715
f 1740/68/4718 1742/11/4719 516/11/4719 514/68/4720
f 1743/11/4721 1744/14/4722 517/14/4723 515/11/4721
f 1744/14/4724 1743/11/4725 516/11/4725 518/14/4726
f 1744/14/4727 1745/13/4728 519/13/4728 517/14/4729
f 1745/13/4730 1744/14/4731 518/14/4732 520/13/4730
f 1745/13/4733 1743/11/4733 515/11/4733 519/13/4733
f 1743/11/4734 1745/13/4734 520/13/4734 516/11/4734
f 1746/64/4735 1747/1/4735 523/1/4735 521/64/4735
f 1747/1/4736 1746/64/4736 522/64/4736 524/1/4736
f 1747/1/3918 1748/63/3918 525/63/3918 523/1/3918
f 1748/63/4636 1747/1/4636 524/1/4636 526/63/4636
f 1748/63/4737 1746/64/4737 521/64/4737 525/63/4737
f 1746/64/4738 1748/63/4738 526/63/4738 522/64/4738
f 1749/64/4739 1750/63/4739 525/63/4739 521/64/4739
f 1750/63/4740 1749/64/4740 522/64/4740 526/63/4740
f 1750/63/4741 1751/37/4741 527/37/4741 525/63/4741
f 1751/37/4742 1750/63/4742 526/63/4742 528/37/4742
f 1751/37/4743 1749/64/4743 521/64/4743 527/37/4743
f 1749/64/4744 1751/37/4744 528/37/4744 522/64/4744
f 1752/8/4739 1753/1/4739 523/1/4739 529/8/4739
f 1753/1/4740 1752/8/4740 530/8/4740 524/1/4740
f 1753/1/4745 1754/64/4745 521/64/4745 523/1/4745
f 1754/64/4746 1753/1/4746 524/1/4746 522/64/4746
f 1754/64/3919 1752/8/3919 529/8/3919 521/64/3919
f 1752/8/4747 1754/64/4747 522/64/4747 530/8/4747
f 1755/1/4737 1756/8/4737 529/8/4737 523/1/4737
f 1756/8/4738 1755/1/4738 524/1/4738 530/8/4738
f 1756/8/4748 1757/87/4748 531/87/4748 529/8/4748
f 1757/87/4749 1756/8/4749 530/8/4749 532/87/4749
f 1757/87/4750 1755/1/4750 523/1/4750 531/87/4750
f 1755/1/4751 1757/87/4751 532/87/4751 524/1/4751
f 1758/68/4752 1759/69/4753 487/69/4754 533/68/4755
f 1759/69/4756 1758/68/4757 534/68/4758 488/69/4759
f 1759/69/4760 1760/34/4761 491/34/4762 487/69/4763
f 1760/34/4764 1759/69/4765 488/69/4766 492/34/4767
f 1760/34/4768 1758/68/4769 533/68/4770 491/34/4771
f 1758/68/4772 1760/34/4773 492/34/4774 534/68/4775
f 1761/69/4776 1762/68/4777 533/68/4778 487/69/4779
f 1762/68/4780 1761/69/4781 488/69/4782 534/68/4783
f 1762/68/4784 1763/11/4785 355/11/4786 533/68/4787
f 1763/11/4788 1762/68/4789 534/68/4790 356/11/4791
f 1763/11/4792 1761/69/4793 487/69/4794 355/11/4795
f 1761/69/4796 1763/11/4797 356/11/4798 488/69/4799
f 1764/68/4800 1765/14/4801 361/14/4802 533/68/4803
f 1765/14/4804 1764/68/4805 534/68/4806 362/14/4807
f 1765/14/4808 1766/11/4809 355/11/4810 361/14/4811
f 1766/11/4812 1765/14/4813 362/14/4814 356/11/4815
f 1766/11/4816 1764/68/4817 533/68/4818 355/11/4819
f 1764/68/4820 1766/11/4821 356/11/4822 534/68/4823
f 1767/11/4824 1768/14/4825 361/14/4826 355/11/4827
f 1768/14/4828 1767/11/4829 356/11/4830 362/14/4831
f 1768/14/4832 1769/13/4833 357/13/4834 361/14/4835
f 1769/13/4836 1768/14/4837 362/14/4838 358/13/4839
f 1769/13/4840 1767/11/4841 355/11/4842 357/13/4843
f 1767/11/4844 1769/13/4845 358/13/4846 356/11/4847
f 1770/64/4848 1771/1/4848 535/1/4848 489/64/4848
f 1771/1/4849 1770/64/4849 490/64/4849 536/1/4849
f 1771/1/4850 1772/63/4851 537/63/4852 535/1/4850
f 1772/63/4853 1771/1/4854 536/1/4854 538/63/4855
f 1772/63/4856 1770/64/4857 489/64/4857 537/63/4858
f 1770/64/4859 1772/63/4860 538/63/4861 490/64/4859
f 1773/64/4862 1774/63/4863 537/63/4864 489/64/4862
f 1774/63/4865 1773/64/4866 490/64/4866 538/63/4867
f 1774/63/4868 1775/37/4869 539/37/4870 537/63/4871
f 1775/37/4872 1774/63/4873 538/63/4874 540/37/4875
f 1775/37/4876 1773/64/4877 489/64/4877 539/37/4878
f 1773/64/4879 1775/37/4880 540/37/4881 490/64/4879
f 1776/8/4739 1777/1/4739 535/1/4739 541/8/4739
f 1777/1/4740 1776/8/4740 542/8/4740 536/1/4740
f 1777/1/4882 1778/64/4882 489/64/4882 535/1/4882
f 1778/64/4883 1777/1/4883 536/1/4883 490/64/4883
f 1778/64/4884 1776/8/4884 541/8/4884 489/64/4884
f 1776/8/4885 1778/64/4885 490/64/4885 542/8/4885
f 1779/1/4737 1780/8/4737 541/8/4737 535/1/4737
f 1780/8/4738 1779/1/4738 536/1/4738 542/8/4738
f 1780/8/4886 1781/87/4886 543/87/4886 541/8/4886
f 1781/87/4887 1780/8/4887 542/8/4887 544/87/4887
f 1781/87/4888 1779/1/4888 535/1/4888 543/87/4888
f 1779/1/4889 1781/87/4889 544/87/4889 536/1/4889
f 1782/10/4890 1783/12/4891 547/12/4892 545/10/4893
f 1783/12/4894 1782/10/4895 546/10/4896 548/12/4897
f 1783/12/4898 1784/10/4899 549/10/4899 547/12/4900
f 1784/10/4901 1783/12/4902 548/12/4903 550/10/4901
f 1784/10/4904 1782/10/4905 545/10/4906 549/10/4904
f 1782/10/4907 1784/10/4908 550/10/4908 546/10/4909
f 1785/12/4910 1786/10/4911 545/10/4912 547/12/4913
f 1786/10/4914 1785/12/4915 548/12/4916 546/10/4917
f 1786/10/4918 1787/12/4919 551/12/4920 545/10/4921
f 1787/12/4922 1786/10/4923 546/10/4924 552/12/4925
f 1787/12/4926 1785/12/4927 547/12/4928 551/12/4929
f 1785/12/4930 1787/12/4931 552/12/4932 548/12/4933
f 1788/10/4934 1789/9/4935 553/9/4936 549/10/4934
f 1789/9/4937 1788/10/4938 550/10/4938 554/9/4939
f 1789/9/4940 1790/10/4941 545/10/4942 553/9/4943
f 1790/10/4944 1789/9/4945 554/9/4946 546/10/4947
f 1790/10/4948 1788/10/4949 549/10/4949 545/10/4950
f 1788/10/4951 1790/10/4952 546/10/4953 550/10/4951
f 1791/9/4954 1792/10/4955 549/10/4955 553/9/4956
f 1792/10/4957 1791/9/4958 554/9/4959 550/10/4957
f 1792/10/4960 1793/9/4960 555/9/4960 549/10/4960
f 1793/9/4961 1792/10/4961 550/10/4961 556/9/4961
f 1793/9/4962 1791/9/4963 553/9/4964 555/9/4962
f 1791/9/4965 1793/9/4966 556/9/4966 554/9/4967
f 1794/9/4968 1795/11/4969 557/11/4970 555/9/4968
f 1795/11/4971 1794/9/4972 556/9/4972 558/11/4973
f 1795/11/4974 1796/9/4975 553/9/4976 557/11/4977
f 1796/9/4978 1795/11/4979 558/11/4980 554/9/4981
f 1796/9/4982 1794/9/4983 555/9/4983 553/9/4984
f 1794/9/4985 1796/9/4986 554/9/4987 556/9/4985
f 1797/11/4988 1798/9/4989 555/9/4989 557/11/4990
f 1798/9/4991 1797/11/4992 558/11/4993 556/9/4991
f 1798/9/3218 1799/11/3218 559/11/3218 555/9/3218
f 1799/11/3219 1798/9/3219 556/9/3219 560/11/3219
f 1799/11/4994 1797/11/4995 557/11/4996 559/11/4994
f 1797/11/4997 1799/11/4998 560/11/4998 558/11/4999
f 1800/11/5000 1801/13/5001 561/13/5002 559/11/5000
f 1801/13/5003 1800/11/5004 560/11/5004 562/13/5005
f 1801/13/5006 1802/11/5007 557/11/5008 561/13/5009
f 1802/11/5010 1801/13/5011 562/13/5012 558/11/5013
f 1802/11/5014 1800/11/5015 559/11/5015 557/11/5016
f 1800/11/5017 1802/11/5018 558/11/5019 560/11/5017
f 1803/13/5020 1804/11/5021 559/11/5021 561/13/5022
f 1804/11/5023 1803/13/5024 562/13/5025 560/11/5023
f 1804/11/5026 1805/13/5026 563/13/5026 559/11/5026
f 1805/13/5027 1804/11/5027 560/11/5027 564/13/5027
f 1805/13/5028 1803/13/5029 561/13/5030 563/13/5028
f 1803/13/5031 1805/13/5032 564/13/5032 562/13/5033
f 1806/13/5034 1807/14/5035 565/14/5036 563/13/5034
f 1807/14/5037 1806/13/5038 564/13/5038 566/14/5039
f 1807/14/5040 1808/13/5041 561/13/5042 565/14/5043
f 1808/13/5044 1807/14/5045 566/14/5046 562/13/5047
f 1808/13/5048 1806/13/5049 563/13/5049 561/13/5050
f 1806/13/5051 1808/13/5052 562/13/5053 564/13/5051
f 1809/14/5054 1810/13/5055 563/13/5055 565/14/5056
f 1810/13/5057 1809/14/5058 566/14/5059 564/13/5057
f 1810/13/5060 1811/14/5060 567/14/5060 563/13/5060
f 1811/14/5061 1810/13/5061 564/13/5061 568/14/5061
f 1811/14/5062 1809/14/5063 565/14/5064 567/14/5062
f 1809/14/5065 1811/14/5066 568/14/5066 566/14/5067
f 1812/14/5068 1813/14/5069 567/14/5069 565/14/5070
f 1813/14/5071 1812/14/5072 566/14/5073 568/14/5071
f 1813/14/5074 1814/15/5075 569/15/5076 567/14/5074
f 1814/15/5077 1813/14/5078 568/14/5078 570/15/5079
f 1814/15/5080 1812/14/5081 565/14/5082 569/15/5083
f 1812/14/5084 1814/15/5085 570/15/5086 566/14/5087
f 1815/15/5088 1816/15/5089 569/15/5090 571/15/5088
f 1816/15/5091 1815/15/5092 572/15/5092 570/15/5093
f 1816/15/5094 1817/14/5095 567/14/5095 569/15/5096
f 1817/14/5097 1816/15/5098 570/15/5099 568/14/5097
f 1817/14/4961 1815/15/4961 571/15/4961 567/14/4961
f 1815/15/4960 1817/14/4960 568/14/4960 572/15/4960
f 1818/15/5100 1819/15/5101 571/15/5101 569/15/5102
f 1819/15/5103 1818/15/5104 570/15/5105 572/15/5103
f 1819/15/5106 1820/16/5107 573/16/5108 571/15/5106
f 1820/16/5109 1819/15/5110 572/15/5110 574/16/5111
f 1820/16/5112 1818/15/5113 569/15/5114 573/16/5115
f 1818/15/5116 1820/16/5117 574/16/5118 570/15/5119
f 1821/16/5120 1822/16/5121 573/16/5122 575/16/5120
f 1822/16/5123 1821/16/5124 576/16/5124 574/16/5125
f 1822/16/5126 1823/15/5127 571/15/5127 573/16/5128
f 1823/15/5129 1822/16/5130 574/16/5131 572/15/5129
f 1823/15/5132 1821/16/5132 575/16/5132 571/15/5132
f 1821/16/3218 1823/15/3218 572/15/3218 576/16/3218
f 1824/16/5133 1825/17/5134 577/17/5135 575/16/5133
f 1825/17/5136 1824/16/5137 576/16/5137 578/17/5138
f 1825/17/5139 1826/16/5140 573/16/5141 577/17/5142
f 1826/16/5143 1825/17/5144 578/17/5145 574/16/5146
f 1826/16/5147 1824/16/5148 575/16/5148 573/16/5149
f 1824/16/5150 1826/16/5151 574/16/5152 576/16/5150
f 1827/17/5153 1828/16/5154 575/16/5154 577/17/5155
f 1828/16/5156 1827/17/5157 578/17/5158 576/16/5156
f 1828/16/3203 1829/17/5159 579/17/5160 575/16/3203
f 1829/17/5161 1828/16/3201 576/16/3201 580/17/5162
f 1829/17/5163 1827/17/5164 577/17/5165 579/17/5166
f 1827/17/5167 1829/17/5168 580/17/5169 578/17/5170
f 1830/32/5171 1831/32/5172 107/32/5173 587/32/5171
f 1831/32/5174 1830/32/5175 588/32/5175 108/32/5176
f 1831/32/5177 1832/32/5178 105/32/5179 107/32/5180
f 1832/32/5181 1831/32/5182 108/32/5183 106/32/5184
f 1832/32/5185 1833/32/5186 583/32/5186 105/32/5187
f 1833/32/5188 1832/32/5189 106/32/5190 584/32/5188
f 1833/32/3711 1830/32/3711 587/32/3711 583/32/3711
f 1830/32/3710 1833/32/3710 584/32/3710 588/32/3710
f 1834/128/5191 1835/69/5192 257/69/5193 773/128/5191
f 1835/69/5194 1834/128/5195 774/128/5195 258/69/5196
f 1835/69/5197 1836/68/5198 255/68/5199 257/69/5200
f 1836/68/5201 1835/69/5202 258/69/5203 256/68/5204
f 1836/68/5205 1837/129/5206 683/129/5207 255/68/5208
f 1837/129/5209 1836/68/5210 256/68/5211 684/129/5212
f 1837/129/5213 1834/128/5214 773/128/5214 683/129/5215
f 1834/128/5216 1837/129/5217 684/129/5218 774/128/5216
f 1838/63/5219 1839/61/5220 363/61/5220 537/63/5221
f 1839/61/5222 1838/63/5223 538/63/5224 364/61/5222
f 1839/61/5225 1840/117/5226 361/117/5227 363/61/5225
f 1840/117/5228 1839/61/5229 364/61/5229 362/117/5230
f 1840/117/5231 1841/68/5232 533/68/5233 361/117/5234
f 1841/68/5235 1840/117/5236 362/117/5237 534/68/5238
f 1841/68/5239 1838/63/5240 537/63/5241 533/68/5242
f 1838/63/5243 1841/68/5244 534/68/5245 538/63/5246
f 1842/32/5247 1843/32/5248 103/32/5249 105/32/5250
f 1843/32/5251 1842/32/5252 106/32/5253 104/32/5254
f 1843/32/5255 1844/32/5256 581/32/5256 103/32/5257
f 1844/32/5258 1843/32/5259 104/32/5260 582/32/5258
f 1844/32/3725 1845/32/3725 583/32/3725 581/32/3725
f 1845/32/3724 1844/32/3724 582/32/3724 584/32/3724
f 1845/32/5261 1842/32/5262 105/32/5263 583/32/5261
f 1842/32/5264 1845/32/5265 584/32/5265 106/32/5266
f 1846/14/5267 1847/63/5267 629/63/5267 385/14/5267
f 1847/63/5268 1846/14/5268 386/14/5268 630/63/5268
f 1847/63/5269 1848/37/5269 625/37/5269 629/63/5269
f 1848/37/5270 1847/63/5270 630/63/5270 626/37/5270
f 1848/37/5271 1849/13/5271 627/13/5271 625/37/5271
f 1849/13/5272 1848/37/5272 626/37/5272 628/13/5272
f 1849/13/5273 1846/14/5273 385/14/5273 627/13/5273
f 1846/14/5274 1849/13/5274 628/13/5274 386/14/5274
f 1850/32/5275 1851/32/5276 591/32/5276 109/32/5277
f 1851/32/5278 1850/32/5279 110/32/5280 592/32/5278
f 1851/32/5281 1852/32/5282 97/32/5283 591/32/5281
f 1852/32/5284 1851/32/5285 592/32/5285 98/32/5286
f 1852/32/5287 1850/32/5288 109/32/5289 97/32/5290
f 1850/32/5291 1852/32/5292 98/32/5293 110/32/5294
f 1853/51/5295 1854/44/5296 211/44/5297 639/51/5295
f 1854/44/5298 1853/51/5299 640/51/5299 212/44/5300
f 1854/44/5301 1855/50/5302 187/50/5303 211/44/5304
f 1855/50/5305 1854/44/5306 212/44/5307 188/50/5308
f 1855/50/5309 1856/58/5310 635/58/5310 187/50/5311
f 1856/58/5312 1855/50/5313 188/50/5314 636/58/5312
f 1856/58/3919 1853/51/3919 639/51/3919 635/58/3919
f 1853/51/4747 1856/58/4747 636/58/4747 640/51/4747
f 1857/32/5315 1858/32/5316 97/32/5317 597/32/5315
f 1858/32/5318 1857/32/5319 598/32/5319 98/32/5320
f 1858/32/5321 1859/32/5322 591/32/5322 97/32/5323
f 1859/32/5324 1858/32/5325 98/32/5326 592/32/5324
f 1859/32/5327 1857/32/5327 597/32/5327 591/32/5327
f 1857/32/5328 1859/32/5328 592/32/5328 598/32/5328
f 1860/37/5329 1861/63/5329 841/63/5329 839/37/5329
f 1861/63/5330 1860/37/5330 840/37/5330 842/63/5330
f 1861/63/5331 1862/68/5332 513/68/5333 841/63/5331
f 1862/68/5334 1861/63/5335 842/63/5335 514/68/5336
f 1862/68/5337 1863/34/5338 475/34/5339 513/68/5340
f 1863/34/5341 1862/68/5342 514/68/5343 476/34/5344
f 1863/34/5345 1860/37/5346 839/37/5346 475/34/5347
f 1860/37/5348 1863/34/5349 476/34/5350 840/37/5348
f 1864/1/3918 1865/63/3918 603/63/3918 601/1/3918
f 1865/63/4636 1864/1/4636 602/1/4636 604/63/4636
f 1865/63/5351 1866/8/5351 605/8/5351 603/63/5351
f 1866/8/5352 1865/63/5352 604/63/5352 606/8/5352
f 1866/8/4739 1864/1/4739 601/1/4739 605/8/4739
f 1864/1/4740 1866/8/4740 606/8/4740 602/1/4740
f 1867/64/3919 1868/8/3919 605/8/3919 607/64/3919
f 1868/8/4747 1867/64/4747 608/64/4747 606/8/4747
f 1868/8/5353 1869/63/5353 603/63/5353 605/8/5353
f 1869/63/5354 1868/8/5354 606/8/5354 604/63/5354
f 1869/63/4737 1867/64/4737 607/64/4737 603/63/4737
f 1867/64/4738 1869/63/4738 604/63/4738 608/64/4738
f 1870/14/5355 1871/69/5356 609/69/5357 339/14/5358
f 1871/69/5359 1870/14/5360 340/14/5361 610/69/5362
f 1871/69/5363 1872/68/5364 611/68/5365 609/69/5366
f 1872/68/5367 1871/69/5368 610/69/5369 612/68/5370
f 1872/68/5371 1870/14/5372 339/14/5373 611/68/5374
f 1870/14/5375 1872/68/5376 612/68/5377 340/14/5378
f 1873/69/5379 1874/14/5380 339/14/5381 609/69/5382
f 1874/14/5383 1873/69/5384 610/69/5385 340/14/5386
f 1874/14/5387 1875/11/5388 343/11/5389 339/14/5390
f 1875/11/5391 1874/14/5392 340/14/5393 344/11/5394
f 1875/11/5395 1873/69/5396 609/69/5397 343/11/5398
f 1873/69/5399 1875/11/5400 344/11/5401 610/69/5402
f 1876/130/5403 1877/62/5404 615/62/5405 613/130/5406
f 1877/62/5407 1876/130/5408 614/130/5409 616/62/5410
f 1877/62/5411 1878/117/5412 133/117/5413 615/62/5414
f 1878/117/5415 1877/62/5416 616/62/5417 134/117/5418
f 1878/117/5419 1876/130/5420 613/130/5421 133/117/5422
f 1876/130/5423 1878/117/5424 134/117/5425 614/130/5426
f 1879/117/5427 1880/62/5428 615/62/5429 133/117/5430
f 1880/62/5431 1879/117/5432 134/117/5433 616/62/5434
f 1880/62/5435 1881/61/5436 617/61/5437 615/62/5438
f 1881/61/5439 1880/62/5440 616/62/5441 618/61/5442
f 1881/61/5443 1879/117/5444 133/117/5445 617/61/5446
f 1879/117/5447 1881/61/5448 618/61/5449 134/117/5450
f 1882/130/5451 1883/63/5452 619/63/5453 613/130/5454
f 1883/63/5455 1882/130/5456 614/130/5457 620/63/5458
f 1883/63/5459 1884/62/5460 615/62/5461 619/63/5462
f 1884/62/5463 1883/63/5464 620/63/5465 616/62/5466
f 1884/62/5467 1882/130/5468 613/130/5469 615/62/5470
f 1882/130/5471 1884/62/5472 616/62/5473 614/130/5474
f 1885/68/5475 1886/63/5476 619/63/5477 621/68/5475
f 1886/63/5478 1885/68/5479 622/68/5479 620/63/5480
f 1886/63/5481 1887/130/5482 613/130/5483 619/63/5484
f 1887/130/5485 1886/63/5486 620/63/5487 614/130/5488
f 1887/130/5489 1885/68/5490 621/68/5490 613/130/5491
f 1885/68/5492 1887/130/5493 614/130/5494 622/68/5492
f 1888/72/5495 1889/74/5496 939/74/5497 937/72/5498
f 1889/74/5499 1888/72/5500 938/72/5501 940/74/5502
f 1889/74/5503 1890/24/5504 993/24/5504 939/74/5505
f 1890/24/5506 1889/74/5507 940/74/5508 994/24/5506
f 1890/24/5509 1891/25/5510 411/25/5511 993/24/5509
f 1891/25/5512 1890/24/5513 994/24/5513 412/25/5514
f 1891/25/5515 1888/72/5516 937/72/5517 411/25/5518
f 1888/72/5519 1891/25/5520 412/25/5521 938/72/5522
f 1892/32/5523 1893/32/5523 595/32/5523 599/32/5523
f 1893/32/5524 1892/32/5524 600/32/5524 596/32/5524
f 1893/32/3710 1894/32/3710 589/32/3710 595/32/3710
f 1894/32/3711 1893/32/3711 596/32/3711 590/32/3711
f 1894/32/5525 1895/32/5525 593/32/5525 589/32/5525
f 1895/32/5526 1894/32/5526 590/32/5526 594/32/5526
f 1895/32/1457 1892/32/1457 599/32/1457 593/32/1457
f 1892/32/5027 1895/32/5027 594/32/5027 600/32/5027
f 1896/64/5527 1897/69/5528 499/69/5528 481/64/5529
f 1897/69/5530 1896/64/5531 482/64/5532 500/69/5530
f 1897/69/5533 1898/96/5534 497/96/5535 499/69/5533
f 1898/96/5536 1897/69/5537 500/69/5537 498/96/5538
f 1898/96/5539 1899/95/5540 623/95/5541 497/96/5542
f 1899/95/5543 1898/96/5544 498/96/5545 624/95/5546
f 1899/95/5547 1896/64/5548 481/64/5549 623/95/5550
f 1896/64/5551 1899/95/5552 624/95/5553 482/64/5554
f 1900/58/5555 1901/50/5556 187/50/5557 635/58/5555
f 1901/50/5558 1900/58/5559 636/58/5559 188/50/5560
f 1901/50/5561 1902/56/5562 637/56/5562 187/50/5563
f 1902/56/5564 1901/50/5565 188/50/5566 638/56/5564
f 1902/56/5567 1900/58/5567 635/58/5567 637/56/5567
f 1900/58/5568 1902/56/5568 638/56/5568 636/58/5568
f 1903/64/5569 1904/63/5569 945/63/5569 941/64/5569
f 1904/63/5570 1903/64/5570 942/64/5570 946/63/5570
f 1904/63/5571 1905/68/5572 611/68/5573 945/63/5571
f 1905/68/5574 1904/63/5575 946/63/5575 612/68/5576
f 1905/68/5577 1906/69/5578 609/69/5579 611/68/5580
f 1906/69/5581 1905/68/5582 612/68/5583 610/69/5584
f 1906/69/5585 1903/64/5586 941/64/5586 609/69/5587
f 1903/64/5588 1906/69/5589 610/69/5590 942/64/5588
f 1907/51/3918 1908/58/3918 635/58/3918 639/51/3918
f 1908/58/4636 1907/51/4636 640/51/4636 636/58/4636
f 1908/58/5591 1909/57/5591 641/57/5591 635/58/5591
f 1909/57/5592 1908/58/5592 636/58/5592 642/57/5592
f 1909/57/5593 1907/51/5593 639/51/5593 641/57/5593
f 1907/51/5594 1909/57/5594 642/57/5594 640/51/5594
f 1910/50/5595 1911/44/5596 211/44/5597 187/50/5598
f 1911/44/5599 1910/50/5600 188/50/5601 212/44/5602
f 1911/44/5603 1912/48/5604 183/48/5605 211/44/5606
f 1912/48/5607 1911/44/5608 212/44/5609 184/48/5610
f 1912/48/5611 1910/50/5612 187/50/5613 183/48/5614
f 1910/50/5615 1912/48/5616 184/48/5617 188/50/5618
f 1913/44/5619 1914/51/5620 639/51/5620 211/44/5621
f 1914/51/5622 1913/44/5623 212/44/5624 640/51/5622
f 1914/51/5625 1915/49/5626 207/49/5627 639/51/5625
f 1915/49/5628 1914/51/5629 640/51/5629 208/49/5630
f 1915/49/5631 1913/44/5632 211/44/5633 207/49/5634
f 1913/44/5635 1915/49/5636 208/49/5637 212/44/5638
f 1916/13/5639 1917/37/5640 167/37/5641 407/13/5642
f 1917/37/5643 1916/13/5644 408/13/5645 168/37/5646
f 1917/37/5647 1918/63/5648 169/63/5649 167/37/5650
f 1918/63/5651 1917/37/5652 168/37/5653 170/63/5654
f 1918/63/5655 1919/14/5656 405/14/5657 169/63/5658
f 1919/14/5659 1918/63/5660 170/63/5661 406/14/5662
f 1919/14/5663 1916/13/5664 407/13/5665 405/14/5666
f 1916/13/5667 1919/14/5668 406/14/5669 408/13/5670
f 1920/23/5671 1921/24/5672 243/24/5673 643/23/5671
f 1921/24/5674 1920/23/5675 644/23/5675 244/24/5676
f 1921/24/5677 1922/25/5678 239/25/5679 243/24/5680
f 1922/25/5681 1921/24/5682 244/24/5683 240/25/5684
f 1922/25/5685 1920/23/5686 643/23/5686 239/25/5687
f 1920/23/5688 1922/25/5689 240/25/5690 644/23/5688
f 1923/24/5691 1924/19/5692 215/19/5693 243/24/5694
f 1924/19/5695 1923/24/5696 244/24/5697 216/19/5698
f 1924/19/5699 1925/22/5700 219/22/5701 215/19/5702
f 1925/22/5703 1924/19/5704 216/19/5705 220/22/5706
f 1925/22/5707 1923/24/5708 243/24/5709 219/22/5710
f 1923/24/5711 1925/22/5712 220/22/5713 244/24/5714
f 1926/19/5715 1927/18/5716 227/18/5717 215/19/5718
f 1927/18/5719 1926/19/5720 216/19/5721 228/18/5722
f 1927/18/5723 1928/21/5724 223/21/5725 227/18/5726
f 1928/21/5727 1927/18/5728 228/18/5729 224/21/5730
f 1928/21/5731 1926/19/5732 215/19/5733 223/21/5734
f 1926/19/5735 1928/21/5736 224/21/5737 216/19/5738
f 1929/18/5739 1930/23/5740 643/23/5740 227/18/5741
f 1930/23/5742 1929/18/5743 228/18/5744 644/23/5742
f 1930/23/5745 1931/20/5746 231/20/5747 643/23/5745
f 1931/20/5748 1930/23/5749 644/23/5749 232/20/5750
f 1931/20/5751 1929/18/5752 227/18/5753 231/20/5754
f 1929/18/5755 1931/20/5756 232/20/5757 228/18/5758
f 1932/66/5759 1933/64/5760 325/64/5761 645/66/5762
f 1933/64/5763 1932/66/5764 646/66/5765 326/64/5766
f 1933/64/5767 1934/80/5768 323/80/5769 325/64/5770
f 1934/80/5771 1933/64/5772 326/64/5773 324/80/5774
f 1934/80/5775 1932/66/5776 645/66/5777 323/80/5778
f 1932/66/5779 1934/80/5780 324/80/5781 646/66/5782
f 1935/66/5783 1936/80/5784 323/80/5785 645/66/5786
f 1936/80/5787 1935/66/5788 646/66/5789 324/80/5790
f 1936/80/5791 1937/93/5792 647/93/5792 323/80/5793
f 1937/93/5794 1936/80/5795 324/80/5796 648/93/5794
f 1937/93/5797 1935/66/5798 645/66/5799 647/93/5797
f 1935/66/5800 1937/93/5801 648/93/5801 646/66/5802
f 1938/93/5803 1939/80/5804 323/80/5805 647/93/5803
f 1939/80/5806 1938/93/5807 648/93/5807 324/80/5808
f 1939/80/5809 1940/78/5810 319/78/5811 323/80/5812
f 1940/78/5813 1939/80/5814 324/80/5815 320/78/5816
f 1940/78/5817 1938/93/5818 647/93/5818 319/78/5819
f 1938/93/5820 1940/78/5821 320/78/5822 648/93/5820
f 1941/93/5823 1942/78/5824 319/78/5825 647/93/5823
f 1942/78/5826 1941/93/5827 648/93/5827 320/78/5828
f 1942/78/5829 1943/94/5830 649/94/5830 319/78/5831
f 1943/94/5832 1942/78/5833 320/78/5834 650/94/5832
f 1943/94/5835 1941/93/5835 647/93/5835 649/94/5835
f 1941/93/5836 1943/94/5836 650/94/5836 648/93/5836
f 1944/94/5837 1945/78/5838 319/78/5839 649/94/5837
f 1945/78/5840 1944/94/5841 650/94/5841 320/78/5842
f 1945/78/5843 1946/69/5844 651/69/5844 319/78/5845
f 1946/69/5846 1945/78/5847 320/78/5848 652/69/5846
f 1946/69/5849 1944/94/5849 649/94/5849 651/69/5849
f 1944/94/5850 1946/69/5850 652/69/5850 650/94/5850
f 1947/94/5851 1948/69/5851 651/69/5851 649/94/5851
f 1948/69/5852 1947/94/5852 650/94/5852 652/69/5852
f 1948/69/5853 1949/86/5853 653/86/5853 651/69/5853
f 1949/86/5854 1948/69/5854 652/69/5854 654/86/5854
f 1949/86/5855 1947/94/5855 649/94/5855 653/86/5855
f 1947/94/5856 1949/86/5856 654/86/5856 650/94/5856
f 1950/1/5857 1951/63/5858 315/63/5859 655/1/5857
f 1951/63/5860 1950/1/5861 656/1/5861 316/63/5862
f 1951/63/5863 1952/83/5864 645/83/5865 315/63/5866
f 1952/83/5867 1951/63/5868 316/63/5869 646/83/5870
f 1952/83/5871 1950/1/5872 655/1/5872 645/83/5873
f 1950/1/5874 1952/83/5875 646/83/5876 656/1/5874
f 1953/81/5877 1954/83/5878 645/83/5879 325/81/5880
f 1954/83/5881 1953/81/5882 326/81/5883 646/83/5884
f 1954/83/5885 1955/63/5886 315/63/5887 645/83/5888
f 1955/63/5889 1954/83/5890 646/83/5891 316/63/5892
f 1955/63/5893 1953/81/5894 325/81/5895 315/63/5896
f 1953/81/5897 1955/63/5898 316/63/5899 326/81/5900
f 1956/14/5901 1957/79/5901 651/79/5901 657/14/5901
f 1957/79/5902 1956/14/5902 658/14/5902 652/79/5902
f 1957/79/5903 1958/68/5903 317/68/5903 651/79/5903
f 1958/68/5904 1957/79/5904 652/79/5904 318/68/5904
f 1958/68/5905 1956/14/5905 657/14/5905 317/68/5905
f 1956/14/5906 1958/68/5906 318/68/5906 658/14/5906
f 1959/79/5907 1960/14/5907 657/14/5907 651/79/5907
f 1960/14/5908 1959/79/5908 652/79/5908 658/14/5908
f 1960/14/5909 1961/118/5909 659/118/5909 657/14/5909
f 1961/118/5910 1960/14/5910 658/14/5910 660/118/5910
f 1961/118/5911 1959/79/5911 651/79/5911 659/118/5911
f 1959/79/5912 1961/118/5912 660/118/5912 652/79/5912
f 1962/1/3918 1963/63/3918 663/63/3918 661/1/3918
f 1963/63/4636 1962/1/4636 662/1/4636 664/63/4636
f 1963/63/5913 1964/8/5913 665/8/5913 663/63/5913
f 1964/8/5914 1963/63/5914 664/63/5914 666/8/5914
f 1964/8/4739 1962/1/4739 661/1/4739 665/8/4739
f 1962/1/4740 1964/8/4740 666/8/4740 662/1/4740
f 1965/64/3919 1966/8/3919 665/8/3919 667/64/3919
f 1966/8/4747 1965/64/4747 668/64/4747 666/8/4747
f 1966/8/5915 1967/63/5915 663/63/5915 665/8/5915
f 1967/63/5916 1966/8/5916 666/8/5916 664/63/5916
f 1967/63/4737 1965/64/4737 667/64/4737 663/63/4737
f 1965/64/4738 1967/63/4738 664/63/4738 668/64/4738
f 1968/14/5917 1969/69/5918 671/69/5919 669/14/5917
f 1969/69/5920 1968/14/5921 670/14/5921 672/69/5922
f 1969/69/5923 1970/68/5924 673/68/5924 671/69/5925
f 1970/68/5926 1969/69/5927 672/69/5928 674/68/5926
f 1970/68/5929 1968/14/5929 669/14/5929 673/68/5929
f 1968/14/5930 1970/68/5930 674/68/5930 670/14/5930
f 1971/69/5931 1972/14/5932 669/14/5932 671/69/5933
f 1972/14/5934 1971/69/5935 672/69/5936 670/14/5934
f 1972/14/5937 1973/11/5938 675/11/5939 669/14/5937
f 1973/11/5940 1972/14/5941 670/14/5941 676/11/5942
f 1973/11/5943 1971/69/5944 671/69/5945 675/11/5946
f 1971/69/5947 1973/11/5948 676/11/5949 672/69/5950
f 1974/8/5951 1975/64/5952 481/64/5953 73/8/5954
f 1975/64/5955 1974/8/5956 74/8/5957 482/64/5958
f 1975/64/5959 1976/125/5960 479/125/5961 481/64/5962
f 1976/125/5963 1975/64/5964 482/64/5965 480/125/5966
f 1976/125/5967 1977/27/5968 75/27/5969 479/125/5970
f 1977/27/5971 1976/125/5972 480/125/5973 76/27/5974
f 1977/27/5975 1974/8/5976 73/8/5977 75/27/5978
f 1974/8/5979 1977/27/5980 76/27/5981 74/8/5982
f 1978/117/5983 1979/130/5984 683/130/5985 681/117/5983
f 1979/130/5986 1978/117/5987 682/117/5987 684/130/5988
f 1979/130/5989 1980/62/5990 685/62/5990 683/130/5991
f 1980/62/5992 1979/130/5993 684/130/5994 686/62/5992
f 1980/62/5995 1978/117/5995 681/117/5995 685/62/5995
f 1978/117/5996 1980/62/5996 686/62/5996 682/117/5996
f 1981/117/5997 1982/62/5997 685/62/5997 681/117/5997
f 1982/62/5998 1981/117/5998 682/117/5998 686/62/5998
f 1982/62/5999 1983/61/5999 687/61/5999 685/62/5999
f 1983/61/6000 1982/62/6000 686/62/6000 688/61/6000
f 1983/61/6001 1981/117/6001 681/117/6001 687/61/6001
f 1981/117/6002 1983/61/6002 688/61/6002 682/117/6002
f 1984/130/6003 1985/63/6004 689/63/6004 683/130/6005
f 1985/63/6006 1984/130/6007 684/130/6008 690/63/6006
f 1985/63/6009 1986/62/6009 685/62/6009 689/63/6009
f 1986/62/6010 1985/63/6010 690/63/6010 686/62/6010
f 1986/62/6011 1984/130/6012 683/130/6013 685/62/6011
f 1984/130/6014 1986/62/6015 686/62/6015 684/130/6016
f 1987/130/6017 1988/68/6018 255/68/6019 683/130/6020
f 1988/68/6021 1987/130/6022 684/130/6023 256/68/6024
f 1988/68/6025 1989/63/6026 689/63/6026 255/68/6027
f 1989/63/6028 1988/68/6029 256/68/6030 690/63/6028
f 1989/63/6031 1987/130/6032 683/130/6033 689/63/6031
f 1987/130/6034 1989/63/6035 690/63/6035 684/130/6036
f 1990/33/6037 1991/131/6037 693/131/6037 691/33/6037
f 1991/131/6038 1990/33/6038 692/33/6038 694/131/6038
f 1991/131/832 1992/66/832 695/66/832 693/131/832
f 1992/66/6039 1991/131/6039 694/131/6039 696/66/6039
f 1992/66/6040 1990/33/6040 691/33/6040 695/66/6040
f 1990/33/6041 1992/66/6041 696/66/6041 692/33/6041
f 1993/33/6042 1994/66/6042 695/66/6042 691/33/6042
f 1994/66/6043 1993/33/6043 692/33/6043 696/66/6043
f 1994/66/6044 1995/64/6044 697/64/6044 695/66/6044
f 1995/64/6045 1994/66/6045 696/66/6045 698/64/6045
f 1995/64/831 1993/33/831 691/33/831 697/64/831
f 1993/33/6046 1995/64/6046 698/64/6046 692/33/6046
f 1996/69/6047 1997/86/6047 701/86/6047 699/69/6047
f 1997/86/6048 1996/69/6048 700/69/6048 702/86/6048
f 1997/86/822 1998/132/822 703/132/822 701/86/822
f 1998/132/6049 1997/86/6049 702/86/6049 704/132/6049
f 1998/132/6050 1996/69/6050 699/69/6050 703/132/6050
f 1996/69/6051 1998/132/6051 704/132/6051 700/69/6051
f 1999/69/6052 2000/132/6052 703/132/6052 699/69/6052
f 2000/132/6053 1999/69/6053 700/69/6053 704/132/6053
f 2000/132/6054 2001/35/6054 705/35/6054 703/132/6054
f 2001/35/6055 2000/132/6055 704/132/6055 706/35/6055
f 2001/35/821 1999/69/821 699/69/821 705/35/821
f 1999/69/6056 2001/35/6056 706/35/6056 700/69/6056
f 2002/14/6057 2003/128/6058 707/128/6059 133/14/6060
f 2003/128/6061 2002/14/6062 134/14/6063 708/128/6064
f 2003/128/6065 2004/129/6066 613/129/6067 707/128/6068
f 2004/129/6069 2003/128/6070 708/128/6071 614/129/6072
f 2004/129/6073 2002/14/6074 133/14/6075 613/129/6076
f 2002/14/6077 2004/129/6078 614/129/6079 134/14/6080
f 2005/128/6081 2006/14/6082 133/14/6083 707/128/6084
f 2006/14/6085 2005/128/6086 708/128/6087 134/14/6088
f 2006/14/6089 2007/11/6090 709/11/6091 133/14/6092
f 2007/11/6093 2006/14/6094 134/14/6095 710/11/6096
f 2007/11/6097 2005/128/6098 707/128/6099 709/11/6100
f 2005/128/6101 2007/11/6102 710/11/6103 708/128/6104
f 2008/128/6105 2009/68/6106 711/68/6106 707/128/6107
f 2009/68/6108 2008/128/6109 708/128/6110 712/68/6108
f 2009/68/6111 2010/129/6112 613/129/6113 711/68/6111
f 2010/129/6114 2009/68/6115 712/68/6115 614/129/6116
f 2010/129/6117 2008/128/6118 707/128/6119 613/129/6120
f 2008/128/6121 2010/129/6122 614/129/6123 708/128/6124
f 2011/128/6125 2012/69/6126 713/69/6126 707/128/6127
f 2012/69/6128 2011/128/6129 708/128/6130 714/69/6128
f 2012/69/6131 2013/68/6131 711/68/6131 713/69/6131
f 2013/68/6132 2012/69/6132 714/69/6132 712/68/6132
f 2013/68/6133 2011/128/6134 707/128/6135 711/68/6133
f 2011/128/6136 2013/68/6137 712/68/6137 708/128/6138
f 2014/64/6139 2015/133/6140 717/133/6140 715/64/6141
f 2015/133/6142 2014/64/6143 716/64/6144 718/133/6142
f 2015/133/6145 2016/63/6146 619/63/6147 717/133/6145
f 2016/63/6148 2015/133/6149 718/133/6149 620/63/6150
f 2016/63/6151 2014/64/6152 715/64/6153 619/63/6154
f 2014/64/6155 2016/63/6156 620/63/6157 716/64/6158
f 2017/133/6159 2018/134/6160 615/134/6161 717/133/6159
f 2018/134/6162 2017/133/6163 718/133/6163 616/134/6164
f 2018/134/6165 2019/63/6166 619/63/6167 615/134/6168
f 2019/63/6169 2018/134/6170 616/134/6171 620/63/6172
f 2019/63/6173 2017/133/6174 717/133/6174 619/63/6175
f 2017/133/6176 2019/63/6177 620/63/6178 718/133/6176
f 2020/133/6179 2021/1/6180 617/1/6181 717/133/6179
f 2021/1/6182 2020/133/6183 718/133/6183 618/1/6184
f 2021/1/6185 2022/134/6186 615/134/6187 617/1/6188
f 2022/134/6189 2021/1/6190 618/1/6191 616/134/6192
f 2022/134/6193 2020/133/6194 717/133/6194 615/134/6195
f 2020/133/6196 2022/134/6197 616/134/6198 718/133/6196
f 2023/1/6199 2024/133/6200 717/133/6200 617/1/6201
f 2024/133/6202 2023/1/6203 618/1/6204 718/133/6202
f 2024/133/6205 2025/8/6205 719/8/6205 717/133/6205
f 2025/8/6206 2024/133/6206 718/133/6206 720/8/6206
f 2025/8/6207 2023/1/6208 617/1/6209 719/8/6207
f 2023/1/6210 2025/8/6211 720/8/6211 618/1/6212
f 2026/32/6213 2027/32/6213 723/32/6213 721/32/6213
f 2027/32/6214 2026/32/6214 722/32/6214 724/32/6214
f 2027/32/3725 2028/32/3725 725/32/3725 723/32/3725
f 2028/32/3724 2027/32/3724 724/32/3724 726/32/3724
f 2028/32/6215 2026/32/6215 721/32/6215 725/32/6215
f 2026/32/6216 2028/32/6216 726/32/6216 722/32/6216
f 2029/32/6217 2030/32/6217 721/32/6217 723/32/6217
f 2030/32/6218 2029/32/6218 724/32/6218 722/32/6218
f 2030/32/3219 2031/32/3219 727/32/3219 721/32/3219
f 2031/32/6219 2030/32/6219 722/32/6219 728/32/6219
f 2031/32/6220 2029/32/6220 723/32/6220 727/32/6220
f 2029/32/6221 2031/32/6221 728/32/6221 724/32/6221
f 2032/32/6222 2033/32/6222 725/32/6222 721/32/6222
f 2033/32/6223 2032/32/6223 722/32/6223 726/32/6223
f 2033/32/6224 2034/32/6224 729/32/6224 725/32/6224
f 2034/32/6225 2033/32/6225 726/32/6225 730/32/6225
f 2034/32/5027 2032/32/5027 721/32/5027 729/32/5027
f 2032/32/1457 2034/32/1457 730/32/1457 722/32/1457
f 2035/32/6226 2036/32/6226 731/32/6226 727/32/6226
f 2036/32/6227 2035/32/6227 728/32/6227 732/32/6227
f 2036/32/5328 2037/32/5328 723/32/5328 731/32/5328
f 2037/32/5327 2036/32/5327 732/32/5327 724/32/5327
f 2037/32/5526 2035/32/5526 727/32/5526 723/32/5526
f 2035/32/6228 2037/32/6228 724/32/6228 728/32/6228
f 2038/32/6228 2039/32/6228 729/32/6228 733/32/6228
f 2039/32/6229 2038/32/6229 734/32/6229 730/32/6229
f 2039/32/6230 2040/32/6230 725/32/6230 729/32/6230
f 2040/32/6231 2039/32/6231 730/32/6231 726/32/6231
f 2040/32/3711 2038/32/3711 733/32/3711 725/32/3711
f 2038/32/3710 2040/32/3710 726/32/3710 734/32/3710
f 2041/32/6232 2042/32/6232 727/32/6232 731/32/6232
f 2042/32/6233 2041/32/6233 732/32/6233 728/32/6233
f 2042/32/4961 2043/32/4961 735/32/4961 727/32/4961
f 2043/32/6234 2042/32/6234 728/32/6234 736/32/6234
f 2043/32/6223 2041/32/6223 731/32/6223 735/32/6223
f 2041/32/5523 2043/32/5523 736/32/5523 732/32/5523
f 2044/32/6235 2045/32/6235 733/32/6235 729/32/6235
f 2045/32/6220 2044/32/6220 730/32/6220 734/32/6220
f 2045/32/6236 2046/32/6236 737/32/6236 733/32/6236
f 2046/32/6237 2045/32/6237 734/32/6237 738/32/6237
f 2046/32/5061 2044/32/5061 729/32/5061 737/32/5061
f 2044/32/5060 2046/32/5060 738/32/5060 730/32/5060
f 2047/32/6238 2048/32/6238 735/32/6238 731/32/6238
f 2048/32/6215 2047/32/6215 732/32/6215 736/32/6215
f 2048/32/6239 2049/32/6239 739/32/6239 735/32/6239
f 2049/32/6240 2048/32/6240 736/32/6240 740/32/6240
f 2049/32/1458 2047/32/1458 731/32/1458 739/32/1458
f 2047/32/6241 2049/32/6241 740/32/6241 732/32/6241
f 2050/32/6216 2051/32/6216 737/32/6216 741/32/6216
f 2051/32/6242 2050/32/6242 742/32/6242 738/32/6242
f 2051/32/6243 2052/32/6243 733/32/6243 737/32/6243
f 2052/32/6244 2051/32/6244 738/32/6244 734/32/6244
f 2052/32/6241 2050/32/6241 741/32/6241 733/32/6241
f 2050/32/1458 2052/32/1458 734/32/1458 742/32/1458
f 2053/32/6221 2054/32/6221 739/32/6221 743/32/6221
f 2054/32/6245 2053/32/6245 744/32/6245 740/32/6245
f 2054/32/6246 2055/32/6246 735/32/6246 739/32/6246
f 2055/32/6247 2054/32/6247 740/32/6247 736/32/6247
f 2055/32/5060 2053/32/5060 743/32/5060 735/32/5060
f 2053/32/5061 2055/32/5061 736/32/5061 744/32/5061
f 2056/32/5524 2057/32/5524 741/32/5524 737/32/5524
f 2057/32/6222 2056/32/6222 738/32/6222 742/32/6222
f 2057/32/6248 2058/32/6248 745/32/6248 741/32/6248
f 2058/32/6249 2057/32/6249 742/32/6249 746/32/6249
f 2058/32/4960 2056/32/4960 737/32/4960 745/32/4960
f 2056/32/6250 2058/32/6250 746/32/6250 738/32/6250
f 2059/32/5525 2060/32/5525 743/32/5525 739/32/5525
f 2060/32/5526 2059/32/5526 740/32/5526 744/32/5526
f 2060/32/6251 2061/32/6251 747/32/6251 743/32/6251
f 2061/32/6252 2060/32/6252 744/32/6252 748/32/6252
f 2061/32/3710 2059/32/3710 739/32/3710 747/32/3710
f 2059/32/3711 2061/32/3711 748/32/3711 740/32/3711
f 2062/32/6229 2063/32/6229 745/32/6229 749/32/6229
f 2063/32/5525 2062/32/5525 750/32/5525 746/32/5525
f 2063/32/6253 2064/32/6253 741/32/6253 745/32/6253
f 2064/32/6254 2063/32/6254 746/32/6254 742/32/6254
f 2064/32/5327 2062/32/5327 749/32/5327 741/32/5327
f 2062/32/5328 2064/32/5328 742/32/5328 750/32/5328
f 2065/32/5523 2066/32/5523 747/32/5523 751/32/5523
f 2066/32/5524 2065/32/5524 752/32/5524 748/32/5524
f 2066/32/6255 2067/32/6255 743/32/6255 747/32/6255
f 2067/32/6256 2066/32/6256 748/32/6256 744/32/6256
f 2067/32/1457 2065/32/1457 751/32/1457 743/32/1457
f 2065/32/5027 2067/32/5027 744/32/5027 752/32/5027
f 2068/32/6245 2069/32/6245 749/32/6245 745/32/6245
f 2069/32/6235 2068/32/6235 746/32/6235 750/32/6235
f 2069/32/6257 2070/32/6257 751/32/6257 749/32/6257
f 2070/32/6258 2069/32/6258 750/32/6258 752/32/6258
f 2070/32/3218 2068/32/3218 745/32/3218 751/32/3218
f 2068/32/6259 2070/32/6259 752/32/6259 746/32/6259
f 2071/32/6242 2072/32/6242 751/32/6242 747/32/6242
f 2072/32/6238 2071/32/6238 748/32/6238 752/32/6238
f 2072/32/6260 2073/32/6260 749/32/6260 751/32/6260
f 2073/32/6261 2072/32/6261 752/32/6261 750/32/6261
f 2073/32/3724 2071/32/3724 747/32/3724 749/32/3724
f 2071/32/3725 2073/32/3725 750/32/3725 748/32/3725
f 2074/135/6262 2075/34/6263 113/34/6263 753/135/6264
f 2075/34/6265 2074/135/6266 754/135/6267 114/34/6265
f 2075/34/6268 2076/40/6269 755/40/6270 113/34/6268
f 2076/40/6271 2075/34/6272 114/34/6272 756/40/6273
f 2076/40/6274 2074/135/6275 753/135/6276 755/40/6277
f 2074/135/6278 2076/40/6279 756/40/6280 754/135/6281
f 2077/34/6282 2078/135/6283 753/135/6284 113/34/6282
f 2078/135/6285 2077/34/6286 114/34/6286 754/135/6287
f 2078/135/6288 2079/13/6289 757/13/6290 753/135/6291
f 2079/13/6292 2078/135/6293 754/135/6294 758/13/6295
f 2079/13/6296 2077/34/6297 113/34/6297 757/13/6298
f 2077/34/6299 2079/13/6300 758/13/6301 114/34/6299
f 2080/10/6302 2081/66/6303 677/66/6304 679/10/6305
f 2081/66/6306 2080/10/6307 680/10/6308 678/66/6309
f 2081/66/6310 2082/67/6311 509/67/6311 677/66/6312
f 2082/67/6313 2081/66/6314 678/66/6315 510/67/6313
f 2082/67/6316 2083/12/6316 511/12/6316 509/67/6316
f 2083/12/6317 2082/67/6317 510/67/6317 512/12/6317
f 2083/12/6318 2080/10/6319 679/10/6320 511/12/6318
f 2080/10/6321 2083/12/6322 512/12/6322 680/10/6323
f 2084/136/6324 2085/43/6324 765/43/6324 763/136/6324
f 2085/43/6325 2084/136/6325 764/136/6325 766/43/6325
f 2085/43/6326 2086/87/6326 767/87/6326 765/43/6326
f 2086/87/6327 2085/43/6327 766/43/6327 768/87/6327
f 2086/87/6328 2084/136/6328 763/136/6328 767/87/6328
f 2084/136/6329 2086/87/6329 768/87/6329 764/136/6329
f 2087/37/6330 2088/87/6330 767/87/6330 119/37/6330
f 2088/87/6331 2087/37/6331 120/37/6331 768/87/6331
f 2088/87/6332 2089/43/6332 765/43/6332 767/87/6332
f 2089/43/6333 2088/87/6333 768/87/6333 766/43/6333
f 2089/43/6334 2087/37/6334 119/37/6334 765/43/6334
f 2087/37/6335 2089/43/6335 766/43/6335 120/37/6335
f 2090/87/6336 2091/37/6336 119/37/6336 767/87/6336
f 2091/37/6337 2090/87/6337 768/87/6337 120/37/6337
f 2091/37/6338 2092/137/6338 769/137/6338 119/37/6338
f 2092/137/6339 2091/37/6339 120/37/6339 770/137/6339
f 2092/137/6340 2090/87/6340 767/87/6340 769/137/6340
f 2090/87/6341 2092/137/6341 770/137/6341 768/87/6341
f 2093/38/6342 2094/137/6342 769/137/6342 771/38/6342
f 2094/137/6343 2093/38/6343 772/38/6343 770/137/6343
f 2094/137/6344 2095/37/6344 119/37/6344 769/137/6344
f 2095/37/6345 2094/137/6345 770/137/6345 120/37/6345
f 2095/37/6346 2093/38/6346 771/38/6346 119/37/6346
f 2093/38/6347 2095/37/6347 120/37/6347 772/38/6347
f 2096/9/6348 2097/65/6349 871/65/6350 285/9/6351
f 2097/65/6352 2096/9/6353 286/9/6354 872/65/6355
f 2097/65/6356 2098/64/6357 869/64/6358 871/65/6359
f 2098/64/6360 2097/65/6361 872/65/6362 870/64/6363
f 2098/64/6364 2099/11/6365 275/11/6366 869/64/6367
f 2099/11/6368 2098/64/6369 870/64/6370 276/11/6371
f 2099/11/6372 2096/9/6373 285/9/6374 275/11/6375
f 2096/9/6376 2099/11/6377 276/11/6378 286/9/6379
f 2100/14/6380 2101/128/6380 773/128/6380 775/14/6380
f 2101/128/6381 2100/14/6381 776/14/6381 774/128/6381
f 2101/128/6382 2102/129/6383 683/129/6384 773/128/6382
f 2102/129/6385 2101/128/6386 774/128/6386 684/129/6387
f 2102/129/6388 2100/14/6389 775/14/6389 683/129/6390
f 2100/14/6391 2102/129/6392 684/129/6393 776/14/6391
f 2103/128/6394 2104/14/6394 775/14/6394 773/128/6394
f 2104/14/6395 2103/128/6395 774/128/6395 776/14/6395
f 2104/14/6396 2105/11/6396 777/11/6396 775/14/6396
f 2105/11/6397 2104/14/6397 776/14/6397 778/11/6397
f 2105/11/6398 2103/128/6398 773/128/6398 777/11/6398
f 2103/128/6399 2105/11/6399 778/11/6399 774/128/6399
f 2106/90/6400 2107/89/6401 365/89/6402 367/90/6403
f 2107/89/6404 2106/90/6405 368/90/6406 366/89/6407
f 2107/89/6408 2108/69/6409 1009/69/6409 365/89/6410
f 2108/69/6411 2107/89/6412 366/89/6413 1010/69/6411
f 2108/69/6414 2109/64/6415 437/64/6416 1009/69/6414
f 2109/64/6417 2108/69/6418 1010/69/6418 438/64/6419
f 2109/64/6420 2106/90/6421 367/90/6422 437/64/6423
f 2106/90/6424 2109/64/6425 438/64/6426 368/90/6427
f 2110/133/6428 2111/1/6428 783/1/6428 779/133/6428
f 2111/1/6429 2110/133/6429 780/133/6429 784/1/6429
f 2111/1/6430 2112/134/6430 781/134/6430 783/1/6430
f 2112/134/6431 2111/1/6431 784/1/6431 782/134/6431
f 2112/134/4737 2110/133/4737 779/133/4737 781/134/4737
f 2110/133/4738 2112/134/4738 782/134/4738 780/133/4738
f 2113/1/6432 2114/133/6432 779/133/6432 783/1/6432
f 2114/133/6433 2113/1/6433 784/1/6433 780/133/6433
f 2114/133/6399 2115/8/6399 785/8/6399 779/133/6399
f 2115/8/6398 2114/133/6398 780/133/6398 786/8/6398
f 2115/8/4739 2113/1/4739 783/1/4739 785/8/4739
f 2113/1/4740 2115/8/4740 786/8/4740 784/1/4740
f 2116/64/6434 2117/1/6434 789/1/6434 787/64/6434
f 2117/1/6435 2116/64/6435 788/64/6435 790/1/6435
f 2117/1/6436 2118/63/6436 791/63/6436 789/1/6436
f 2118/63/6437 2117/1/6437 790/1/6437 792/63/6437
f 2118/63/6438 2116/64/6438 787/64/6438 791/63/6438
f 2116/64/6439 2118/63/6439 792/63/6439 788/64/6439
f 2119/1/6440 2120/64/6440 787/64/6440 789/1/6440
f 2120/64/6441 2119/1/6441 790/1/6441 788/64/6441
f 2120/64/6442 2121/8/6442 793/8/6442 787/64/6442
f 2121/8/6443 2120/64/6443 788/64/6443 794/8/6443
f 2121/8/6444 2119/1/6444 789/1/6444 793/8/6444
f 2119/1/6445 2121/8/6445 794/8/6445 790/1/6445
f 2122/11/6446 2123/68/6446 797/68/6446 795/11/6446
f 2123/68/6447 2122/11/6447 796/11/6447 798/68/6447
f 2123/68/6448 2124/14/6448 799/14/6448 797/68/6448
f 2124/14/6449 2123/68/6449 798/68/6449 800/14/6449
f 2124/14/6450 2122/11/6450 795/11/6450 799/14/6450
f 2122/11/6451 2124/14/6451 800/14/6451 796/11/6451
f 2125/68/6452 2126/11/6452 795/11/6452 797/68/6452
f 2126/11/6453 2125/68/6453 798/68/6453 796/11/6453
f 2126/11/6454 2127/69/6454 801/69/6454 795/11/6454
f 2127/69/6455 2126/11/6455 796/11/6455 802/69/6455
f 2127/69/6456 2125/68/6456 797/68/6456 801/69/6456
f 2125/68/6457 2127/69/6457 802/69/6457 798/68/6457
f 2128/43/6458 2129/136/6458 803/136/6458 765/43/6458
f 2129/136/6459 2128/43/6459 766/43/6459 804/136/6459
f 2129/136/6460 2130/1/6461 805/1/6462 803/136/6460
f 2130/1/6463 2129/136/6464 804/136/6464 806/1/6465
f 2130/1/6466 2128/43/6467 765/43/6467 805/1/6468
f 2128/43/6469 2130/1/6470 806/1/6471 766/43/6469
f 2131/43/6472 2132/1/6473 805/1/6474 765/43/6472
f 2132/1/6475 2131/43/6476 766/43/6476 806/1/6477
f 2132/1/6478 2133/63/6479 129/63/6480 805/1/6481
f 2133/63/6482 2132/1/6483 806/1/6484 130/63/6485
f 2133/63/6486 2131/43/6487 765/43/6487 129/63/6488
f 2131/43/6489 2133/63/6490 130/63/6491 766/43/6489
f 2134/68/6492 2135/14/6493 807/14/6494 123/68/6495
f 2135/14/6496 2134/68/6497 124/68/6498 808/14/6499
f 2135/14/6500 2136/135/6501 753/135/6502 807/14/6503
f 2136/135/6504 2135/14/6505 808/14/6506 754/135/6507
f 2136/135/6508 2134/68/6509 123/68/6510 753/135/6511
f 2134/68/6512 2136/135/6513 754/135/6514 124/68/6515
f 2137/68/6516 2138/135/6517 753/135/6518 123/68/6519
f 2138/135/6520 2137/68/6521 124/68/6522 754/135/6523
f 2138/135/6524 2139/40/6525 755/40/6526 753/135/6527
f 2139/40/6528 2138/135/6529 754/135/6530 756/40/6531
f 2139/40/6532 2137/68/6533 123/68/6534 755/40/6535
f 2137/68/6536 2139/40/6537 756/40/6538 124/68/6539
f 2140/14/6540 2141/68/6541 265/68/6542 809/14/6543
f 2141/68/6544 2140/14/6545 810/14/6546 266/68/6547
f 2141/68/6548 2142/68/6549 263/68/6550 265/68/6551
f 2142/68/6552 2141/68/6553 266/68/6554 264/68/6555
f 2142/68/6556 2140/14/6557 809/14/6558 263/68/6559
f 2140/14/6560 2142/68/6561 264/68/6562 810/14/6563
f 2143/68/6564 2144/14/6565 809/14/6566 265/68/6567
f 2144/14/6568 2143/68/6569 266/68/6570 810/14/6571
f 2144/14/6572 2145/14/6573 811/14/6574 809/14/6575
f 2145/14/6576 2144/14/6577 810/14/6578 812/14/6579
f 2145/14/6580 2143/68/6581 265/68/6582 811/14/6583
f 2143/68/6584 2145/14/6585 812/14/6586 266/68/6587
f 2146/68/6588 2147/14/6589 811/14/6590 265/68/6591
f 2147/14/6592 2146/68/6593 266/68/6594 812/14/6595
f 2147/14/6596 2148/14/6597 813/14/6598 811/14/6599
f 2148/14/6600 2147/14/6601 812/14/6602 814/14/6603
f 2148/14/6604 2146/68/6605 265/68/6606 813/14/6607
f 2146/68/6608 2148/14/6609 814/14/6610 266/68/6611
f 2149/68/6612 2150/14/6613 813/14/6614 265/68/6615
f 2150/14/6616 2149/68/6617 266/68/6618 814/14/6619
f 2150/14/6620 2151/68/6621 271/68/6622 813/14/6623
f 2151/68/6624 2150/14/6625 814/14/6626 272/68/6627
f 2151/68/6628 2149/68/6629 265/68/6630 271/68/6631
f 2149/68/6632 2151/68/6633 272/68/6634 266/68/6635
f 2152/1/6636 2153/63/6637 269/63/6638 815/1/6636
f 2153/63/6639 2152/1/6640 816/1/6640 270/63/6641
f 2153/63/6642 2154/1/6643 817/1/6643 269/63/6644
f 2154/1/6645 2153/63/6646 270/63/6647 818/1/6645
f 2154/1/4739 2152/1/4739 815/1/4739 817/1/4739
f 2152/1/4740 2154/1/4740 818/1/4740 816/1/4740
f 2155/63/6648 2156/1/6649 815/1/6649 269/63/6650
f 2156/1/6651 2155/63/6652 270/63/6653 816/1/6651
f 2156/1/6654 2157/63/6655 267/63/6656 815/1/6654
f 2157/63/6657 2156/1/6658 816/1/6658 268/63/6659
f 2157/63/6660 2155/63/6661 269/63/6662 267/63/6663
f 2155/63/6664 2157/63/6665 268/63/6666 270/63/6667
f 2158/63/6668 2159/1/6668 817/1/6668 819/63/6668
f 2159/1/6669 2158/63/6669 820/63/6669 818/1/6669
f 2159/1/6670 2160/63/6671 269/63/6672 817/1/6670
f 2160/63/6673 2159/1/6674 818/1/6674 270/63/6675
f 2160/63/6676 2158/63/6677 819/63/6677 269/63/6678
f 2158/63/6679 2160/63/6680 270/63/6681 820/63/6679
f 2161/1/6682 2162/63/6682 819/63/6682 817/1/6682
f 2162/63/6683 2161/1/6683 818/1/6683 820/63/6683
f 2162/63/3919 2163/1/3919 821/1/3919 819/63/3919
f 2163/1/4747 2162/63/4747 820/63/4747 822/1/4747
f 2163/1/4739 2161/1/4739 817/1/4739 821/1/4739
f 2161/1/4740 2163/1/4740 822/1/4740 818/1/4740
f 2164/68/6684 2165/14/6684 173/14/6684 823/68/6684
f 2165/14/6685 2164/68/6685 824/68/6685 174/14/6685
f 2165/14/6686 2166/14/6686 825/14/6686 173/14/6686
f 2166/14/6687 2165/14/6687 174/14/6687 826/14/6687
f 2166/14/6688 2164/68/6688 823/68/6688 825/14/6688
f 2164/68/6689 2166/14/6689 826/14/6689 824/68/6689
f 2167/68/6690 2168/14/6690 825/14/6690 823/68/6690
f 2168/14/6691 2167/68/6691 824/68/6691 826/14/6691
f 2168/14/4747 2169/68/4747 827/68/4747 825/14/4747
f 2169/68/3919 2168/14/3919 826/14/3919 828/68/3919
f 2169/68/6692 2167/68/6692 823/68/6692 827/68/6692
f 2167/68/6693 2169/68/6693 828/68/6693 824/68/6693
f 2170/1/6694 2171/1/6695 179/1/6696 175/1/6697
f 2171/1/6698 2170/1/6699 176/1/6700 180/1/6701
f 2171/1/6702 2172/63/6703 829/63/6703 179/1/6704
f 2172/63/6705 2171/1/6706 180/1/6707 830/63/6705
f 2172/63/6708 2170/1/6709 175/1/6710 829/63/6708
f 2170/1/6711 2172/63/6712 830/63/6712 176/1/6713
f 2173/63/6714 2174/1/6715 179/1/6716 829/63/6714
f 2174/1/6717 2173/63/6718 830/63/6718 180/1/6719
f 2174/1/6720 2175/63/6721 831/63/6721 179/1/6722
f 2175/63/6723 2174/1/6724 180/1/6725 832/63/6723
f 2175/63/4737 2173/63/4737 829/63/4737 831/63/4737
f 2173/63/4738 2175/63/4738 832/63/4738 830/63/4738
f 2176/138/6726 2177/39/6727 123/39/6728 807/138/6729
f 2177/39/6730 2176/138/6731 808/138/6732 124/39/6733
f 2177/39/6734 2178/41/6735 127/41/6736 123/39/6737
f 2178/41/6738 2177/39/6739 124/39/6740 128/41/6741
f 2178/41/6742 2176/138/6743 807/138/6744 127/41/6745
f 2176/138/6746 2178/41/6747 128/41/6748 808/138/6749
f 2179/138/6750 2180/41/6751 127/41/6752 807/138/6753
f 2180/41/6754 2179/138/6755 808/138/6756 128/41/6757
f 2180/41/6758 2181/139/6759 833/139/6760 127/41/6761
f 2181/139/6762 2180/41/6763 128/41/6764 834/139/6765
f 2181/139/6766 2179/138/6767 807/138/6768 833/139/6769
f 2179/138/6770 2181/139/6771 834/139/6772 808/138/6773
f 2182/139/6774 2183/41/6775 127/41/6776 833/139/6777
f 2183/41/6778 2182/139/6779 834/139/6780 128/41/6781
f 2183/41/6782 2184/42/6783 129/42/6784 127/41/6785
f 2184/42/6786 2183/41/6787 128/41/6788 130/42/6789
f 2184/42/6790 2182/139/6791 833/139/6792 129/42/6793
f 2182/139/6794 2184/42/6795 130/42/6796 834/139/6797
f 2185/139/6798 2186/42/6799 129/42/6800 833/139/6801
f 2186/42/6802 2185/139/6803 834/139/6804 130/42/6805
f 2186/42/6806 2187/140/6807 835/140/6808 129/42/6809
f 2187/140/6810 2186/42/6811 130/42/6812 836/140/6813
f 2187/140/6814 2185/139/6815 833/139/6816 835/140/6817
f 2185/139/6818 2187/140/6819 836/140/6820 834/139/6821
f 2188/32/6822 2189/32/6823 101/32/6824 103/32/6825
f 2189/32/6826 2188/32/6827 104/32/6828 102/32/6829
f 2189/32/6830 2190/32/6831 585/32/6831 101/32/6832
f 2190/32/6833 2189/32/6834 102/32/6835 586/32/6833
f 2190/32/5328 2191/32/5328 581/32/5328 585/32/5328
f 2191/32/5327 2190/32/5327 586/32/5327 582/32/5327
f 2191/32/6836 2188/32/6837 103/32/6838 581/32/6836
f 2188/32/6839 2191/32/6840 582/32/6840 104/32/6841
f 2192/32/6221 2193/32/6221 589/32/6221 593/32/6221
f 2193/32/6245 2192/32/6245 594/32/6245 590/32/6245
f 2193/32/1458 2194/32/1458 585/32/1458 589/32/1458
f 2194/32/6241 2193/32/6241 590/32/6241 586/32/6241
f 2194/32/6842 2195/32/6843 101/32/6844 585/32/6842
f 2195/32/6845 2194/32/6846 586/32/6846 102/32/6847
f 2195/32/6848 2192/32/6849 593/32/6849 101/32/6850
f 2192/32/6851 2195/32/6852 102/32/6853 594/32/6851
f 2196/117/6854 2197/68/6855 513/68/6856 517/117/6857
f 2197/68/6858 2196/117/6859 518/117/6860 514/68/6861
f 2197/68/6862 2198/63/6863 841/63/6863 513/68/6864
f 2198/63/6865 2197/68/6866 514/68/6867 842/63/6865
f 2198/63/6868 2196/117/6869 517/117/6870 841/63/6868
f 2196/117/6871 2198/63/6872 842/63/6872 518/117/6873
f 2199/117/6874 2200/63/6875 841/63/6875 517/117/6876
f 2200/63/6877 2199/117/6878 518/117/6879 842/63/6877
f 2200/63/6880 2201/61/6880 843/61/6880 841/63/6880
f 2201/61/6881 2200/63/6881 842/63/6881 844/61/6881
f 2201/61/6882 2199/117/6883 517/117/6884 843/61/6882
f 2199/117/6885 2201/61/6886 844/61/6886 518/117/6887
f 2202/87/6888 2203/7/6889 515/7/6890 845/87/6891
f 2203/7/6892 2202/87/6893 846/87/6894 516/7/6895
f 2203/7/6896 2204/88/6897 847/88/6898 515/7/6899
f 2204/88/6900 2203/7/6901 516/7/6902 848/88/6903
f 2204/88/6904 2202/87/6905 845/87/6906 847/88/6907
f 2202/87/6908 2204/88/6909 848/88/6910 846/87/6911
f 2205/7/6912 2206/87/6913 845/87/6914 515/7/6915
f 2206/87/6916 2205/7/6917 516/7/6918 846/87/6919
f 2206/87/6920 2207/8/6921 849/8/6922 845/87/6923
f 2207/8/6924 2206/87/6925 846/87/6926 850/8/6927
f 2207/8/6928 2205/7/6929 515/7/6930 849/8/6931
f 2205/7/6932 2207/8/6933 850/8/6934 516/7/6935
f 2208/141/6936 2209/65/6937 851/65/6937 707/141/6938
f 2209/65/6939 2208/141/6940 708/141/6941 852/65/6939
f 2209/65/6942 2210/69/6942 853/69/6942 851/65/6942
f 2210/69/6943 2209/65/6943 852/65/6943 854/69/6943
f 2210/69/6944 2208/141/6945 707/141/6946 853/69/6944
f 2208/141/6947 2210/69/6948 854/69/6948 708/141/6949
f 2211/69/6950 2212/65/6950 851/65/6950 853/69/6950
f 2212/65/6951 2211/69/6951 854/69/6951 852/65/6951
f 2212/65/6952 2213/64/6952 855/64/6952 851/65/6952
f 2213/64/6953 2212/65/6953 852/65/6953 856/64/6953
f 2213/64/6954 2211/69/6954 853/69/6954 855/64/6954
f 2211/69/6955 2213/64/6955 856/64/6955 854/69/6955
f 2214/141/6956 2215/66/6957 857/66/6957 707/141/6958
f 2215/66/6959 2214/141/6960 708/141/6961 858/66/6959
f 2215/66/6962 2216/65/6962 851/65/6962 857/66/6962
f 2216/65/6963 2215/66/6963 858/66/6963 852/65/6963
f 2216/65/6964 2214/141/6965 707/141/6966 851/65/6964
f 2214/141/6967 2216/65/6968 852/65/6968 708/141/6969
f 2217/86/6970 2218/66/6971 857/66/6971 709/86/6972
f 2218/66/6973 2217/86/6974 710/86/6975 858/66/6973
f 2218/66/6976 2219/141/6977 707/141/6978 857/66/6976
f 2219/141/6979 2218/66/6980 858/66/6980 708/141/6981
f 2219/141/6982 2217/86/6983 709/86/6984 707/141/6985
f 2217/86/6986 2219/141/6987 708/141/6988 710/86/6989
f 2220/16/6990 2221/61/6991 859/61/6991 303/16/6992
f 2221/61/6993 2220/16/6994 304/16/6995 860/61/6993
f 2221/61/6996 2222/60/6997 861/60/6998 859/61/6996
f 2222/60/6999 2221/61/7000 860/61/7000 862/60/7001
f 2222/60/7002 2220/16/7003 303/16/7004 861/60/7005
f 2220/16/7006 2222/60/7007 862/60/7008 304/16/7009
f 2223/16/7010 2224/60/7011 861/60/7012 303/16/7013
f 2224/60/7014 2223/16/7015 304/16/7016 862/60/7017
f 2224/60/7018 2225/17/7019 301/17/7020 861/60/7021
f 2225/17/7022 2224/60/7023 862/60/7024 302/17/7025
f 2225/17/7026 2223/16/7027 303/16/7028 301/17/7029
f 2223/16/7030 2225/17/7031 302/17/7032 304/16/7033
f 2226/15/7034 2227/61/7035 859/61/7035 299/15/7036
f 2227/61/7037 2226/15/7038 300/15/7039 860/61/7037
f 2227/61/7040 2228/16/7041 303/16/7042 859/61/7040
f 2228/16/7043 2227/61/7044 860/61/7044 304/16/7045
f 2228/16/7046 2226/15/7047 299/15/7048 303/16/7049
f 2226/15/7050 2228/16/7051 304/16/7052 300/15/7053
f 2229/15/7054 2230/62/7055 863/62/7056 299/15/7057
f 2230/62/7058 2229/15/7059 300/15/7060 864/62/7061
f 2230/62/7062 2231/61/7063 859/61/7063 863/62/7064
f 2231/61/7065 2230/62/7066 864/62/7067 860/61/7065
f 2231/61/7068 2229/15/7069 299/15/7070 859/61/7068
f 2229/15/7071 2231/61/7072 860/61/7072 300/15/7073
f 2232/14/7074 2233/62/7075 863/62/7076 291/14/7077
f 2233/62/7078 2232/14/7079 292/14/7080 864/62/7081
f 2233/62/7082 2234/15/7083 299/15/7084 863/62/7085
f 2234/15/7086 2233/62/7087 864/62/7088 300/15/7089
f 2234/15/7090 2232/14/7091 291/14/7092 299/15/7093
f 2232/14/7094 2234/15/7095 300/15/7096 292/14/7097
f 2235/14/7098 2236/63/7099 865/63/7100 291/14/7101
f 2236/63/7102 2235/14/7103 292/14/7104 866/63/7105
f 2236/63/7106 2237/62/7107 863/62/7108 865/63/7109
f 2237/62/7110 2236/63/7111 866/63/7112 864/62/7113
f 2237/62/7114 2235/14/7115 291/14/7116 863/62/7117
f 2235/14/7118 2237/62/7119 864/62/7120 292/14/7121
f 2238/13/7122 2239/63/7123 865/63/7124 283/13/7125
f 2239/63/7126 2238/13/7127 284/13/7128 866/63/7129
f 2239/63/7130 2240/14/7131 291/14/7132 865/63/7133
f 2240/14/7134 2239/63/7135 866/63/7136 292/14/7137
f 2240/14/7138 2238/13/7139 283/13/7140 291/14/7141
f 2238/13/7142 2240/14/7143 292/14/7144 284/13/7145
f 2241/13/7146 2242/37/7147 867/37/7148 283/13/7149
f 2242/37/7150 2241/13/7151 284/13/7152 868/37/7153
f 2242/37/7154 2243/63/7155 865/63/7156 867/37/7157
f 2243/63/7158 2242/37/7159 868/37/7160 866/63/7161
f 2243/63/7162 2241/13/7163 283/13/7164 865/63/7165
f 2241/13/7166 2243/63/7167 866/63/7168 284/13/7169
f 2244/11/7170 2245/37/7171 867/37/7172 275/11/7173
f 2245/37/7174 2244/11/7175 276/11/7176 868/37/7177
f 2245/37/7178 2246/13/7179 283/13/7180 867/37/7181
f 2246/13/7182 2245/37/7183 868/37/7184 284/13/7185
f 2246/13/7186 2244/11/7187 275/11/7188 283/13/7189
f 2244/11/7190 2246/13/7191 284/13/7192 276/11/7193
f 2247/11/7194 2248/64/7195 869/64/7196 275/11/7197
f 2248/64/7198 2247/11/7199 276/11/7200 870/64/7201
f 2248/64/7202 2249/37/7203 867/37/7204 869/64/7205
f 2249/37/7206 2248/64/7207 870/64/7208 868/37/7209
f 2249/37/7210 2247/11/7211 275/11/7212 867/37/7213
f 2247/11/7214 2249/37/7215 868/37/7216 276/11/7217
f 2250/23/7218 2251/18/7219 227/18/7220 643/23/7218
f 2251/18/7221 2250/23/7222 644/23/7222 228/18/7223
f 2251/18/7224 2252/19/7225 215/19/7226 227/18/7227
f 2252/19/7228 2251/18/7229 228/18/7230 216/19/7231
f 2252/19/7232 2253/24/7233 243/24/7234 215/19/7235
f 2253/24/7236 2252/19/7237 216/19/7238 244/24/7239
f 2253/24/7240 2250/23/7241 643/23/7241 243/24/7242
f 2250/23/7243 2253/24/7244 244/24/7245 644/23/7243
f 2254/9/7246 2255/10/7247 289/10/7248 285/9/7249
f 2255/10/7250 2254/9/7251 286/9/7252 290/10/7253
f 2255/10/7254 2256/65/7255 871/65/7256 289/10/7257
f 2256/65/7258 2255/10/7259 290/10/7260 872/65/7261
f 2256/65/7262 2254/9/7263 285/9/7264 871/65/7265
f 2254/9/7266 2256/65/7267 872/65/7268 286/9/7269
f 2257/65/7270 2258/10/7271 289/10/7272 871/65/7273
f 2258/10/7274 2257/65/7275 872/65/7276 290/10/7277
f 2258/10/7278 2259/66/7279 873/66/7279 289/10/7280
f 2259/66/7281 2258/10/7282 290/10/7283 874/66/7281
f 2259/66/7284 2257/65/7285 871/65/7286 873/66/7284
f 2257/65/7287 2259/66/7288 874/66/7288 872/65/7289
f 2260/12/7290 2261/66/7291 873/66/7291 301/12/7292
f 2261/66/7293 2260/12/7294 302/12/7295 874/66/7293
f 2261/66/7296 2262/10/7297 289/10/7298 873/66/7296
f 2262/10/7299 2261/66/7300 874/66/7300 290/10/7301
f 2262/10/7302 2260/12/7303 301/12/7304 289/10/7305
f 2260/12/7306 2262/10/7307 290/10/7308 302/12/7309
f 2263/12/7310 2264/67/7311 875/67/7312 301/12/7313
f 2264/67/7314 2263/12/7315 302/12/7316 876/67/7317
f 2264/67/7318 2265/66/1458 873/66/1458 875/67/7319
f 2265/66/7320 2264/67/7321 876/67/7322 874/66/7320
f 2265/66/7323 2263/12/7324 301/12/7325 873/66/7323
f 2263/12/7326 2265/66/7327 874/66/7327 302/12/7328
f 2266/68/7329 2267/80/7330 391/80/7331 449/68/7332
f 2267/80/7333 2266/68/7334 450/68/7335 392/80/7336
f 2267/80/7337 2268/63/7338 451/63/7339 391/80/7340
f 2268/63/7341 2267/80/7342 392/80/7343 452/63/7344
f 2268/63/7345 2266/68/7346 449/68/7347 451/63/7348
f 2266/68/7349 2268/63/7350 452/63/7351 450/68/7352
f 2269/63/7353 2270/80/7354 391/80/7355 451/63/7356
f 2270/80/7357 2269/63/7358 452/63/7359 392/80/7360
f 2270/80/7361 2271/81/7362 389/81/7363 391/80/7364
f 2271/81/7365 2270/80/7366 392/80/7367 390/81/7368
f 2271/81/7369 2269/63/7370 451/63/7371 389/81/7372
f 2269/63/7373 2271/81/7374 390/81/7375 452/63/7376
f 2272/80/7377 2273/68/7378 449/68/7379 391/80/7380
f 2273/68/7381 2272/80/7382 392/80/7383 450/68/7384
f 2273/68/7385 2274/78/7386 393/78/7387 449/68/7388
f 2274/78/7389 2273/68/7390 450/68/7391 394/78/7392
f 2274/78/7393 2272/80/7394 391/80/7395 393/78/7396
f 2272/80/7397 2274/78/7398 394/78/7399 392/80/7400
f 2275/78/7401 2276/68/7402 449/68/7403 393/78/7404
f 2276/68/7405 2275/78/7406 394/78/7407 450/68/7408
f 2276/68/7409 2277/79/7410 395/79/7411 449/68/7412
f 2277/79/7413 2276/68/7414 450/68/7415 396/79/7416
f 2277/79/7417 2275/78/7418 393/78/7419 395/79/7420
f 2275/78/7421 2277/79/7422 396/79/7423 394/78/7424
f 2278/32/6242 2279/32/6242 599/32/6242 595/32/6242
f 2279/32/6238 2278/32/6238 596/32/6238 600/32/6238
f 2279/32/7425 2280/32/7426 97/32/7427 599/32/7425
f 2280/32/7428 2279/32/7429 600/32/7429 98/32/7430
f 2280/32/7431 2281/32/7432 597/32/7432 97/32/7433
f 2281/32/7434 2280/32/7435 98/32/7436 598/32/7434
f 2281/32/3724 2278/32/3724 595/32/3724 597/32/3724
f 2278/32/3725 2281/32/3725 598/32/3725 596/32/3725
f 2282/1/7437 2283/87/7438 845/87/7439 843/1/7437
f 2283/87/7440 2282/1/7441 844/1/7441 846/87/7442
f 2283/87/7443 2284/88/7444 847/88/7445 845/87/7446
f 2284/88/7447 2283/87/7448 846/87/7449 848/88/7450
f 2284/88/7451 2285/4/7452 517/4/7453 847/88/7454
f 2285/4/7455 2284/88/7456 848/88/7457 518/4/7458
f 2285/4/7459 2282/1/7460 843/1/7460 517/4/7461
f 2282/1/7462 2285/4/7463 518/4/7464 844/1/7462
f 2286/24/7465 2287/23/7466 881/23/7466 209/24/7467
f 2287/23/7468 2286/24/7469 210/24/7470 882/23/7468
f 2287/23/7471 2288/19/7472 181/19/7473 881/23/7471
f 2288/19/7474 2287/23/7475 882/23/7475 182/19/7476
f 2288/19/7477 2286/24/7478 209/24/7479 181/19/7480
f 2286/24/7481 2288/19/7482 182/19/7483 210/24/7484
f 2289/23/5671 2290/24/5672 209/24/5673 881/23/5671
f 2290/24/5674 2289/23/5675 882/23/5675 210/24/5676
f 2290/24/5677 2291/25/5678 205/25/5679 209/24/5680
f 2291/25/5681 2290/24/5682 210/24/5683 206/25/5684
f 2291/25/5685 2289/23/5686 881/23/5686 205/25/5687
f 2289/23/5688 2291/25/5689 206/25/5690 882/23/5688
f 2292/24/7485 2293/19/7486 181/19/7487 209/24/7488
f 2293/19/7489 2292/24/7490 210/24/7491 182/19/7492
f 2293/19/7493 2294/22/7494 213/22/7495 181/19/7496
f 2294/22/7497 2293/19/7498 182/19/7499 214/22/7500
f 2294/22/7501 2292/24/7502 209/24/7503 213/22/7504
f 2292/24/7505 2294/22/7506 214/22/7507 210/24/7508
f 2295/23/4747 2296/18/4747 883/18/4747 881/23/4747
f 2296/18/3919 2295/23/3919 882/23/3919 884/18/3919
f 2296/18/7509 2297/19/7510 181/19/7511 883/18/7509
f 2297/19/7512 2296/18/7513 884/18/7513 182/19/7514
f 2297/19/7515 2295/23/7516 881/23/7516 181/19/7517
f 2295/23/7518 2297/19/7519 182/19/7520 882/23/7518
f 2298/19/7521 2299/18/7522 883/18/7522 181/19/7523
f 2299/18/7524 2298/19/7525 182/19/7526 884/18/7524
f 2299/18/7527 2300/21/7528 189/21/7529 883/18/7527
f 2300/21/7530 2299/18/7531 884/18/7531 190/21/7532
f 2300/21/7533 2298/19/7534 181/19/7535 189/21/7536
f 2298/19/7537 2300/21/7538 190/21/7539 182/19/7540
f 2301/18/4636 2302/23/4636 881/23/4636 883/18/4636
f 2302/23/3918 2301/18/3918 884/18/3918 882/23/3918
f 2302/23/5594 2303/20/5594 885/20/5594 881/23/5594
f 2303/20/5593 2302/23/5593 882/23/5593 886/20/5593
f 2303/20/5592 2301/18/5592 883/18/5592 885/20/5592
f 2301/18/5591 2303/20/5591 886/20/5591 884/18/5591
f 2304/58/7541 2305/50/7542 221/50/7543 229/58/7544
f 2305/50/7545 2304/58/7546 230/58/7547 222/50/7548
f 2305/50/7549 2306/56/7550 225/56/7551 221/50/7552
f 2306/56/7553 2305/50/7554 222/50/7555 226/56/7556
f 2306/56/7557 2304/58/7558 229/58/7559 225/56/7560
f 2304/58/7561 2306/56/7562 226/56/7563 230/58/7564
f 2307/50/7565 2308/58/7566 229/58/7567 221/50/7568
f 2308/58/7569 2307/50/7570 222/50/7571 230/58/7572
f 2308/58/7573 2309/51/7574 237/51/7575 229/58/7576
f 2309/51/7577 2308/58/7578 230/58/7579 238/51/7580
f 2309/51/7581 2307/50/7582 221/50/7583 237/51/7584
f 2307/50/7585 2309/51/7586 238/51/7587 222/50/7588
f 2310/51/7589 2311/58/7590 229/58/7591 237/51/7592
f 2311/58/7593 2310/51/7594 238/51/7595 230/58/7596
f 2311/58/7597 2312/57/7598 887/57/7598 229/58/7599
f 2312/57/7600 2311/58/7601 230/58/7602 888/57/7600
f 2312/57/7603 2310/51/7604 237/51/7605 887/57/7603
f 2310/51/7606 2312/57/7607 888/57/7607 238/51/7608
f 2313/51/7609 2314/44/7610 245/44/7611 237/51/7612
f 2314/44/7613 2313/51/7614 238/51/7615 246/44/7616
f 2314/44/7617 2315/50/7618 221/50/7619 245/44/7620
f 2315/50/7621 2314/44/7622 246/44/7623 222/50/7624
f 2315/50/7625 2313/51/7626 237/51/7627 221/50/7628
f 2313/51/7629 2315/50/7630 222/50/7631 238/51/7632
f 2316/50/7633 2317/44/7634 245/44/7635 221/50/7636
f 2317/44/7637 2316/50/7638 222/50/7639 246/44/7640
f 2317/44/7641 2318/48/7642 217/48/7643 245/44/7644
f 2318/48/7645 2317/44/7646 246/44/7647 218/48/7648
f 2318/48/7649 2316/50/7650 221/50/7651 217/48/7652
f 2316/50/7653 2318/48/7654 218/48/7655 222/50/7656
f 2319/44/7657 2320/51/7658 237/51/7659 245/44/7660
f 2320/51/7661 2319/44/7662 246/44/7663 238/51/7664
f 2320/51/7665 2321/49/7666 241/49/7667 237/51/7668
f 2321/49/7669 2320/51/7670 238/51/7671 242/49/7672
f 2321/49/7673 2319/44/7674 245/44/7675 241/49/7676
f 2319/44/7677 2321/49/7678 242/49/7679 246/44/7680
f 2322/69/7681 2323/64/7682 889/64/7682 671/69/7683
f 2323/64/7684 2322/69/7685 672/69/7686 890/64/7684
f 2323/64/7687 2324/68/7687 891/68/7687 889/64/7687
f 2324/68/7688 2323/64/7688 890/64/7688 892/68/7688
f 2324/68/7689 2322/69/7690 671/69/7691 891/68/7689
f 2322/69/7692 2324/68/7693 892/68/7693 672/69/7694
f 2325/69/7695 2326/66/7696 893/66/7697 671/69/7698
f 2326/66/7699 2325/69/7700 672/69/7701 894/66/7702
f 2326/66/7703 2327/64/7704 889/64/7704 893/66/7705
f 2327/64/7706 2326/66/7707 894/66/7708 890/64/7706
f 2327/64/7709 2325/69/7710 671/69/7711 889/64/7709
f 2325/69/7712 2327/64/7713 890/64/7713 672/69/7714
f 2328/69/7715 2329/86/7716 675/86/7717 671/69/7718
f 2329/86/7719 2328/69/7720 672/69/7721 676/86/7722
f 2329/86/7723 2330/66/7724 893/66/7725 675/86/7726
f 2330/66/7727 2329/86/7728 676/86/7729 894/66/7730
f 2330/66/7731 2328/69/7732 671/69/7733 893/66/7734
f 2328/69/7735 2330/66/7736 894/66/7737 672/69/7738
f 2331/68/7739 2332/64/7739 889/64/7739 891/68/7739
f 2332/64/7740 2331/68/7740 892/68/7740 890/64/7740
f 2332/64/7741 2333/63/7741 895/63/7741 889/64/7741
f 2333/63/7742 2332/64/7742 890/64/7742 896/63/7742
f 2333/63/7743 2331/68/7743 891/68/7743 895/63/7743
f 2331/68/7744 2333/63/7744 896/63/7744 892/68/7744
f 2334/117/7745 2335/68/7746 891/68/7746 669/117/7747
f 2335/68/7748 2334/117/7749 670/117/7750 892/68/7748
f 2335/68/7751 2336/63/7751 895/63/7751 891/68/7751
f 2336/63/7752 2335/68/7752 892/68/7752 896/63/7752
f 2336/63/7753 2334/117/7754 669/117/7755 895/63/7753
f 2334/117/7756 2336/63/7757 896/63/7757 670/117/7758
f 2337/117/7759 2338/63/7760 895/63/7760 669/117/7761
f 2338/63/7762 2337/117/7763 670/117/7764 896/63/7762
f 2338/63/7765 2339/61/7766 897/61/7767 895/63/7765
f 2339/61/7768 2338/63/7769 896/63/7769 898/61/7770
f 2339/61/7771 2337/117/7772 669/117/7773 897/61/7774
f 2337/117/7775 2339/61/7776 898/61/7777 670/117/7778
f 2340/16/5523 2341/61/5523 901/61/5523 899/16/5523
f 2341/61/5524 2340/16/5524 900/16/5524 902/61/5524
f 2341/61/7779 2342/60/7780 903/60/7781 901/61/7779
f 2342/60/7782 2341/61/7783 902/61/7783 904/60/7784
f 2342/60/7785 2340/16/7786 899/16/7786 903/60/7787
f 2340/16/7788 2342/60/7789 904/60/7790 900/16/7788
f 2343/16/7791 2344/60/7792 903/60/7793 899/16/7791
f 2344/60/7794 2343/16/7795 900/16/7795 904/60/7796
f 2344/60/7797 2345/17/7798 905/17/7799 903/60/7800
f 2345/17/7801 2344/60/7802 904/60/7803 906/17/7804
f 2345/17/7805 2343/16/3201 899/16/3201 905/17/3202
f 2343/16/7806 2345/17/7807 906/17/7808 900/16/7806
f 2346/15/7809 2347/61/7810 901/61/7810 43/15/7811
f 2347/61/7812 2346/15/7813 44/15/7814 902/61/7812
f 2347/61/6242 2348/16/6242 899/16/6242 901/61/6242
f 2348/16/6238 2347/61/6238 902/61/6238 900/16/6238
f 2348/16/7815 2346/15/7816 43/15/7817 899/16/7815
f 2346/15/7818 2348/16/7819 900/16/7819 44/15/7820
f 2349/15/7821 2350/62/7822 907/62/7823 43/15/7824
f 2350/62/7825 2349/15/7826 44/15/7827 908/62/7828
f 2350/62/7829 2351/61/7830 901/61/7830 907/62/7831
f 2351/61/7832 2350/62/7833 908/62/7834 902/61/7832
f 2351/61/7835 2349/15/7836 43/15/7837 901/61/7835
f 2349/15/7838 2351/61/7839 902/61/7839 44/15/7840
f 2352/14/7841 2353/62/7842 907/62/7843 37/14/7844
f 2353/62/7845 2352/14/7846 38/14/7847 908/62/7848
f 2353/62/7849 2354/15/7850 43/15/7851 907/62/7852
f 2354/15/7853 2353/62/7854 908/62/7855 44/15/7856
f 2354/15/7857 2352/14/7858 37/14/7859 43/15/7860
f 2352/14/7861 2354/15/7862 44/15/7863 38/14/7864
f 2355/14/7865 2356/63/7866 909/63/7867 37/14/7868
f 2356/63/7869 2355/14/7870 38/14/7871 910/63/7872
f 2356/63/7873 2357/62/7874 907/62/7875 909/63/7876
f 2357/62/7877 2356/63/7878 910/63/7879 908/62/7880
f 2357/62/7881 2355/14/7882 37/14/7883 907/62/7884
f 2355/14/7885 2357/62/7886 908/62/7887 38/14/7888
f 2358/13/7889 2359/63/7890 909/63/7891 33/13/7892
f 2359/63/7893 2358/13/7894 34/13/7895 910/63/7896
f 2359/63/7897 2360/14/7898 37/14/7899 909/63/7900
f 2360/14/7901 2359/63/7902 910/63/7903 38/14/7904
f 2360/14/7905 2358/13/7906 33/13/7907 37/14/7908
f 2358/13/7909 2360/14/7910 38/14/7911 34/13/7912
f 2361/13/7913 2362/37/7914 911/37/7915 33/13/7916
f 2362/37/7917 2361/13/7918 34/13/7919 912/37/7920
f 2362/37/7921 2363/63/7922 909/63/7923 911/37/7924
f 2363/63/7925 2362/37/7926 912/37/7927 910/63/7928
f 2363/63/7929 2361/13/7930 33/13/7931 909/63/7932
f 2361/13/7933 2363/63/7934 910/63/7935 34/13/7936
f 2364/11/7937 2365/37/7938 911/37/7939 23/11/7940
f 2365/37/7941 2364/11/7942 24/11/7943 912/37/7944
f 2365/37/7945 2366/13/7946 33/13/7947 911/37/7948
f 2366/13/7949 2365/37/7950 912/37/7951 34/13/7952
f 2366/13/7953 2364/11/7954 23/11/7955 33/13/7956
f 2364/11/7957 2366/13/7958 34/13/7959 24/11/7960
f 2367/11/7961 2368/64/7962 913/64/7963 23/11/7964
f 2368/64/7965 2367/11/7966 24/11/7967 914/64/7968
f 2368/64/7969 2369/37/7970 911/37/7971 913/64/7972
f 2369/37/7973 2368/64/7974 914/64/7975 912/37/7976
f 2369/37/7977 2367/11/7978 23/11/7979 911/37/7980
f 2367/11/7981 2369/37/7982 912/37/7983 24/11/7984
f 2370/9/7985 2371/64/7986 913/64/7987 21/9/7988
f 2371/64/7989 2370/9/7990 22/9/7991 914/64/7992
f 2371/64/7993 2372/11/7994 23/11/7995 913/64/7996
f 2372/11/7997 2371/64/7998 914/64/7999 24/11/8000
f 2372/11/8001 2370/9/8002 21/9/8003 23/11/8004
f 2370/9/8005 2372/11/8006 24/11/8007 22/9/8008
f 2373/64/8009 2374/9/8010 21/9/8011 913/64/8012
f 2374/9/8013 2373/64/8014 914/64/8015 22/9/8016
f 2374/9/8017 2375/65/8018 915/65/8019 21/9/8020
f 2375/65/8021 2374/9/8022 22/9/8023 916/65/8024
f 2375/65/8025 2373/64/8026 913/64/8027 915/65/8028
f 2373/64/8029 2375/65/8030 916/65/8031 914/64/8032
f 2376/10/8033 2377/65/8034 915/65/8035 917/10/8033
f 2377/65/8036 2376/10/8037 918/10/8037 916/65/8038
f 2377/65/8039 2378/9/8040 21/9/8041 915/65/8042
f 2378/9/8043 2377/65/8044 916/65/8045 22/9/8046
f 2378/9/8047 2376/10/8048 917/10/8048 21/9/8049
f 2376/10/8050 2378/9/8051 22/9/8052 918/10/8050
f 2379/65/8053 2380/10/8054 917/10/8054 915/65/8055
f 2380/10/8056 2379/65/8057 916/65/8058 918/10/8056
f 2380/10/6223 2381/66/6223 919/66/6223 917/10/6223
f 2381/66/5523 2380/10/5523 918/10/5523 920/66/5523
f 2381/66/8059 2379/65/8060 915/65/8061 919/66/8059
f 2379/65/8062 2381/66/8063 920/66/8063 916/65/8064
f 2382/12/8065 2383/66/8066 919/66/8066 921/12/8067
f 2383/66/8068 2382/12/8069 922/12/8070 920/66/8068
f 2383/66/6238 2384/10/6238 917/10/6238 919/66/6238
f 2384/10/6215 2383/66/6215 920/66/6215 918/10/6215
f 2384/10/8071 2382/12/8072 921/12/8073 917/10/8071
f 2382/12/8074 2384/10/8075 918/10/8075 922/12/8076
f 2385/12/8077 2386/67/8078 923/67/8079 921/12/8080
f 2386/67/8081 2385/12/8082 922/12/8083 924/67/8084
f 2386/67/8085 2387/66/8086 919/66/8086 923/67/8087
f 2387/66/7320 2386/67/8088 924/67/8089 920/66/7320
f 2387/66/8090 2385/12/8091 921/12/8092 919/66/8090
f 2385/12/8093 2387/66/8094 920/66/8094 922/12/8095
f 2388/119/8096 2389/122/8097 461/122/8097 455/119/8098
f 2389/122/8099 2388/119/8100 456/119/8101 462/122/8099
f 2389/122/8102 2390/68/8103 837/68/8104 461/122/8102
f 2390/68/8105 2389/122/8106 462/122/8106 838/68/8107
f 2390/68/8108 2391/63/8109 453/63/8110 837/68/8111
f 2391/63/8112 2390/68/8113 838/68/8114 454/63/8115
f 2391/63/8116 2388/119/8117 455/119/8118 453/63/8119
f 2388/119/8120 2391/63/8121 454/63/8122 456/119/8123
f 2392/99/8124 2393/100/8125 143/100/8126 925/99/8127
f 2393/100/8128 2392/99/8129 926/99/8130 144/100/8131
f 2393/100/8132 2394/101/8133 157/101/8134 143/100/8135
f 2394/101/8136 2393/100/8137 144/100/8138 158/101/8139
f 2394/101/8140 2392/99/8141 925/99/8142 157/101/8143
f 2392/99/8144 2394/101/8145 158/101/8146 926/99/8147
f 2395/99/8148 2396/101/8149 157/101/8150 925/99/8151
f 2396/101/8152 2395/99/8153 926/99/8154 158/101/8155
f 2396/101/8156 2397/102/8157 927/102/8158 157/101/8159
f 2397/102/8160 2396/101/8161 158/101/8162 928/102/8163
f 2397/102/8164 2395/99/8165 925/99/8166 927/102/8167
f 2395/99/8168 2397/102/8169 928/102/8170 926/99/8171
f 2398/103/8172 2399/102/8173 927/102/8174 929/103/8175
f 2399/102/8176 2398/103/8177 930/103/8178 928/102/8179
f 2399/102/8180 2400/101/8181 157/101/8182 927/102/8183
f 2400/101/8184 2399/102/8185 928/102/8186 158/101/8187
f 2400/101/8188 2398/103/8189 929/103/8190 157/101/8191
f 2398/103/8192 2400/101/8193 158/101/8194 930/103/8195
f 2401/104/8196 2402/103/8197 929/103/8198 161/104/8199
f 2402/103/8200 2401/104/8201 162/104/8202 930/103/8203
f 2402/103/8204 2403/101/8205 157/101/8206 929/103/8207
f 2403/101/8208 2402/103/8209 930/103/8210 158/101/8211
f 2403/101/8212 2401/104/8213 161/104/8214 157/101/8215
f 2401/104/8216 2403/101/8217 158/101/8218 162/104/8219
f 2404/105/8220 2405/103/8221 929/103/8222 931/105/8223
f 2405/103/8224 2404/105/8225 932/105/8226 930/103/8227
f 2405/103/8228 2406/104/8229 161/104/8230 929/103/8231
f 2406/104/8232 2405/103/8233 930/103/8234 162/104/8235
f 2406/104/8236 2404/105/8237 931/105/8238 161/104/8239
f 2404/105/8240 2406/104/8241 162/104/8242 932/105/8243
f 2407/106/8244 2408/105/8245 931/105/8246 171/106/8247
f 2408/105/8248 2407/106/8249 172/106/8250 932/105/8251
f 2408/105/8252 2409/104/8253 161/104/8254 931/105/8255
f 2409/104/8256 2408/105/8257 932/105/8258 162/104/8259
f 2409/104/8260 2407/106/8261 171/106/8262 161/104/8263
f 2407/106/8264 2409/104/8265 162/104/8266 172/106/8267
f 2410/106/8268 2411/107/8269 933/107/8269 171/106/8270
f 2411/107/8271 2410/106/8272 172/106/8273 934/107/8271
f 2411/107/8274 2412/105/8275 931/105/8276 933/107/8274
f 2412/105/8277 2411/107/8278 934/107/8278 932/105/8279
f 2412/105/8280 2410/106/8281 171/106/8282 931/105/8283
f 2410/106/8284 2412/105/8285 932/105/8286 172/106/8287
f 2413/107/8288 2414/106/8289 171/106/8290 933/107/8288
f 2414/106/8291 2413/107/8292 934/107/8292 172/106/8293
f 2414/106/8294 2415/108/8295 163/108/8296 171/106/8297
f 2415/108/8298 2414/106/8299 172/106/8300 164/108/8301
f 2415/108/8302 2413/107/8303 933/107/8303 163/108/8304
f 2413/107/8305 2415/108/8306 164/108/8307 934/107/8305
f 2416/108/8308 2417/109/8309 935/109/8309 163/108/8310
f 2417/109/8311 2416/108/8312 164/108/8313 936/109/8311
f 2417/109/1457 2418/107/1457 933/107/1457 935/109/1457
f 2418/107/5027 2417/109/5027 936/109/5027 934/107/5027
f 2418/107/8314 2416/108/8315 163/108/8316 933/107/8314
f 2416/108/8317 2418/107/8318 934/107/8318 164/108/8319
f 2419/109/8320 2420/108/8321 163/108/8322 935/109/8320
f 2420/108/8323 2419/109/8324 936/109/8324 164/108/8325
f 2420/108/8326 2421/110/8327 159/110/8328 163/108/8329
f 2421/110/8330 2420/108/8331 164/108/8332 160/110/8333
f 2421/110/8334 2419/109/8335 935/109/8335 159/110/8336
f 2419/109/8337 2421/110/8338 160/110/8339 936/109/8337
f 2422/109/8340 2423/110/8341 159/110/8342 935/109/8340
f 2423/110/8343 2422/109/8344 936/109/8344 160/110/8345
f 2423/110/8346 2424/111/8347 147/111/8348 159/110/8349
f 2424/111/8350 2423/110/8351 160/110/8352 148/111/8353
f 2424/111/8354 2422/109/8355 935/109/8355 147/111/8356
f 2422/109/8357 2424/111/8358 148/111/8359 936/109/8357
f 2425/109/8360 2426/111/8361 147/111/8362 935/109/8360
f 2426/111/8363 2425/109/8364 936/109/8364 148/111/8365
f 2426/111/8366 2427/112/8367 937/112/8368 147/111/8369
f 2427/112/8370 2426/111/8371 148/111/8372 938/112/8373
f 2427/112/8374 2425/109/8375 935/109/8375 937/112/8376
f 2425/109/8377 2427/112/8378 938/112/8379 936/109/8377
f 2428/112/8380 2429/111/8381 147/111/8382 937/112/8383
f 2429/111/8384 2428/112/8385 938/112/8386 148/111/8387
f 2429/111/8388 2430/113/8389 145/113/8390 147/111/8391
f 2430/113/8392 2429/111/8393 148/111/8394 146/113/8395
f 2430/113/8396 2428/112/8397 937/112/8398 145/113/8399
f 2428/112/8400 2430/113/8401 146/113/8402 938/112/8403
f 2431/112/8404 2432/113/8405 145/113/8406 937/112/8407
f 2432/113/8408 2431/112/8409 938/112/8410 146/113/8411
f 2432/113/8412 2433/114/8413 939/114/8414 145/113/8415
f 2433/114/8416 2432/113/8417 146/113/8418 940/114/8419
f 2433/114/8420 2431/112/8421 937/112/8422 939/114/8423
f 2431/112/8424 2433/114/8425 940/114/8426 938/112/8427
f 2434/114/8428 2435/113/8429 145/113/8430 939/114/8431
f 2435/113/8432 2434/114/8433 940/114/8434 146/113/8435
f 2435/113/8436 2436/115/8437 143/115/8438 145/113/8439
f 2436/115/8440 2435/113/8441 146/113/8442 144/115/8443
f 2436/115/8444 2434/114/8445 939/114/8446 143/115/8447
f 2434/114/8448 2436/115/8449 144/115/8450 940/114/8451
f 2437/114/8452 2438/115/8453 143/115/8454 939/114/8455
f 2438/115/8456 2437/114/8457 940/114/8458 144/115/8459
f 2438/115/8460 2439/116/8461 925/116/8462 143/115/8463
f 2439/116/8464 2438/115/8465 144/115/8466 926/116/8467
f 2439/116/8468 2437/114/8469 939/114/8470 925/116/8471
f 2437/114/8472 2439/116/8473 926/116/8474 940/114/8475
f 2440/65/8476 2441/66/8477 677/66/8478 879/65/8476
f 2441/66/8479 2440/65/8480 880/65/8480 678/66/8481
f 2441/66/8482 2442/10/8483 679/10/8484 677/66/8485
f 2442/10/8486 2441/66/8487 678/66/8488 680/10/8489
f 2442/10/8490 2443/9/8491 877/9/8491 679/10/8492
f 2443/9/8493 2442/10/8494 680/10/8495 878/9/8493
f 2443/9/8496 2440/65/8496 879/65/8496 877/9/8496
f 2440/65/8497 2443/9/8497 878/9/8497 880/65/8497
f 2444/69/8498 2445/66/8499 943/66/8500 609/69/8501
f 2445/66/8502 2444/69/8503 610/69/8504 944/66/8505
f 2445/66/8506 2446/64/8507 941/64/8507 943/66/8508
f 2446/64/8509 2445/66/8510 944/66/8511 942/64/8509
f 2446/64/8512 2444/69/8513 609/69/8514 941/64/8512
f 2444/69/8515 2446/64/8516 942/64/8516 610/69/8517
f 2447/69/8518 2448/86/8519 343/86/8520 609/69/8521
f 2448/86/8522 2447/69/8523 610/69/8524 344/86/8525
f 2448/86/8526 2449/66/8527 943/66/8528 343/86/8529
f 2449/66/8530 2448/86/8531 344/86/8532 944/66/8533
f 2449/66/8534 2447/69/8535 609/69/8536 943/66/8537
f 2447/69/8538 2449/66/8539 944/66/8540 610/69/8541
f 2450/117/8542 2451/68/8543 611/68/8544 339/117/8545
f 2451/68/8546 2450/117/8547 340/117/8548 612/68/8549
f 2451/68/8550 2452/63/8551 945/63/8551 611/68/8552
f 2452/63/8553 2451/68/8554 612/68/8555 946/63/8553
f 2452/63/8556 2450/117/8557 339/117/8558 945/63/8556
f 2450/117/8559 2452/63/8560 946/63/8560 340/117/8561
f 2453/117/8562 2454/63/8563 945/63/8563 339/117/8564
f 2454/63/8565 2453/117/8566 340/117/8567 946/63/8565
f 2454/63/8568 2455/61/8569 341/61/8570 945/63/8568
f 2455/61/8571 2454/63/8572 946/63/8572 342/61/8573
f 2455/61/8574 2453/117/8575 339/117/8576 341/61/8577
f 2453/117/8578 2455/61/8579 342/61/8580 340/117/8581
f 2456/9/8582 2457/11/8583 631/11/8584 877/9/8582
f 2457/11/8585 2456/9/8586 878/9/8586 632/11/8587
f 2457/11/8588 2458/64/8589 633/64/8590 631/11/8591
f 2458/64/8592 2457/11/8593 632/11/8594 634/64/8595
f 2458/64/8596 2459/65/8597 879/65/8597 633/64/8598
f 2459/65/8599 2458/64/8600 634/64/8601 880/65/8599
f 2459/65/8602 2456/9/8602 877/9/8602 879/65/8602
f 2456/9/8603 2459/65/8603 880/65/8603 878/9/8603
f 2460/64/8604 2461/11/8605 631/11/8606 633/64/8607
f 2461/11/8608 2460/64/8609 634/64/8610 632/11/8611
f 2461/11/8612 2462/13/8613 627/13/8613 631/11/8614
f 2462/13/8615 2461/11/8616 632/11/8617 628/13/8615
f 2462/13/8618 2463/37/8618 625/37/8618 627/13/8618
f 2463/37/8619 2462/13/8619 628/13/8619 626/37/8619
f 2463/37/8620 2460/64/8621 633/64/8622 625/37/8620
f 2460/64/8623 2463/37/8624 626/37/8624 634/64/8625
f 2464/88/8626 2465/142/8627 947/142/8627 757/88/8628
f 2465/142/8629 2464/88/8630 758/88/8631 948/142/8629
f 2465/142/8632 2466/143/8633 761/143/8634 947/142/8632
f 2466/143/8635 2465/142/8636 948/142/8636 762/143/8637
f 2466/143/8638 2464/88/8639 757/88/8640 761/143/8641
f 2464/88/8642 2466/143/8643 762/143/8644 758/88/8645
f 2467/144/8646 2468/88/8647 757/88/8648 807/144/8649
f 2468/88/8650 2467/144/8651 808/144/8652 758/88/8653
f 2468/88/8654 2469/145/8655 753/145/8656 757/88/8657
f 2469/145/8658 2468/88/8659 758/88/8660 754/145/8661
f 2469/145/8662 2467/144/8663 807/144/8664 753/145/8665
f 2467/144/8666 2469/145/8667 754/145/8668 808/144/8669
f 2470/58/8670 2471/59/8671 423/59/8672 865/58/8673
f 2471/59/8674 2470/58/8675 866/58/8676 424/59/8677
f 2471/59/8678 2472/54/8679 421/54/8680 423/59/8681
f 2472/54/8682 2471/59/8683 424/59/8684 422/54/8685
f 2472/54/8686 2473/56/8687 863/56/8688 421/54/8689
f 2473/56/8690 2472/54/8691 422/54/8692 864/56/8693
f 2473/56/8694 2470/58/8695 865/58/8696 863/56/8697
f 2470/58/8698 2473/56/8699 864/56/8700 866/58/8701
f 2474/87/8702 2475/142/8702 947/142/8702 949/87/8702
f 2475/142/8703 2474/87/8703 950/87/8703 948/142/8703
f 2475/142/8704 2476/88/8705 757/88/8706 947/142/8704
f 2476/88/8707 2475/142/8708 948/142/8708 758/88/8709
f 2476/88/8710 2474/87/8711 949/87/8711 757/88/8712
f 2474/87/8713 2476/88/8714 758/88/8715 950/87/8713
f 2477/142/8716 2478/87/8716 949/87/8716 947/142/8716
f 2478/87/8717 2477/142/8717 948/142/8717 950/87/8717
f 2478/87/8718 2479/146/8718 951/146/8718 949/87/8718
f 2479/146/8719 2478/87/8719 950/87/8719 952/146/8719
f 2479/146/816 2477/142/816 947/142/816 951/146/816
f 2477/142/189 2479/146/189 952/146/189 948/142/189
f 2480/146/8720 2481/87/8720 949/87/8720 951/146/8720
f 2481/87/8721 2480/146/8721 952/146/8721 950/87/8721
f 2481/87/8722 2482/137/8722 953/137/8722 949/87/8722
f 2482/137/8723 2481/87/8723 950/87/8723 954/137/8723
f 2482/137/832 2480/146/832 951/146/832 953/137/832
f 2480/146/831 2482/137/831 954/137/831 952/146/831
f 2483/87/8724 2484/147/8725 833/147/8726 949/87/8724
f 2484/147/8727 2483/87/8728 950/87/8728 834/147/8729
f 2484/147/8730 2485/148/8731 955/148/8731 833/147/8732
f 2485/148/8733 2484/147/8734 834/147/8735 956/148/8733
f 2485/148/8736 2483/87/8736 949/87/8736 955/148/8736
f 2483/87/8737 2485/148/8737 956/148/8737 950/87/8737
f 2486/87/8738 2487/148/8738 955/148/8738 949/87/8738
f 2487/148/8739 2486/87/8739 950/87/8739 956/148/8739
f 2487/148/6049 2488/136/6049 957/136/6049 955/148/6049
f 2488/136/6056 2487/148/6056 956/148/6056 958/136/6056
f 2488/136/8740 2486/87/8740 949/87/8740 957/136/8740
f 2486/87/8741 2488/136/8741 958/136/8741 950/87/8741
f 2489/4/8742 2490/1/8742 959/1/8742 775/4/8742
f 2490/1/8743 2489/4/8743 776/4/8743 960/1/8743
f 2490/1/8702 2491/7/8702 961/7/8702 959/1/8702
f 2491/7/8703 2490/1/8703 960/1/8703 962/7/8703
f 2491/7/8744 2489/4/8744 775/4/8744 961/7/8744
f 2489/4/8745 2491/7/8745 962/7/8745 776/4/8745
f 2492/7/8716 2493/1/8716 959/1/8716 961/7/8716
f 2493/1/8717 2492/7/8717 962/7/8717 960/1/8717
f 2493/1/4739 2494/8/4739 963/8/4739 959/1/4739
f 2494/8/4737 2493/1/4737 960/1/4737 964/8/4737
f 2494/8/816 2492/7/816 961/7/816 963/8/816
f 2492/7/189 2494/8/189 964/8/189 962/7/189
f 2495/1/8746 2496/7/8746 967/7/8746 965/1/8746
f 2496/7/8747 2495/1/8747 966/1/8747 968/7/8747
f 2496/7/8748 2497/4/8748 441/4/8748 967/7/8748
f 2497/4/8749 2496/7/8749 968/7/8749 442/4/8749
f 2497/4/8750 2495/1/8750 965/1/8750 441/4/8750
f 2495/1/8751 2497/4/8751 442/4/8751 966/1/8751
f 2498/7/8752 2499/1/8752 965/1/8752 967/7/8752
f 2499/1/8753 2498/7/8753 968/7/8753 966/1/8753
f 2499/1/8754 2500/8/8754 969/8/8754 965/1/8754
f 2500/8/8755 2499/1/8755 966/1/8755 970/8/8755
f 2500/8/8756 2498/7/8756 967/7/8756 969/8/8756
f 2498/7/8757 2500/8/8757 970/8/8757 968/7/8757
f 2501/63/8758 2502/68/8759 837/68/8760 453/63/8761
f 2502/68/8762 2501/63/8763 454/63/8764 838/68/8765
f 2502/68/8766 2503/117/8767 7/117/8768 837/68/8769
f 2503/117/8770 2502/68/8771 838/68/8772 8/117/8773
f 2503/117/8774 2504/61/8775 1/61/8776 7/117/8777
f 2504/61/8778 2503/117/8779 8/117/8780 2/61/8781
f 2504/61/8782 2501/63/8783 453/63/8784 1/61/8785
f 2501/63/8786 2504/61/8787 2/61/8788 454/63/8789
f 2505/1/8790 2506/4/8791 811/4/8792 975/1/8790
f 2506/4/8793 2505/1/8794 976/1/8794 812/4/8795
f 2506/4/8796 2507/1/8797 971/1/8797 811/4/8798
f 2507/1/8799 2506/4/8800 812/4/8801 972/1/8799
f 2507/1/4739 2505/1/4739 975/1/4739 971/1/4739
f 2505/1/4737 2507/1/4737 972/1/4737 976/1/4737
f 2508/4/8802 2509/1/8803 975/1/8803 811/4/8804
f 2509/1/8805 2508/4/8806 812/4/8807 976/1/8805
f 2509/1/8808 2510/4/8809 813/4/8810 975/1/8808
f 2510/4/8811 2509/1/8812 976/1/8812 814/4/8813
f 2510/4/8814 2508/4/8815 811/4/8816 813/4/8817
f 2508/4/8818 2510/4/8819 814/4/8820 812/4/8821
f 2511/55/8822 2512/57/8823 867/57/8824 987/55/8822
f 2512/57/8825 2511/55/8826 988/55/8826 868/57/8827
f 2512/57/8828 2513/51/8829 869/51/8830 867/57/8831
f 2513/51/8832 2512/57/8833 868/57/8834 870/51/8835
f 2513/51/8836 2514/53/8837 985/53/8837 869/51/8838
f 2514/53/8839 2513/51/8840 870/51/8841 986/53/8839
f 2514/53/240 2511/55/240 987/55/240 985/53/240
f 2511/55/239 2514/53/239 986/53/239 988/55/239
f 2515/59/8842 2516/58/8843 865/58/8844 423/59/8845
f 2516/58/8846 2515/59/8847 424/59/8848 866/58/8849
f 2516/58/8850 2517/57/8851 867/57/8852 865/58/8853
f 2517/57/8854 2516/58/8855 866/58/8856 868/57/8857
f 2517/57/8858 2518/55/8859 987/55/8859 867/57/8860
f 2518/55/8861 2517/57/8862 868/57/8863 988/55/8861
f 2518/55/8864 2515/59/8865 423/59/8866 987/55/8864
f 2515/59/8867 2518/55/8868 988/55/8868 424/59/8869
f 2519/13/8870 2520/149/8871 761/149/8872 757/13/8873
f 2520/149/8874 2519/13/8875 758/13/8876 762/149/8877
f 2520/149/8878 2521/36/8879 759/36/8879 761/149/8880
f 2521/36/8881 2520/149/8882 762/149/8883 760/36/8881
f 2521/36/8884 2522/34/8884 113/34/8884 759/36/8884
f 2522/34/8885 2521/36/8885 760/36/8885 114/34/8885
f 2522/34/8886 2519/13/8887 757/13/8888 113/34/8886
f 2519/13/8889 2522/34/8890 114/34/8890 758/13/8891
f 2523/48/240 2524/50/240 983/50/240 981/48/240
f 2524/50/239 2523/48/239 982/48/239 984/50/239
f 2524/50/8892 2525/52/8893 419/52/8894 983/50/8892
f 2525/52/8895 2524/50/8896 984/50/8896 420/52/8897
f 2525/52/8898 2526/45/8899 417/45/8900 419/52/8901
f 2526/45/8902 2525/52/8903 420/52/8904 418/45/8905
f 2526/45/8906 2523/48/8907 981/48/8907 417/45/8908
f 2523/48/8909 2526/45/8910 418/45/8911 982/48/8909
f 2527/47/206 2528/53/206 985/53/206 979/47/206
f 2528/53/8912 2527/47/8912 980/47/8912 986/53/8912
f 2528/53/8913 2529/51/8914 869/51/8915 985/53/8913
f 2529/51/8916 2528/53/8917 986/53/8917 870/51/8918
f 2529/51/8919 2530/49/8920 871/49/8921 869/51/8922
f 2530/49/8923 2529/51/8924 870/51/8925 872/49/8926
f 2530/49/8927 2527/47/8928 979/47/8928 871/49/8929
f 2527/47/8930 2530/49/8931 872/49/8932 980/47/8930
f 2531/47/8933 2532/49/8934 871/49/8935 979/47/8933
f 2532/49/8936 2531/47/8937 980/47/8937 872/49/8938
f 2532/49/8939 2533/44/8940 977/44/8940 871/49/8941
f 2533/44/8942 2532/49/8943 872/49/8944 978/44/8942
f 2533/44/8945 2534/46/8946 431/46/8947 977/44/8945
f 2534/46/8948 2533/44/8949 978/44/8949 432/46/8950
f 2534/46/8951 2531/47/8952 979/47/8952 431/46/8953
f 2531/47/8954 2534/46/8955 432/46/8956 980/47/8954
f 2535/50/8957 2536/56/8958 863/56/8959 983/50/8957
f 2536/56/8960 2535/50/8961 984/50/8961 864/56/8962
f 2536/56/8963 2537/54/8964 421/54/8965 863/56/8966
f 2537/54/8967 2536/56/8968 864/56/8969 422/54/8970
f 2537/54/8971 2538/52/8972 419/52/8973 421/54/8974
f 2538/52/8975 2537/54/8976 422/54/8977 420/52/8978
f 2538/52/8979 2535/50/8980 983/50/8980 419/52/8981
f 2535/50/8982 2538/52/8983 420/52/8984 984/50/8982
f 2539/69/8985 2540/64/8986 715/64/8987 853/69/8985
f 2540/64/8988 2539/69/8989 854/69/8989 716/64/8990
f 2540/64/8991 2541/68/8992 711/68/8992 715/64/8993
f 2541/68/8994 2540/64/8995 716/64/8996 712/68/8994
f 2541/68/8997 2539/69/8997 853/69/8997 711/68/8997
f 2539/69/8998 2541/68/8998 712/68/8998 854/69/8998
f 2542/68/8999 2543/64/9000 715/64/9001 711/68/8999
f 2543/64/9002 2542/68/9003 712/68/9003 716/64/9004
f 2543/64/9005 2544/63/9006 619/63/9007 715/64/9008
f 2544/63/9009 2543/64/9010 716/64/9011 620/63/9012
f 2544/63/9013 2542/68/9014 711/68/9014 619/63/9015
f 2542/68/9016 2544/63/9017 620/63/9018 712/68/9016
f 2545/23/9019 2546/70/9020 989/70/9020 409/23/9021
f 2546/70/9022 2545/23/9023 410/23/9024 990/70/9022
f 2546/70/239 2547/71/239 991/71/239 989/70/239
f 2547/71/240 2546/70/240 990/70/240 992/71/240
f 2547/71/9025 2545/23/9026 409/23/9027 991/71/9025
f 2545/23/9028 2547/71/9029 992/71/9029 410/23/9030
f 2548/4/9031 2549/1/9032 973/1/9032 809/4/9033
f 2549/1/9034 2548/4/9035 810/4/9036 974/1/9034
f 2549/1/4739 2550/1/4739 971/1/4739 973/1/4739
f 2550/1/4737 2549/1/4737 974/1/4737 972/1/4737
f 2550/1/9037 2551/4/9038 811/4/9039 971/1/9037
f 2551/4/9040 2550/1/9041 972/1/9041 812/4/9042
f 2551/4/9043 2548/4/9044 809/4/9045 811/4/9046
f 2548/4/9047 2551/4/9048 812/4/9049 810/4/9050
f 2552/70/9051 2553/23/9052 409/23/9053 989/70/9051
f 2553/23/9054 2552/70/9055 990/70/9055 410/23/9056
f 2553/23/9057 2554/20/9058 407/20/9059 409/23/9060
f 2554/20/9061 2553/23/9062 410/23/9063 408/20/9064
f 2554/20/9065 2552/70/9066 989/70/9066 407/20/9067
f 2552/70/9068 2554/20/9069 408/20/9070 990/70/9068
f 2555/18/9071 2556/70/9072 989/70/9072 405/18/9073
f 2556/70/9074 2555/18/9075 406/18/9076 990/70/9074
f 2556/70/9077 2557/20/9078 407/20/9079 989/70/9077
f 2557/20/9080 2556/70/9081 990/70/9081 408/20/9082
f 2557/20/9083 2555/18/9084 405/18/9085 407/20/9086
f 2555/18/9087 2557/20/9088 408/20/9089 406/18/9090
f 2558/72/9091 2559/25/9092 411/25/9093 937/72/9094
f 2559/25/9095 2558/72/9096 938/72/9097 412/25/9098
f 2559/25/9099 2560/23/9100 409/23/9101 411/25/9102
f 2560/23/9103 2559/25/9104 412/25/9105 410/23/9106
f 2560/23/9107 2561/71/9108 991/71/9108 409/23/9109
f 2561/71/9110 2560/23/9111 410/23/9112 992/71/9110
f 2561/71/9113 2558/72/9114 937/72/9115 991/71/9113
f 2558/72/9116 2561/71/9117 992/71/9117 938/72/9118
f 2562/70/9119 2563/18/9120 405/18/9121 989/70/9119
f 2563/18/9122 2562/70/9123 990/70/9123 406/18/9124
f 2563/18/9125 2564/73/9126 931/73/9127 405/18/9128
f 2564/73/9129 2563/18/9130 406/18/9131 932/73/9132
f 2564/73/9133 2562/70/9134 989/70/9134 931/73/9135
f 2562/70/9136 2564/73/9137 932/73/9138 990/70/9136
f 2565/18/9139 2566/75/9140 929/75/9141 405/18/9142
f 2566/75/9143 2565/18/9144 406/18/9145 930/75/9146
f 2566/75/9147 2567/73/9148 931/73/9149 929/75/9150
f 2567/73/9151 2566/75/9152 930/75/9153 932/73/9154
f 2567/73/9155 2565/18/9156 405/18/9157 931/73/9158
f 2565/18/9159 2567/73/9160 932/73/9161 406/18/9162
f 2568/76/9163 2569/24/9164 993/24/9164 925/76/9165
f 2569/24/9166 2568/76/9167 926/76/9168 994/24/9166
f 2569/24/9169 2570/74/9170 939/74/9171 993/24/9169
f 2570/74/9172 2569/24/9173 994/24/9173 940/74/9174
f 2570/74/9175 2568/76/9176 925/76/9177 939/74/9178
f 2568/76/9179 2570/74/9180 940/74/9181 926/76/9182
f 2571/75/9183 2572/18/9184 405/18/9185 929/75/9186
f 2572/18/9187 2571/75/9188 930/75/9189 406/18/9190
f 2572/18/9191 2573/21/9192 995/21/9192 405/18/9193
f 2573/21/9194 2572/18/9195 406/18/9196 996/21/9194
f 2573/21/9197 2571/75/9198 929/75/9199 995/21/9197
f 2571/75/9200 2573/21/9201 996/21/9201 930/75/9202
f 2574/24/9203 2575/76/9204 925/76/9205 993/24/9203
f 2575/76/9206 2574/24/9207 994/24/9207 926/76/9208
f 2575/76/9209 2576/22/9210 997/22/9210 925/76/9211
f 2576/22/9212 2575/76/9213 926/76/9214 998/22/9212
f 2576/22/181 2574/24/181 993/24/181 997/22/181
f 2574/24/182 2576/22/182 998/22/182 994/24/182
f 2577/19/9215 2578/75/9216 929/75/9217 999/19/9215
f 2578/75/9218 2577/19/9219 1000/19/9219 930/75/9220
f 2578/75/9221 2579/21/9222 995/21/9222 929/75/9223
f 2579/21/9224 2578/75/9225 930/75/9226 996/21/9224
f 2579/21/8912 2577/19/8912 999/19/8912 995/21/8912
f 2577/19/206 2579/21/206 996/21/206 1000/19/206
f 2580/76/9227 2581/19/9228 999/19/9228 925/76/9229
f 2581/19/9230 2580/76/9231 926/76/9232 1000/19/9230
f 2581/19/239 2582/22/239 997/22/239 999/19/239
f 2582/22/240 2581/19/240 1000/19/240 998/22/240
f 2582/22/9233 2580/76/9234 925/76/9235 997/22/9233
f 2580/76/9236 2582/22/9237 998/22/9237 926/76/9238
f 2583/75/9239 2584/19/9240 999/19/9240 929/75/9241
f 2584/19/9242 2583/75/9243 930/75/9244 1000/19/9242
f 2584/19/9245 2585/77/9246 927/77/9247 999/19/9245
f 2585/77/9248 2584/19/9249 1000/19/9249 928/77/9250
f 2585/77/9251 2583/75/9252 929/75/9253 927/77/9254
f 2583/75/9255 2585/77/9256 928/77/9257 930/75/9258
f 2586/19/9259 2587/76/9260 925/76/9261 999/19/9259
f 2587/76/9262 2586/19/9263 1000/19/9263 926/76/9264
f 2587/76/9265 2588/77/9266 927/77/9267 925/76/9268
f 2588/77/9269 2587/76/9270 926/76/9271 928/77/9272
f 2588/77/9273 2586/19/9274 999/19/9274 927/77/9275
f 2586/19/9276 2588/77/9277 928/77/9278 1000/19/9276
f 2589/68/9279 2590/68/9279 1001/68/9279 823/68/9279
f 2590/68/9280 2589/68/9280 824/68/9280 1002/68/9280
f 2590/68/9281 2591/63/9281 1003/63/9281 1001/68/9281
f 2591/63/9282 2590/68/9282 1002/68/9282 1004/63/9282
f 2591/63/9283 2589/68/9283 823/68/9283 1003/63/9283
f 2589/68/9284 2591/63/9284 1004/63/9284 824/68/9284
f 2592/68/189 2593/63/189 1005/63/189 1001/68/189
f 2593/63/816 2592/68/816 1002/68/816 1006/63/816
f 2593/63/4737 2594/63/4737 1003/63/4737 1005/63/4737
f 2594/63/4739 2593/63/4739 1006/63/4739 1004/63/4739
f 2594/63/9285 2592/68/9285 1001/68/9285 1003/63/9285
f 2592/68/9286 2594/63/9286 1004/63/9286 1002/68/9286
f 2595/64/9287 2596/95/9288 623/95/9289 481/64/9290
f 2596/95/9291 2595/64/9292 482/64/9293 624/95/9294
f 2596/95/9295 2597/125/9296 479/125/9297 623/95/9298
f 2597/125/9299 2596/95/9300 624/95/9301 480/125/9302
f 2597/125/9303 2595/64/9304 481/64/9305 479/125/9306
f 2595/64/9307 2597/125/9308 480/125/9309 482/64/9310
f 2598/147/9311 2599/87/9312 949/87/9312 833/147/9313
f 2599/87/9314 2598/147/9315 834/147/9316 950/87/9314
f 2599/87/9317 2600/88/9318 757/88/9319 949/87/9317
f 2600/88/9320 2599/87/9321 950/87/9321 758/88/9322
f 2600/88/9323 2601/144/9324 807/144/9325 757/88/9326
f 2601/144/9327 2600/88/9328 758/88/9329 808/144/9330
f 2601/144/9331 2598/147/9332 833/147/9333 807/144/9334
f 2598/147/9335 2601/144/9336 808/144/9337 834/147/9338
f 2602/96/9339 2603/69/9340 499/69/9340 497/96/9341
f 2603/69/9342 2602/96/9343 498/96/9344 500/69/9342
f 2603/69/9345 2604/126/9345 1007/126/9345 499/69/9345
f 2604/126/9346 2603/69/9346 500/69/9346 1008/126/9346
f 2604/126/9347 2602/96/9348 497/96/9349 1007/126/9347
f 2602/96/9350 2604/126/9351 1008/126/9351 498/96/9352
f 2605/64/9353 2606/69/9354 499/69/9354 437/64/9355
f 2606/69/9356 2605/64/9357 438/64/9358 500/69/9356
f 2606/69/9359 2607/64/9360 481/64/9361 499/69/9359
f 2607/64/9362 2606/69/9363 500/69/9363 482/64/9364
f 2607/64/9365 2605/64/9366 437/64/9367 481/64/9368
f 2605/64/9369 2607/64/9370 482/64/9371 438/64/9372
f 2608/69/9373 2609/64/9374 437/64/9375 499/69/9373
f 2609/64/9376 2608/69/9377 500/69/9377 438/64/9378
f 2609/64/9379 2610/69/9380 1009/69/9380 437/64/9381
f 2610/69/9382 2609/64/9383 438/64/9384 1010/69/9382
f 2610/69/9385 2608/69/9385 499/69/9385 1009/69/9385
f 2608/69/9386 2610/69/9386 1010/69/9386 500/69/9386
f 2611/90/9387 2612/64/9388 437/64/9389 367/90/9390
f 2612/64/9391 2611/90/9392 368/90/9393 438/64/9394
f 2612/64/9395 2613/64/9396 371/64/9397 437/64/9398
f 2613/64/9399 2612/64/9400 438/64/9401 372/64/9402
f 2613/64/9403 2611/90/9404 367/90/9405 371/64/9406
f 2611/90/9407 2613/64/9408 372/64/9409 368/90/9410
f 2614/32/9411 2615/32/9412 109/32/9413 591/32/9411
f 2615/32/9414 2614/32/9415 592/32/9415 110/32/9416
f 2615/32/9417 2616/32/9418 107/32/9419 109/32/9420
f 2616/32/9421 2615/32/9422 110/32/9423 108/32/9424
f 2616/32/9425 2617/32/9426 587/32/9426 107/32/9427
f 2617/32/9428 2616/32/9429 108/32/9430 588/32/9428
f 2617/32/6241 2614/32/6241 591/32/6241 587/32/6241
f 2614/32/1458 2617/32/1458 588/32/1458 592/32/1458
f 2618/69/9431 2619/89/9432 365/89/9433 1009/69/9431
f 2619/89/9434 2618/69/9435 1010/69/9435 366/89/9436
f 2619/89/9437 2620/69/9438 1011/69/9438 365/89/9439
f 2620/69/9440 2619/89/9441 366/89/9442 1012/69/9440
f 2620/69/4737 2618/69/4737 1009/69/4737 1011/69/4737
f 2618/69/4739 2620/69/4739 1012/69/4739 1010/69/4739
f 2621/63/9443 2622/61/9444 1013/61/9444 909/63/9445
f 2622/61/9446 2621/63/9447 910/63/9448 1014/61/9446
f 2622/61/9449 2623/62/9450 907/62/9451 1013/61/9449
f 2623/62/9452 2622/61/9453 1014/61/9453 908/62/9454
f 2623/62/9455 2621/63/9456 909/63/9457 907/62/9458
f 2621/63/9459 2623/62/9460 908/62/9461 910/63/9462
f 2624/63/9463 2625/67/9464 1015/67/9464 909/63/9465
f 2625/67/9466 2624/63/9467 910/63/9468 1016/67/9466
f 2625/67/240 2626/61/240 1013/61/240 1015/67/240
f 2626/61/239 2625/67/239 1016/67/239 1014/61/239
f 2626/61/9469 2624/63/9470 909/63/9471 1013/61/9469
f 2624/63/9472 2626/61/9473 1014/61/9473 910/63/9474
f 2627/37/9475 2628/67/9476 1015/67/9476 911/37/9477
f 2628/67/9478 2627/37/9479 912/37/9480 1016/67/9478
f 2628/67/9481 2629/63/9482 909/63/9483 1015/67/9481
f 2629/63/9484 2628/67/9485 1016/67/9485 910/63/9486
f 2629/63/9487 2627/37/9488 911/37/9489 909/63/9490
f 2627/37/9491 2629/63/9492 910/63/9493 912/37/9494
f 2630/67/9495 2631/37/9496 911/37/9497 1015/67/9495
f 2631/37/9498 2630/67/9499 1016/67/9499 912/37/9500
f 2631/37/9501 2632/64/9502 913/64/9503 911/37/9504
f 2632/64/9505 2631/37/9506 912/37/9507 914/64/9508
f 2632/64/9509 2630/67/9510 1015/67/9510 913/64/9511
f 2630/67/9512 2632/64/9513 914/64/9514 1016/67/9512
f 2633/64/9515 2634/66/9516 1017/66/9516 913/64/9517
f 2634/66/9518 2633/64/9519 914/64/9520 1018/66/9518
f 2634/66/182 2635/67/182 1015/67/182 1017/66/182
f 2635/67/181 2634/66/181 1018/66/181 1016/67/181
f 2635/67/9521 2633/64/9522 913/64/9523 1015/67/9521
f 2633/64/9524 2635/67/9525 1016/67/9525 914/64/9526
f 2636/66/9527 2637/64/9528 913/64/9529 1017/66/9527
f 2637/64/9530 2636/66/9531 1018/66/9531 914/64/9532
f 2637/64/9533 2638/65/9534 915/65/9535 913/64/9536
f 2638/65/9537 2637/64/9538 914/64/9539 916/65/9540
f 2638/65/9541 2636/66/9542 1017/66/9542 915/65/9543
f 2636/66/9544 2638/65/9545 916/65/9546 1018/66/9544
f 2639/64/9547 2640/69/9548 1021/69/9548 349/64/9549
f 2640/69/9550 2639/64/9551 350/64/9552 1022/69/9550
f 2640/69/9553 2641/123/9553 1019/123/9553 1021/69/9553
f 2641/123/9554 2640/69/9554 1022/69/9554 1020/123/9554
f 2641/123/9555 2642/120/9556 457/120/9557 1019/123/9555
f 2642/120/9558 2641/123/9559 1020/123/9559 458/120/9560
f 2642/120/9561 2639/64/9562 349/64/9563 457/120/9564
f 2639/64/9565 2642/120/9566 458/120/9567 350/64/9568
f 2643/119/9569 2644/120/9570 457/120/9571 455/119/9572
f 2644/120/9573 2643/119/9574 456/119/9575 458/120/9576
f 2644/120/9577 2645/122/9578 461/122/9578 457/120/9579
f 2645/122/9580 2644/120/9581 458/120/9582 462/122/9580
f 2645/122/9583 2643/119/9584 455/119/9585 461/122/9583
f 2643/119/9586 2645/122/9587 462/122/9587 456/119/9588
f 2646/120/9589 2647/123/9590 1019/123/9590 457/120/9591
f 2647/123/9592 2646/120/9593 458/120/9594 1020/123/9592
f 2647/123/9595 2648/122/9595 461/122/9595 1019/123/9595
f 2648/122/9596 2647/123/9596 1020/123/9596 462/122/9596
f 2648/122/9597 2646/120/9598 457/120/9599 461/122/9597
f 2646/120/9600 2648/122/9601 462/122/9601 458/120/9602
f 2649/133/4739 2650/134/4739 781/134/4739 779/133/4739
f 2650/134/4740 2649/133/4740 780/133/4740 782/134/4740
f 2650/134/9603 2651/63/9603 689/63/9603 781/134/9603
f 2651/63/9604 2650/134/9604 782/134/9604 690/63/9604
f 2651/63/9605 2652/64/9605 259/64/9605 689/63/9605
f 2652/64/9606 2651/63/9606 690/63/9606 260/64/9606
f 2652/64/9607 2649/133/9607 779/133/9607 259/64/9607
f 2649/133/9608 2652/64/9608 260/64/9608 780/133/9608
f 2653/37/9609 2654/63/9610 537/63/9611 539/37/9612
f 2654/63/9613 2653/37/9614 540/37/9615 538/63/9616
f 2654/63/9617 2655/68/9618 533/68/9619 537/63/9620
f 2655/68/9621 2654/63/9622 538/63/9623 534/68/9624
f 2655/68/9625 2656/34/9626 491/34/9627 533/68/9628
f 2656/34/9629 2655/68/9630 534/68/9631 492/34/9632
f 2656/34/9633 2653/37/9634 539/37/9635 491/34/9636
f 2653/37/9637 2656/34/9638 492/34/9639 540/37/9640
